-- phpMyAdmin SQL Dump
-- version 4.5.2
-- http://www.phpmyadmin.net
--
-- Host: 127.0.0.1
-- Generation Time: May 28, 2019 at 03:52 AM
-- Server version: 5.7.9
-- PHP Version: 5.6.16

SET SQL_MODE = "NO_AUTO_VALUE_ON_ZERO";
SET time_zone = "+00:00";


/*!40101 SET @OLD_CHARACTER_SET_CLIENT=@@CHARACTER_SET_CLIENT */;
/*!40101 SET @OLD_CHARACTER_SET_RESULTS=@@CHARACTER_SET_RESULTS */;
/*!40101 SET @OLD_COLLATION_CONNECTION=@@COLLATION_CONNECTION */;
/*!40101 SET NAMES utf8mb4 */;

--
-- Database: `parivar_adviser`
--

-- --------------------------------------------------------

--
-- Table structure for table `admin_user`
--

DROP TABLE IF EXISTS `admin_user`;
CREATE TABLE IF NOT EXISTS `admin_user` (
  `admin_user_id` int(11) NOT NULL AUTO_INCREMENT,
  `r_id` int(11) NOT NULL COMMENT 'refernce for roles table',
  `customer_id` int(11) NOT NULL COMMENT 'reference for customer id',
  `admin_user_firstname` varchar(200) DEFAULT NULL,
  `admin_user_lastname` varchar(200) DEFAULT NULL,
  `admin_user_emailid` varchar(200) DEFAULT NULL,
  `admin_profile_image` mediumtext,
  `admin_user_phone_no` varchar(20) DEFAULT NULL,
  `admin_user_password` varchar(200) DEFAULT NULL,
  `is_login` tinyint(1) NOT NULL DEFAULT '1' COMMENT '1: Admin/EMI Operator, 2: Customer/Agent',
  `admin_user_salt` varchar(200) DEFAULT NULL,
  `admin_user_status` tinyint(11) DEFAULT '0',
  `admin_lock_date` datetime NOT NULL DEFAULT '1970-01-01 00:00:00' COMMENT 'End date ftom admin login',
  `admin_user_created_date` timestamp NOT NULL DEFAULT CURRENT_TIMESTAMP,
  `admin_user_modified_date` timestamp NOT NULL DEFAULT CURRENT_TIMESTAMP,
  PRIMARY KEY (`admin_user_id`)
) ENGINE=InnoDB AUTO_INCREMENT=369 DEFAULT CHARSET=utf8;

--
-- Dumping data for table `admin_user`
--

INSERT INTO `admin_user` (`admin_user_id`, `r_id`, `customer_id`, `admin_user_firstname`, `admin_user_lastname`, `admin_user_emailid`, `admin_profile_image`, `admin_user_phone_no`, `admin_user_password`, `is_login`, `admin_user_salt`, `admin_user_status`, `admin_lock_date`, `admin_user_created_date`, `admin_user_modified_date`) VALUES
(1, 1, 0, 'Gautam', 'Kakadiya', 'gautam@gmail.com', 'assets/profileImage/123953112_1.jpg', '942885', '0487cc982f7db39c51695026e4bdc692', 1, NULL, 1, '2018-09-14 00:00:00', '2017-08-30 05:27:22', '2018-09-14 03:28:49'),
(2, 1, 0, 'Suresh', '-', 'suresh@gmail.com', 'assets/profileImage/123953112_11.jpg', '123456', '125a77f1085bf9c374f91aee6912863c', 1, NULL, 1, '2018-09-14 00:00:00', '2017-08-30 05:27:22', '2018-09-14 03:30:13'),
(112, 1, 0, 'Rakesh', 'patel', 'rakesh@gmail.com', NULL, '8487028568', 'c206f43d9a025975096c5bcd475cce42', 1, NULL, 1, '1970-01-01 00:00:00', '2018-10-30 00:37:29', '2018-10-31 00:46:54'),
(113, 3, 0, 'umesh', 'kaklotar', 'umesh1@gmail.com', NULL, '9033920769', '0487cc982f7db39c51695026e4bdc692', 1, NULL, 1, '1970-01-01 00:00:00', '2018-10-31 00:47:53', '2018-10-31 00:47:53'),
(114, 2, 0, 'nilesh', 'kaklotar', 'emi@gmail.com', NULL, '9033920769', 'e10adc3949ba59abbe56e057f20f883e', 1, NULL, 1, '1970-01-01 00:00:00', '2018-10-31 00:48:57', '2018-10-31 00:48:57'),
(115, 3, 1, 'gordhanbhai', 'kaklotar', 'gordhan1@gmail.com', NULL, '9825818926', '7c4bb88b232d054d54713ce22dbc6dab', 2, NULL, 1, '1970-01-01 00:00:00', '2018-10-31 00:52:54', '2018-10-31 00:52:54'),
(116, 3, 2, 'rakesh', 'kaklotar', 'r.kaklotar1@gmail.com', NULL, '8487028568', '67a05e3822ce48a6386746388e6c81f5', 2, NULL, 1, '1970-01-01 00:00:00', '2018-10-31 00:56:45', '2018-10-31 00:56:45'),
(117, 3, 3, 'rahul', 'KAKLOTAR', 'rahul.kaklotar11@gmail.com', NULL, '8141069202', '439ed537979d8e831561964dbbbd7413', 2, NULL, 1, '1970-01-01 00:00:00', '2018-10-31 00:59:49', '2018-10-31 00:59:49'),
(118, 3, 4, 'nilam', 'maurya', 'nilam1@gmail.com', NULL, '9067573434', 'f4bb63f4e4743e070ee2f562e3cad826', 2, NULL, 1, '1970-01-01 00:00:00', '2018-10-31 01:04:49', '2018-10-31 01:04:49'),
(119, 3, 5, 'naresh', 'devganiya', 'narayandevganiya80@gmail.com', NULL, '8980407840', '7cb4ffbb2635356600af00166decc350', 2, NULL, 1, '1970-01-01 00:00:00', '2018-10-31 03:34:41', '2018-10-31 03:34:41'),
(121, 3, 7, 'amitkumar', 'prajapati', 'amitprajapati27@gmail.com', NULL, '9429916384', '5eff1af3bd11e2d001a3593a09991f07', 2, NULL, 1, '1970-01-01 00:00:00', '2018-11-04 00:26:17', '2018-11-04 00:26:17'),
(122, 3, 8, 'ashutosh', 'prajapati', 'ashutoshprajapati3252@gmail.com', NULL, '9106573874', '87f5ce84d66c6ca661f614213858b0b4', 2, NULL, 1, '1970-01-01 00:00:00', '2018-11-04 00:29:48', '2018-11-04 00:29:48'),
(123, 3, 9, 'lalmohar', 'prajapati', 'lalmohar1@gmail.com', NULL, '8530330138', '8cea0e444c6d18db25d248a63fbeb1db', 2, NULL, 1, '1970-01-01 00:00:00', '2018-11-04 00:33:39', '2018-11-04 00:33:39'),
(124, 3, 10, 'shivshankar', 'maurya', 'shiv@gmail.com', NULL, '8866622143', 'fcb16ce75c1c76dbbfe08d4468a16035', 2, NULL, 1, '1970-01-01 00:00:00', '2018-11-05 23:49:31', '2018-11-05 23:49:31'),
(125, 3, 11, 'nakhadu', 'maurya', 'shiv1@gmail.com', NULL, '9974453604', '7e5764136d18fbc32972da6fc7ca6752', 2, NULL, 1, '1970-01-01 00:00:00', '2018-11-05 23:55:04', '2018-11-05 23:55:04'),
(126, 3, 12, 'loknath', 'prajapati', 'lonkanath@gmail.com', NULL, '8690668841', '727b8b8a7274be87cfadb7e641147398', 2, NULL, 1, '1970-01-01 00:00:00', '2018-12-01 08:03:27', '2018-12-01 08:03:27'),
(127, 3, 13, 'shivkumar', 'maurya', 'shivkumar@gmail.com', NULL, '9067573434', '37dfd2fdef4928621d79ff41437fb7d1', 2, NULL, 1, '1970-01-01 00:00:00', '2018-12-01 08:06:59', '2018-12-01 08:06:59'),
(128, 3, 14, 'brindanand', 'maurya', 'shivkumar1@gmail.com', NULL, '9998981627', 'caeaf27c04f0d5aaa440ac274b6a3c8e', 2, NULL, 1, '1970-01-01 00:00:00', '2018-12-01 08:10:06', '2018-12-01 08:10:06'),
(129, 3, 15, 'rutiksh', 'prajapati', 'rutiksha.prajapati11@gmail.com', NULL, '8141069202', '377f6a79925c4376f1dadc6ac369413f', 2, NULL, 1, '1970-01-01 00:00:00', '2018-12-01 08:26:34', '2018-12-01 08:26:34'),
(130, 3, 16, 'sajna', 'kaklotar', 'sajna1kaklotar@gmail.com', NULL, '7624045001', 'e500c13b5641646ece0de146dec42bb3', 2, NULL, 1, '1970-01-01 00:00:00', '2018-12-26 23:49:09', '2018-12-26 23:49:09'),
(131, 3, 17, 'vijay', 'patel', 'vp24027@gmail.com', NULL, '8401428179', '4f9fecabbd77fba02d2497f880f44e6f', 2, NULL, 1, '1970-01-01 00:00:00', '2018-12-26 23:52:23', '2018-12-26 23:52:23'),
(132, 3, 18, 'Lalji bhai', 'y', 'lalji@gmail.com', NULL, '9173381714', '601cec85f7675b9aa188b24cb845aa70', 2, NULL, 1, '1970-01-01 00:00:00', '2018-12-27 07:19:49', '2018-12-27 07:19:49'),
(133, 3, 19, 'Arun kumar', 'singh', 'Arunkumar@gmail.com', NULL, '9624529714', '19e525f837d58b97209edb451a06d828', 2, NULL, 1, '1970-01-01 00:00:00', '2018-12-27 07:27:06', '2018-12-27 07:27:06'),
(134, 3, 20, 'Krishnadev', 'Mahato', 'Krishnadev@gmail.com', NULL, '9173917635', '86fcef82e4e55749336da8634a4497f5', 2, NULL, 1, '1970-01-01 00:00:00', '2018-12-27 07:41:40', '2018-12-27 07:41:40'),
(135, 3, 21, 'Mata', 'Kevat', 'Mataprasad@gmail.com', NULL, '7860469392', '357742da3f7a2fcec0fcffa840db38ce', 2, NULL, 1, '1970-01-01 00:00:00', '2018-12-27 07:46:44', '2018-12-27 07:46:44'),
(136, 3, 22, 'Dharmendr Kumar', 'Sharma', 'dharmendr@gmail.com', NULL, '7414963994', 'b2342f9290e789990c86658481126925', 2, NULL, 1, '1970-01-01 00:00:00', '2018-12-28 07:11:43', '2018-12-28 07:11:43'),
(137, 3, 23, 'Anjudavi', 'Sharma', 'anju@gmail.com', NULL, '9409864032', 'de5d29ea0c69cd980157e8c2b8ec6b4d', 2, NULL, 1, '1970-01-01 00:00:00', '2018-12-28 07:17:40', '2018-12-28 07:17:40'),
(138, 3, 24, 'Javahar', 'Maurya', 'javahar@gmail.com', NULL, '8400363749', '0306770dbf94749960ddefc7e0c89a50', 2, NULL, 1, '1970-01-01 00:00:00', '2018-12-28 07:24:12', '2018-12-28 07:24:12'),
(139, 3, 25, 'Moti Lal', 'maurya', 'moti@gmail.com', NULL, '8401282812', '15a022f6949b3b6a223f9b2890e3e358', 2, NULL, 1, '1970-01-01 00:00:00', '2018-12-28 07:29:30', '2018-12-28 07:29:30'),
(140, 3, 26, 'Ramdhani', 'Maurya', 'ramdhani@gmail.com', NULL, '8401645184', 'a6c753033eeefdb820dfe241ee7f01b5', 2, NULL, 1, '1970-01-01 00:00:00', '2018-12-28 07:36:27', '2018-12-28 07:36:27'),
(141, 3, 27, 'Ashaben', 'Dhakate', 'ashaben@gmail.com', NULL, '9033427631', 'f77bb3ed15995bc297483a0a147b4d1c', 2, NULL, 1, '1970-01-01 00:00:00', '2018-12-28 07:44:12', '2018-12-28 07:44:12'),
(142, 3, 28, 'Gitaben', 'Dhakate', 'gitaben@gmail.com', NULL, '9724570935', '70cab10c5e14602a61f30363b7d37746', 2, NULL, 1, '1970-01-01 00:00:00', '2018-12-28 07:49:21', '2018-12-28 07:49:21'),
(143, 3, 29, 'Dharmik', '1', 'dharmik@gmail.com', NULL, '7874118523', '17ca8bb0a09bf405c6312fea411d2b57', 2, NULL, 1, '1970-01-01 00:00:00', '2018-12-28 07:55:50', '2018-12-28 07:55:50'),
(144, 3, 30, 'Vaishali', 'Davikar', 'vaishali@gmail.com', NULL, '7874118523', '7c6925112908cd8a067056fd705c4249', 2, NULL, 1, '1970-01-01 00:00:00', '2018-12-28 08:03:16', '2018-12-28 08:03:16'),
(145, 3, 31, 'Shilaben', '1', 'shilaben@gmail.com', NULL, '8347288520', 'f7b9223a7dfe5a678467237f5d5e8d42', 2, NULL, 1, '1970-01-01 00:00:00', '2018-12-29 04:00:05', '2018-12-29 04:00:05'),
(146, 3, 32, 'Shivrajbhai', '1', 'shivraj@gmail.com', NULL, '9795352433', '54279f988f2402a1361445907300232a', 2, NULL, 1, '1970-01-01 00:00:00', '2018-12-29 04:10:13', '2018-12-29 04:10:13'),
(147, 3, 33, 'Sanjay', '1', 'sanjay@gmail.com', NULL, '9662482922', '0d2616237a7f0ce9ae9e1c5d9b55fa21', 2, NULL, 1, '1970-01-01 00:00:00', '2018-12-29 04:15:00', '2018-12-29 04:15:00'),
(148, 3, 34, 'Bablubhai', 'Rajbhar', 'bablubhai@gmail.com', NULL, '9157632623', '3b2e08c3bcc05db88da2a80037cb3614', 2, NULL, 1, '1970-01-01 00:00:00', '2018-12-29 04:22:23', '2018-12-29 04:22:23'),
(149, 3, 35, 'Barshi', 'Limje', 'barshidavi@gmail.com', NULL, '9067573434', 'ba9c2365415eed4e0b644c2a7b6433fd', 2, NULL, 1, '1970-01-01 00:00:00', '2018-12-29 04:33:41', '2018-12-29 04:33:41'),
(150, 3, 36, 'Raj', 'Sharma', 'raj@gmail.com', NULL, '7574968075', 'e5742872ff127331b384ddfa6cd30b50', 2, NULL, 1, '1970-01-01 00:00:00', '2018-12-29 04:39:04', '2018-12-29 04:39:04'),
(151, 3, 37, 'Navalkishor', 'shah', 'navalkishor@gmail.com', NULL, '9714498402', '4f89812142a0ec7b432c533566cd007b', 2, NULL, 1, '1970-01-01 00:00:00', '2018-12-29 04:44:59', '2018-12-29 04:44:59'),
(152, 3, 38, 'Sanjay', '1', 'sanjaykumar@gmail.com', NULL, '8511208352', '0d2616237a7f0ce9ae9e1c5d9b55fa21', 2, NULL, 1, '1970-01-01 00:00:00', '2018-12-29 04:58:46', '2018-12-29 04:58:46'),
(153, 3, 39, 'Nikas', 'Singh', 'nikas@gmail.com', NULL, '8511893409', '2aed41e3b262bcaf7a58e1ab2a7ba4e1', 2, NULL, 1, '1970-01-01 00:00:00', '2018-12-29 05:06:57', '2018-12-29 05:06:57'),
(154, 3, 40, 'Ramcharan', '1', 'ramcharan@gmail.com', NULL, '9793881144', 'df37b4e2d6363bde31500227719ec835', 2, NULL, 1, '1970-01-01 00:00:00', '2018-12-29 05:16:26', '2018-12-29 05:16:26'),
(155, 3, 41, 'Govind', 'Yadav', 'goving@gmail.com', NULL, '8758836168', 'd3a3b755ce5ac605819325cbb5705dd8', 2, NULL, 1, '1970-01-01 00:00:00', '2018-12-29 05:22:29', '2018-12-29 05:22:29'),
(156, 3, 42, 'Nanhelal', 'Prajapati', 'nanhelal@gmail.com', NULL, '7041479030', '462076aaf88da6519d11e81bf1c86ef4', 2, NULL, 1, '1970-01-01 00:00:00', '2018-12-29 05:31:54', '2018-12-29 05:31:54'),
(157, 3, 43, 'Vishram', '1', 'vishram@gmail.com', NULL, '9157822191', '6a16094cd85992c9ec50a8bc62a8ae2a', 2, NULL, 1, '1970-01-01 00:00:00', '2018-12-29 05:41:17', '2018-12-29 05:41:17'),
(158, 3, 44, 'Mahendra', 'maurya', 'mahendra@gmail.com', NULL, '8264145558', '381629d1ab57a7477c1afd914227f200', 2, NULL, 1, '1970-01-01 00:00:00', '2018-12-29 05:49:25', '2018-12-29 05:49:25'),
(159, 3, 45, 'Girja sankar', 'Yadav', 'girjasankar@gmail.com', NULL, '6351329131', '9ba5db80ae48bc75734be0c3557e533a', 2, NULL, 1, '1970-01-01 00:00:00', '2018-12-29 05:53:57', '2018-12-29 05:53:57'),
(160, 3, 46, 'Lalti', 'Maurya', 'lalti@gmail.com', NULL, '9909274198', 'ae5be276dafe0a05e84ef20c76749560', 2, NULL, 1, '1970-01-01 00:00:00', '2018-12-29 06:02:25', '2018-12-29 06:02:25'),
(161, 3, 47, 'Shobha davi', 'maurya', 'shobhadav@gmail.com', NULL, '9998981627', '1c7f7874bea1cfd2235cf0103bd57a6e', 2, NULL, 1, '1970-01-01 00:00:00', '2018-12-29 06:10:45', '2018-12-29 06:10:45'),
(162, 3, 48, 'Shyamghar', 'Varma', 'shyamghar@gmail.com', NULL, '8401090074', '22e802eb322e42663a2fbb7d85ae7368', 2, NULL, 1, '1970-01-01 00:00:00', '2018-12-29 06:15:15', '2018-12-29 06:15:15'),
(166, 3, 52, 'Rushikumari', 'Chohan', 'rushi@gmail.com', NULL, '9265637785', 'ff7e05eaa555e913d4f3c8dd48e86338', 2, NULL, 1, '1970-01-01 00:00:00', '2018-12-29 06:43:37', '2018-12-29 06:43:37'),
(167, 3, 53, 'Rajnesh', 'Bind', 'rajnesh@gmail.com', NULL, '6358209453', '4e60aae20ad9a85326bf916f826d920f', 2, NULL, 1, '1970-01-01 00:00:00', '2018-12-29 06:51:29', '2018-12-29 06:51:29'),
(168, 3, 54, 'Dhananjay', 'Ray', 'dhananjay@gmail.com', NULL, '9662687588', '3d679b1145846ecc0d18e7e0b190a680', 2, NULL, 1, '1970-01-01 00:00:00', '2018-12-29 06:56:05', '2018-12-29 06:56:05'),
(169, 3, 55, 'Dhanmante', 'Chodhari', 'dhanmante@gmail.com', NULL, '8460915217', 'b2c594e548e07d99535b0c8878bfcb58', 2, NULL, 1, '1970-01-01 00:00:00', '2018-12-29 07:02:47', '2018-12-29 07:02:47'),
(170, 3, 56, 'Monidavi', 'Sharma', 'monidavi@gmail.com', NULL, '7874864216', 'e2ab0c7719a49a08baed855e4ecf412a', 2, NULL, 1, '1970-01-01 00:00:00', '2018-12-29 07:09:50', '2018-12-29 07:09:50'),
(171, 3, 57, 'Rita', '1', 'rita@gmail.com', NULL, '9664971975', 'be1ae2eeeca8fb8302aed56fb0a6019d', 2, NULL, 1, '1970-01-01 00:00:00', '2018-12-29 07:14:40', '2018-12-29 07:14:40'),
(172, 3, 58, 'Rajnesh', '1', 'rajneshkumar@gmail.com', NULL, '8460345185', '4e60aae20ad9a85326bf916f826d920f', 2, NULL, 1, '1970-01-01 00:00:00', '2018-12-29 07:21:44', '2018-12-29 07:21:44'),
(173, 3, 59, 'dilip', 'vema', 'dv01031983@mail.com', NULL, '9898774296', '7112f39dfcf02fb8d032a18945479ac2', 2, NULL, 1, '1970-01-01 00:00:00', '2018-12-29 09:46:39', '2018-12-29 09:46:39'),
(174, 3, 60, 'ankita', 'varma', 'av161089@gmail.com', NULL, '8401158242', 'de5b5bf65ba66517f9b70b1443d2102d', 2, NULL, 1, '1970-01-01 00:00:00', '2018-12-29 09:51:22', '2018-12-29 09:51:22'),
(175, 3, 61, 'deepak', 'sharma', 'deepaksharma91126@gmail.com', NULL, '8401158242', '498b5924adc469aa7b660f457e0fc7e5', 2, NULL, 1, '1970-01-01 00:00:00', '2018-12-30 02:25:51', '2018-12-30 02:25:51'),
(176, 3, 62, 'Surendr', 'Mahto', 'surendr@gmail.co', NULL, '9624529714', '64ef13877442a5720ef35db5e2e17674', 2, NULL, 1, '1970-01-01 00:00:00', '2018-12-31 00:35:03', '2018-12-31 00:35:03'),
(177, 3, 63, 'Ajay', '1', 'ajay@gmail.com', NULL, '9104503151', 'f2b4ffb1fce6be175baac966150f9390', 2, NULL, 1, '1970-01-01 00:00:00', '2018-12-31 03:23:06', '2018-12-31 03:23:06'),
(178, 3, 64, 'Puchpa', '1', 'puchpa@gmail.com', NULL, '9104503151', '021607bd32e2435508553d15763765df', 2, NULL, 1, '1970-01-01 00:00:00', '2018-12-31 03:28:16', '2018-12-31 03:28:16'),
(179, 3, 65, 'Raju', '1', 'raju@gmail.com', NULL, '9974456280', '0de99dbac6f301dcadeb24ae57d976c7', 2, NULL, 1, '1970-01-01 00:00:00', '2018-12-31 03:31:10', '2018-12-31 03:31:10'),
(180, 3, 66, 'Mahesh', '1', 'mahesh@gmail.com', NULL, '8383089682', '3838573546a6df0f420ef4df425894e5', 2, NULL, 1, '1970-01-01 00:00:00', '2018-12-31 03:33:50', '2018-12-31 03:33:50'),
(181, 3, 67, 'Kavita', '1', 'kavita@gmail.com', NULL, '8383089682', 'bfb4f732427618d7894e1f24d931272a', 2, NULL, 1, '1970-01-01 00:00:00', '2018-12-31 03:35:53', '2018-12-31 03:35:53'),
(182, 3, 68, 'Ganga', 'Maheto', 'ganga@gmail.com', NULL, '7878202032', '910ab001c3c403aa74cd3b03fa00878c', 2, NULL, 1, '1970-01-01 00:00:00', '2018-12-31 03:38:38', '2018-12-31 03:38:38'),
(183, 3, 69, 'Niraj', 'Singh', 'niraj@gmail.com', NULL, '9724434159', 'fcd14aad6e4d958517bd622e86d82c21', 2, NULL, 1, '1970-01-01 00:00:00', '2018-12-31 03:49:00', '2018-12-31 03:49:00'),
(184, 3, 70, 'Simadavi', 'Kanojiya', 'sima@gmail.com', NULL, '8733882850', '23bd0f7a8abecee7340be17de0bbfdb7', 2, NULL, 1, '1970-01-01 00:00:00', '2018-12-31 03:53:33', '2018-12-31 03:53:33'),
(185, 3, 71, 'Santlal', 'Bind', 'santlal@gmail.com', NULL, '9558792214', '111b12f01364093d011d6bda11f80b6c', 2, NULL, 1, '1970-01-01 00:00:00', '2018-12-31 04:07:27', '2018-12-31 04:07:27'),
(186, 3, 72, 'Patar', 'bind', 'patar@gmail.com', NULL, '7486803106', '6696c749dcbc05a06471195e8af81740', 2, NULL, 1, '1970-01-01 00:00:00', '2018-12-31 04:15:12', '2018-12-31 04:15:12'),
(187, 3, 73, 'Saghu', 'Bind', 'saghu@gmail.com', NULL, '7486803106', 'cc6974ee6dfa10167b486be4efc47f07', 2, NULL, 1, '1970-01-01 00:00:00', '2018-12-31 06:25:07', '2018-12-31 06:25:07'),
(188, 3, 74, 'Prakashbhai', 'Borisa', 'prakash@gmail.com', NULL, '9825571631', '994a41fcafa75083d034186e9686ef40', 2, NULL, 1, '1970-01-01 00:00:00', '2018-12-31 07:15:54', '2018-12-31 07:15:54'),
(189, 3, 75, 'Vijaykumar', 'Prasad', 'vijaykumar@gmail.com', NULL, '9723037456', '3f7e7d7d9e5e5455bf0c28bd5e06be95', 2, NULL, 1, '1970-01-01 00:00:00', '2019-01-03 09:01:14', '2019-01-03 09:01:14'),
(190, 3, 76, 'Ramchandr', 'Bind', 'ramchandr@gmail.com', NULL, '7486803106', '4a9a4531e6d3cfb84eba74fccc18935f', 2, NULL, 1, '1970-01-01 00:00:00', '2019-01-04 02:06:51', '2019-01-04 02:06:51'),
(191, 3, 77, 'Mohan', 'Za', 'mohan@gmail.com', NULL, '955823325', '381f5a0343d2a1109a42ae73f6f81c41', 2, NULL, 1, '1970-01-01 00:00:00', '2019-01-04 02:10:26', '2019-01-04 02:10:26'),
(192, 3, 78, 'Karuna', 'Koli', 'karuna@gmail.com', NULL, '9930877789', 'f4acdd0e41c6c487c34633c106f0385b', 2, NULL, 1, '1970-01-01 00:00:00', '2019-01-04 02:16:26', '2019-01-04 02:16:26'),
(193, 3, 79, 'Valjibhai', 'Kanadiya', 'valjibhai@gmail.com', NULL, '7302434320', '52b754bf8f9032340ff7ef438699e798', 2, NULL, 1, '1970-01-01 00:00:00', '2019-01-04 02:23:06', '2019-01-04 02:23:06'),
(194, 3, 80, 'Anil', 'Saroj', 'anil@gmail.com', NULL, '7658350543', '91ad7fafe8e9fff76c5e4ed3279c205d', 2, NULL, 1, '1970-01-01 00:00:00', '2019-01-04 02:29:55', '2019-01-04 02:29:55'),
(195, 3, 81, 'Chandan', 'Saroj', 'chandan@gmail.com', NULL, '8128633515', '9957f8eb0e2f7a66148267b50ec4a2e9', 2, NULL, 1, '1970-01-01 00:00:00', '2019-01-04 02:34:54', '2019-01-04 02:34:54'),
(196, 3, 82, 'Chandan', 'Saroj', 'chandan1@gmail.com', NULL, '8128633515', '9957f8eb0e2f7a66148267b50ec4a2e9', 2, NULL, 1, '1970-01-01 00:00:00', '2019-01-04 02:39:21', '2019-01-04 02:39:21'),
(197, 3, 83, 'Manoj', 'Saroj', 'manoj@gmail.com', NULL, '9106588872', '00b362cc3e04a68670f22cedb8ef3d4f', 2, NULL, 1, '1970-01-01 00:00:00', '2019-01-04 02:44:31', '2019-01-04 02:44:31'),
(199, 3, 85, 'Maheshkumar', '1', 'mahesh1@gmail.com', NULL, '9558158574', '5ccd077e6db5aa57e4a99d988ae7661a', 2, NULL, 1, '1970-01-01 00:00:00', '2019-01-04 03:16:29', '2019-01-04 03:16:29'),
(200, 3, 86, 'Santosh', 'singh', 'santosh@gmail.com', NULL, '7226021445', '13d9c285464523f5b92aec8193aee448', 2, NULL, 1, '1970-01-01 00:00:00', '2019-01-04 03:19:32', '2019-01-04 03:19:32'),
(201, 3, 87, 'Ratnesh', '1', 'ratnesh@gmai.lcom', NULL, '9725679718', '72bf67dd37e7f0ffe4d13bdc6ef6886d', 2, NULL, 1, '1970-01-01 00:00:00', '2019-01-04 03:26:04', '2019-01-04 03:26:04'),
(202, 3, 88, 'Madan', 'Bind', 'madan@gmail.com', NULL, '6352809484', '611a0a44d1e20fe946ba84e980a694fa', 2, NULL, 1, '1970-01-01 00:00:00', '2019-01-04 03:29:49', '2019-01-04 03:29:49'),
(203, 3, 89, 'Vikas', '1', 'vikas@gmail.com', NULL, '6355416574', '400cd5bb4f6e6d54b72d8a04b67823e0', 2, NULL, 1, '1970-01-01 00:00:00', '2019-01-04 03:38:27', '2019-01-04 03:38:27'),
(204, 3, 90, 'Shubedar', 'Bind', 'shubedar@gmail.com', NULL, '9173089204', '6d40ac9dea0f8e929846f31b199789ff', 2, NULL, 1, '1970-01-01 00:00:00', '2019-01-04 03:40:48', '2019-01-04 03:40:48'),
(205, 3, 91, 'Shivlal', 'Bind', 'shivlal@gmail.com', NULL, '9173890718', '23b06fe98fa80ca97c34d360613f2366', 2, NULL, 1, '1970-01-01 00:00:00', '2019-01-04 03:44:47', '2019-01-04 03:44:47'),
(206, 3, 92, 'Swapnaben', 'Biswas', 'probirbiswas6269@gmail.com', NULL, '7486970243', '9be3008f685af2a5421662b9278d798b', 2, NULL, 1, '1970-01-01 00:00:00', '2019-01-04 06:18:04', '2019-01-04 06:18:04'),
(207, 3, 93, 'Probir', 'Biswas', 'prabir9879@gmail.com', NULL, '7486970243', 'c8c39eb638330c8c7004fcb09865165d', 2, NULL, 1, '1970-01-01 00:00:00', '2019-01-04 06:40:17', '2019-01-04 06:40:17'),
(208, 3, 94, 'Pavankumar', 'Tiwari', 'pavan@gmail.com', NULL, '8128840941', 'b542a8fad7f76732adb2a4406f9a2e5a', 2, NULL, 1, '1970-01-01 00:00:00', '2019-01-07 03:26:18', '2019-01-07 03:26:18'),
(209, 3, 95, 'Gulabchanra', 'Tiwari', 'gulabchanra@gmail.com', NULL, '8128840941', '879e27d11bc8bc47d429ecb2256f761d', 2, NULL, 1, '1970-01-01 00:00:00', '2019-01-07 03:32:13', '2019-01-07 03:32:13'),
(210, 3, 96, 'Sitadavi', 'Sonkar', 'sita@gmail.com', NULL, '7435073006', 'c44ae74d62bc399633c2a52b7a1e5b65', 2, NULL, 1, '1970-01-01 00:00:00', '2019-01-07 03:38:00', '2019-01-07 03:38:00'),
(211, 3, 97, 'Chyamu', 'Sonkar', 'chyamu@gmail.com', NULL, '8469395960', 'c236a96ef56de96aafae4547c44a1c8d', 2, NULL, 1, '1970-01-01 00:00:00', '2019-01-07 03:42:22', '2019-01-07 03:42:22'),
(212, 3, 98, 'Rakeshbhai', 'Sonkar', 'rakesh@gmail.com', NULL, '9737662675', 'c6ac0a35f0a960ce1b408d6a30ff8493', 2, NULL, 1, '1970-01-01 00:00:00', '2019-01-07 03:47:10', '2019-01-07 03:47:10'),
(213, 3, 99, 'Kuldip', 'Sonkar', 'kuldip@gmail.com', NULL, '7435073006', 'f30369fd16bbf1cbeb93949cdc2bafa8', 2, NULL, 1, '1970-01-01 00:00:00', '2019-01-07 03:50:56', '2019-01-07 03:50:56'),
(214, 3, 100, 'Sanu', 'Sonkar', 'sanu@gail.com', NULL, '9737662675', 'b834489b2eb09b97ef73cd3b00513fe7', 2, NULL, 1, '1970-01-01 00:00:00', '2019-01-07 03:55:17', '2019-01-07 03:55:17'),
(215, 3, 101, 'Prema', 'Sonkar', 'prema@gmail.com', NULL, '8511506230', '92cfc7fd3e6dca870612deb9fbb8733b', 2, NULL, 1, '1970-01-01 00:00:00', '2019-01-07 03:59:57', '2019-01-07 03:59:57'),
(216, 3, 102, 'Mahendr', 'Sonkar', 'mahendr@gmail.com', NULL, '8690349177', '0d14c06f3ff87b3881d693ba89661a10', 2, NULL, 1, '1970-01-01 00:00:00', '2019-01-07 04:03:44', '2019-01-07 04:03:44'),
(217, 3, 103, 'Gayamate', 'Sonkar', 'gayamate@gmail.com', NULL, '8690349177', '9b8e56079367ee8b9cef8aedc3c68dc8', 2, NULL, 1, '1970-01-01 00:00:00', '2019-01-07 04:07:22', '2019-01-07 04:07:22'),
(218, 3, 104, 'Chandrnath', 'Sonkar', 'chandrnath@gmail.com', NULL, '9601731105', '867f5f194200cc915a280f83b0521113', 2, NULL, 1, '1970-01-01 00:00:00', '2019-01-07 04:16:51', '2019-01-07 04:16:51'),
(219, 3, 105, 'Arvind', 'Sonkar', 'arvind@gmail.com', NULL, '9173375290', 'eaa14574b7947f8c6a012985243cabc5', 2, NULL, 1, '1970-01-01 00:00:00', '2019-01-07 04:20:01', '2019-01-07 04:20:01'),
(220, 3, 106, 'Pankaj', 'Sonkar', 'pankaj@gmail.com', NULL, '9662389839', '7d4c8c3470b81f66a333ea469d3bad82', 2, NULL, 1, '1970-01-01 00:00:00', '2019-01-07 04:22:38', '2019-01-07 04:22:38'),
(221, 3, 107, 'Rajbali', 'Pal', 'rajbali@gmail.com', NULL, '7698130334', '829e02a41d30792e045841455c805f92', 2, NULL, 1, '1970-01-01 00:00:00', '2019-01-07 04:25:54', '2019-01-07 04:25:54'),
(222, 3, 108, 'Trilokinath', 'Gond', 'trilokinath@gmail.com', NULL, '7802858646', 'f6eb236190b6e4c9a7ed1b1e0184373b', 2, NULL, 1, '1970-01-01 00:00:00', '2019-01-07 04:42:19', '2019-01-07 04:42:19'),
(223, 3, 109, 'Manoj', 'Gond', 'manojkumar@gmail.com', NULL, '9737963726', '00b362cc3e04a68670f22cedb8ef3d4f', 2, NULL, 1, '1970-01-01 00:00:00', '2019-01-07 04:45:29', '2019-01-07 04:45:29'),
(224, 3, 110, 'Vimlesh', 'Gupta', 'vimlesh@gmail.com', NULL, '9726062370', '3623e03d346bb5538ec27347cb5163c6', 2, NULL, 1, '1970-01-01 00:00:00', '2019-01-07 04:48:26', '2019-01-07 04:48:26'),
(225, 3, 111, 'Silesh', 'Gupta', 'silesh@gmail.com', NULL, '9638921489', '6e65207597a02477903f43e2cdca0a34', 2, NULL, 1, '1970-01-01 00:00:00', '2019-01-07 04:51:18', '2019-01-07 04:51:18'),
(226, 3, 112, 'Vinod', 'Gond', 'vinod@gmail.com', NULL, '9898969686', '1ed9ccccb79cc01e2170b124a8e8b185', 2, NULL, 1, '1970-01-01 00:00:00', '2019-01-07 04:53:52', '2019-01-07 04:53:52'),
(227, 3, 113, 'Vinod', 'Gond', 'vinodkumar@gmail.com', NULL, '9898969686', '1ed9ccccb79cc01e2170b124a8e8b185', 2, NULL, 1, '1970-01-01 00:00:00', '2019-01-07 05:00:05', '2019-01-07 05:00:05'),
(228, 3, 114, 'Jitendr', 'Kevat', 'jitendr@gmail.com', NULL, '7081315001', '4da55bc99c9fe107f68fe465fa5d323e', 2, NULL, 1, '1970-01-01 00:00:00', '2019-01-07 05:02:40', '2019-01-07 05:02:40'),
(229, 3, 115, 'Jitendr', 'Kevat', 'jitendr1@gmail.com', NULL, '7081315001', '4da55bc99c9fe107f68fe465fa5d323e', 2, NULL, 1, '1970-01-01 00:00:00', '2019-01-07 05:05:00', '2019-01-07 05:05:00'),
(230, 3, 116, 'Satyanarayan', 'Kevat', 'satyanarayan@gmail.com', NULL, '7069192403', '126ff8ecb042f84afda59fe04812f26d', 2, NULL, 1, '1970-01-01 00:00:00', '2019-01-07 05:07:33', '2019-01-07 05:07:33'),
(231, 3, 117, 'Laxman', 'Kevat', 'laxman@gmail.com', NULL, '7984860820', '840ef97ea2fe109977f6f9697f0325f9', 2, NULL, 1, '1970-01-01 00:00:00', '2019-01-07 05:11:46', '2019-01-07 05:11:46'),
(232, 3, 118, 'Ratan', 'Kevat', 'ratan@gmail.com', NULL, '7706035517', '3ad0ee59d89d4c0c8cd1b838f328f1b6', 2, NULL, 1, '1970-01-01 00:00:00', '2019-01-07 05:14:06', '2019-01-07 05:14:06'),
(233, 3, 119, 'Seashnath', 'Kevar', 'seashnath@gmail.com', NULL, '9724037838', 'd5e09f563116a214603ab70db08ba375', 2, NULL, 1, '1970-01-01 00:00:00', '2019-01-07 05:17:31', '2019-01-07 05:17:31'),
(234, 3, 120, 'Seashnath', 'Kevat', 'seashnath1@gmail.com', NULL, '9724037838', 'd5e09f563116a214603ab70db08ba375', 2, NULL, 1, '1970-01-01 00:00:00', '2019-01-07 05:20:14', '2019-01-07 05:20:14'),
(235, 3, 121, 'Mahesh', 'Sahani', 'mahesh0@gmail.com', NULL, '7041362482', '3838573546a6df0f420ef4df425894e5', 2, NULL, 1, '1970-01-01 00:00:00', '2019-01-07 05:25:57', '2019-01-07 05:25:57'),
(236, 3, 122, 'Mahesh', 'Sahani', 'mahesh01@gmail.com', NULL, '7041362482', '3838573546a6df0f420ef4df425894e5', 2, NULL, 1, '1970-01-01 00:00:00', '2019-01-07 05:29:25', '2019-01-07 05:29:25'),
(237, 3, 123, 'Triloki', 'Gond', 'triloki@gmail.com', NULL, '7802858646', '9a15b216b4f771b8c4513abf38c1df14', 2, NULL, 1, '1970-01-01 00:00:00', '2019-01-07 05:34:19', '2019-01-07 05:34:19'),
(238, 3, 124, 'Manesh', 'Gond', 'manesh@gmail.com', NULL, '7226967877', 'a66ffcc35f4c8817d3e3f577587ec218', 2, NULL, 1, '1970-01-01 00:00:00', '2019-01-07 05:36:54', '2019-01-07 05:36:54'),
(239, 3, 125, 'Sunil', 'Rajbhar', 'sunil@gmail.com', NULL, '9724194456', '17aa1eb864dfc173fa7b67c05672591c', 2, NULL, 1, '1970-01-01 00:00:00', '2019-01-07 05:46:29', '2019-01-07 05:46:29'),
(240, 3, 126, 'Sunil', 'Rajbhar', 'sunil1@gmail.com', NULL, '9724194456', '17aa1eb864dfc173fa7b67c05672591c', 2, NULL, 1, '1970-01-01 00:00:00', '2019-01-07 05:49:20', '2019-01-07 05:49:20'),
(241, 3, 127, 'Shmsa', 'Talrej', 'shmsa@gmail.com', NULL, '9558775009', 'adaa8698d86b1a52d52ab9ff6ea4f22a', 2, NULL, 1, '1970-01-01 00:00:00', '2019-01-07 05:56:35', '2019-01-07 05:56:35'),
(242, 3, 128, 'Raj', 'Khan', 'rajmohmad@gmail.com', NULL, '9978131077', 'e5742872ff127331b384ddfa6cd30b50', 2, NULL, 1, '1970-01-01 00:00:00', '2019-01-07 06:00:14', '2019-01-07 06:00:14'),
(243, 3, 129, 'Vikas', 'Govtam', 'vikas1@gmail.com', NULL, '9146306442', '400cd5bb4f6e6d54b72d8a04b67823e0', 2, NULL, 1, '1970-01-01 00:00:00', '2019-01-07 06:16:29', '2019-01-07 06:16:29'),
(244, 3, 130, 'Sandip', 'Gond', 'sandip@gmail.com', NULL, '8511504651', '3e7bbb14251a91b765c50045f12c37e5', 2, NULL, 1, '1970-01-01 00:00:00', '2019-01-07 06:19:25', '2019-01-07 06:19:25'),
(245, 3, 131, 'Ranbeer', 'Nishad', 'ranbeer@gmail.com', NULL, '9665441099', '7f03898ae84bac29cdf967894577dc68', 2, NULL, 1, '1970-01-01 00:00:00', '2019-01-07 06:22:05', '2019-01-07 06:22:05'),
(246, 3, 132, 'Ranbeer', 'Nishad', 'ranbeer1@gmail.com', NULL, '9665441099', '7f03898ae84bac29cdf967894577dc68', 2, NULL, 1, '1970-01-01 00:00:00', '2019-01-07 06:26:21', '2019-01-07 06:26:21'),
(247, 3, 133, 'Shyam', 'Kevat', 'shyam@gmail.com', NULL, '8469812038', '1990db725fc331d43bfd991a97345e3d', 2, NULL, 1, '1970-01-01 00:00:00', '2019-01-07 06:29:46', '2019-01-07 06:29:46'),
(248, 3, 134, 'Ranjindar', 'Kevat', 'ranjindar@gmail.com', NULL, '7487863973', '643da10b85824cfb937bc21db610bf83', 2, NULL, 1, '1970-01-01 00:00:00', '2019-01-07 06:35:59', '2019-01-07 06:35:59'),
(249, 3, 135, 'Ramesh', 'Nishad', 'ramesh@gmail.com', NULL, '9315311804', 'b6aa2ba4d5da750d50907a06f31e74fc', 2, NULL, 1, '1970-01-01 00:00:00', '2019-01-07 06:38:40', '2019-01-07 06:38:40'),
(250, 3, 136, 'Ramesh', 'Nishad', 'ramesh1@gmail.com', NULL, '9315311804', 'b6aa2ba4d5da750d50907a06f31e74fc', 2, NULL, 1, '1970-01-01 00:00:00', '2019-01-07 06:42:19', '2019-01-07 06:42:19'),
(251, 3, 137, 'Ramesh', 'Nishad', 'ramesh01@gmail.com', NULL, '9315311804', 'b6aa2ba4d5da750d50907a06f31e74fc', 2, NULL, 1, '1970-01-01 00:00:00', '2019-01-07 06:44:58', '2019-01-07 06:44:58'),
(252, 3, 138, 'Sushil', 'Rajbhar', 'sushil@gmail.com', NULL, '9724174456', '69eff99fa13eedf3ad68aa518292a697', 2, NULL, 1, '1970-01-01 00:00:00', '2019-01-07 06:48:49', '2019-01-07 06:48:49'),
(253, 3, 139, 'Sushil', 'Rajbhar', 'sushil1@gmail.com', NULL, '9724174456', '69eff99fa13eedf3ad68aa518292a697', 2, NULL, 1, '1970-01-01 00:00:00', '2019-01-07 06:51:31', '2019-01-07 06:51:31'),
(254, 3, 140, 'Manoj kumar', 'Kevat', 'manoj1@gmail.com', NULL, '9725798299', '7e108588f23db9e80203b5cada5f3cf4', 2, NULL, 1, '1970-01-01 00:00:00', '2019-01-07 06:55:12', '2019-01-07 06:55:12'),
(255, 3, 141, 'Manoj', 'Kevat', 'manoj01@gmail.com', NULL, '9728798299', '00b362cc3e04a68670f22cedb8ef3d4f', 2, NULL, 1, '1970-01-01 00:00:00', '2019-01-07 06:59:10', '2019-01-07 06:59:10'),
(256, 3, 142, 'Raju kumar', 'Ravat', 'raju1@gmail.com', NULL, '7575841830', 'ba54c3311897e9e11b5aac526f06e0c8', 2, NULL, 1, '1970-01-01 00:00:00', '2019-01-07 07:04:39', '2019-01-07 07:04:39'),
(257, 3, 143, 'Raju kumar', 'Ravat', 'raju01@gmail.com', NULL, '7575841830', 'ba54c3311897e9e11b5aac526f06e0c8', 2, NULL, 1, '1970-01-01 00:00:00', '2019-01-07 07:06:45', '2019-01-07 07:06:45'),
(258, 3, 144, 'Sunita', 'Thumre', 'sunita@gmail.com', NULL, '6354800712', 'b29a049fdab83f783f3cb1ec36ca5c9a', 2, NULL, 1, '1970-01-01 00:00:00', '2019-01-07 07:09:39', '2019-01-07 07:09:39'),
(259, 3, 145, 'Ramesh chandr', 'Tiwari', 'rameshchandr@gmail.com', NULL, '9833108530', '1a1a8b31721cce57af6a587148b16494', 2, NULL, 1, '1970-01-01 00:00:00', '2019-01-07 07:16:30', '2019-01-07 07:16:30'),
(260, 3, 146, 'Ratnesh', 'Sharma', 'ratnesh@gmail.com', NULL, '6359278574', '72bf67dd37e7f0ffe4d13bdc6ef6886d', 2, NULL, 1, '1970-01-01 00:00:00', '2019-01-08 03:03:17', '2019-01-08 03:03:17'),
(261, 3, 147, 'Sulekhaben', 'Yadav', 'sulekhaben@gmail.com', NULL, '9924119552', 'f070f41fa322cc99af4d50d15c0d8853', 2, NULL, 1, '1970-01-01 00:00:00', '2019-01-08 03:05:57', '2019-01-08 03:05:57'),
(262, 3, 148, 'Avdhesh', 'Chodhari', 'avdhesh@gmail.com', NULL, '7600154671', '3cf359d79afa55737345b49b2e60687e', 2, NULL, 1, '1970-01-01 00:00:00', '2019-01-08 03:09:13', '2019-01-08 03:09:13'),
(263, 3, 149, 'Lalghar', 'Saroj', 'lalghar@gmail.com', NULL, '8511539397', 'bf3544a67a8df22f95f241433f934e26', 2, NULL, 1, '1970-01-01 00:00:00', '2019-01-08 03:13:10', '2019-01-08 03:13:10'),
(264, 3, 150, 'Brijesh Kumar', 'Ray', 'brijesh@gmail.com', NULL, '9624404662', 'd388768422ff74e228da1dce2fc82c71', 2, NULL, 1, '1970-01-01 00:00:00', '2019-01-08 03:15:43', '2019-01-08 03:15:43'),
(265, 3, 151, 'Mevaprasad', 'Bin', 'mevaprasad@gmail.com', NULL, '6352324673', '1bff40a628700d3812b9825d5fe829f8', 2, NULL, 1, '1970-01-01 00:00:00', '2019-01-08 03:18:13', '2019-01-08 03:18:13'),
(266, 3, 152, 'Swamisankar', 'Dhivar', 'swamisankar@gmail.com', NULL, '9998148509', 'd51f76c5d14c98fd4dc3ffc28472110f', 2, NULL, 1, '1970-01-01 00:00:00', '2019-01-08 03:28:10', '2019-01-08 03:28:10'),
(267, 3, 153, 'Rajendra', 'Prasad', 'rajendra@gmail.com', NULL, '7778913101', 'eb62c2f8d4b6c16fe9276349e1696204', 2, NULL, 1, '1970-01-01 00:00:00', '2019-01-08 03:44:20', '2019-01-08 03:44:20'),
(268, 3, 154, 'Ashish', 'Ghoghari', 'ashish@gmail.com', NULL, '9727364956', '633a612ae9cb31748e12a8369dcf2801', 2, NULL, 1, '1970-01-01 00:00:00', '2019-01-08 03:51:27', '2019-01-08 03:51:27'),
(269, 3, 155, 'Sarita', 'Patel', 'sarita@gmail.com', NULL, '8153088763', '56fe0e58ed8d5db2cf994245878b1fb7', 2, NULL, 1, '1970-01-01 00:00:00', '2019-01-08 04:12:14', '2019-01-08 04:12:14'),
(270, 3, 156, 'Bulan', 'Patel', 'bulan@gmail.com', NULL, '8153088763', '8cbf7fe271bd8fe5aa149b9bd593f6a4', 2, NULL, 1, '1970-01-01 00:00:00', '2019-01-08 04:17:09', '2019-01-08 04:17:09'),
(271, 3, 157, 'Bulan', 'Patel', 'bulan1@gmail.com', NULL, '8153088763', '8cbf7fe271bd8fe5aa149b9bd593f6a4', 2, NULL, 1, '1970-01-01 00:00:00', '2019-01-08 04:19:18', '2019-01-08 04:19:18'),
(272, 3, 158, 'Prabhavati', '1', 'prabhavati@gmail.com', NULL, '9173421893', '7d63bbfe137bee2e665629f70e33ec84', 2, NULL, 1, '1970-01-01 00:00:00', '2019-01-08 04:23:51', '2019-01-08 04:23:51'),
(273, 3, 159, 'Syamjibhai', 'Babariya', 'syamjibhai@gmail.com', NULL, '6356143970', '4cb26279c3b9dabf7e365c668704302e', 2, NULL, 1, '1970-01-01 00:00:00', '2019-01-08 04:32:25', '2019-01-08 04:32:25'),
(274, 3, 160, 'Bhikhabhai', 'Chavda', 'bhikhabhai@gmail.com', NULL, '9712469816', '55aba8a557b9ea3c03e9a1b643ba6296', 2, NULL, 1, '1970-01-01 00:00:00', '2019-01-08 04:37:53', '2019-01-08 04:37:53'),
(275, 3, 161, 'Hemaben', 'Chavda', 'hemaben@gmail.com', NULL, '9898105252', 'f2ce8aed64bc4180c634bae435e21b29', 2, NULL, 1, '1970-01-01 00:00:00', '2019-01-08 04:40:48', '2019-01-08 04:40:48'),
(276, 3, 162, 'Nagjibhai', 'Chavda', 'nagjibhai@gmail.com', NULL, '9898105252', 'b4cc86ef51e46093b3fea22cc216b050', 2, NULL, 1, '1970-01-01 00:00:00', '2019-01-08 04:43:37', '2019-01-08 04:43:37'),
(277, 3, 163, 'Bachubhai', 'Kanojiya', 'bachubhai@gmail.com', NULL, '8733882850', '928e097a7000dec7f32311cf7f30bc09', 2, NULL, 1, '1970-01-01 00:00:00', '2019-01-08 04:46:50', '2019-01-08 04:46:50'),
(278, 3, 164, 'Narendrabhai', 'Butani', 'narendra@gmail.com', NULL, '8460820310', '2c995c713054b8d0e862e80cccaa4392', 2, NULL, 1, '1970-01-01 00:00:00', '2019-01-08 04:49:57', '2019-01-08 04:49:57'),
(279, 3, 165, 'Hashmukhabhai', 'Ghoghari', 'hashmukhabhai@gmail.com', NULL, '9099126690', 'a8916c7067ef5a8715016c8bc3e2d659', 2, NULL, 1, '1970-01-01 00:00:00', '2019-01-08 04:55:00', '2019-01-08 04:55:00'),
(280, 3, 166, 'Nitaben', 'Ghoghari', 'nitaben@gmail.com', NULL, '9099126690', 'd7a78fae544677c6798c87dfe5ce8106', 2, NULL, 1, '1970-01-01 00:00:00', '2019-01-08 04:57:03', '2019-01-08 04:57:03'),
(281, 3, 167, 'Kinjalben', 'Dhamiliya', 'kinjalben@gmail.com', NULL, '9427266866', '0532344db8029b079753e4e1a480a23b', 2, NULL, 1, '1970-01-01 00:00:00', '2019-01-08 05:00:59', '2019-01-08 05:00:59'),
(282, 3, 168, 'Sureshbhai', 'Dhamiliya', 'sureshbhai@gmail.com', NULL, '9427266866', '5b67e7423e5c56983c4cb9c35c5eac4b', 2, NULL, 1, '1970-01-01 00:00:00', '2019-01-08 05:04:01', '2019-01-08 05:04:01'),
(284, 3, 170, 'Suryabhan', '1', 'suryabhan@gmail.com', NULL, '8346761746', '396231832a0efacbff72b7dcad4cc671', 2, NULL, 1, '1970-01-01 00:00:00', '2019-01-12 23:16:17', '2019-01-12 23:16:17'),
(285, 3, 171, 'Suryabhan', '1', 'suryabhan1@gmail.com', NULL, '8346761746', '396231832a0efacbff72b7dcad4cc671', 2, NULL, 1, '1970-01-01 00:00:00', '2019-01-12 23:19:30', '2019-01-12 23:19:30'),
(286, 3, 172, 'Dinesh', 'Bind', 'dinesh@gmail.com', NULL, '9724123675', '5a440b76c06eb46c02725764ee54e00e', 2, NULL, 1, '1970-01-01 00:00:00', '2019-01-12 23:21:41', '2019-01-12 23:21:41'),
(287, 3, 173, 'Papu', 'Goand', 'papu@gmail.com', NULL, '9662461589', 'd5c17d6b3a6a4834b173c22e07aa1715', 2, NULL, 1, '1970-01-01 00:00:00', '2019-01-12 23:25:28', '2019-01-12 23:25:28'),
(288, 3, 174, 'Manoj', 'Ray', 'manoj2@gmail.com', NULL, '6354645693', '00b362cc3e04a68670f22cedb8ef3d4f', 2, NULL, 1, '1970-01-01 00:00:00', '2019-01-12 23:29:24', '2019-01-12 23:29:24'),
(289, 3, 175, 'Akhilesh', 'Ray', 'akhilesh@gmail.com', NULL, '9724102060', 'b33db7181e7d70d9c4d244e25d6ea07e', 2, NULL, 1, '1970-01-01 00:00:00', '2019-01-12 23:36:23', '2019-01-12 23:36:23'),
(290, 3, 176, 'Saviya', 'Ansari', 'saviya@gmail.com', NULL, '9904851482', '3eca5021657831079979ae139abbcffd', 2, NULL, 1, '1970-01-01 00:00:00', '2019-01-12 23:41:10', '2019-01-12 23:41:10'),
(291, 3, 177, 'Din', 'Bloch', 'dinmohamad@gmail.com', NULL, '9624500560', '9da26ddde5a3a5b4f192e09621c97cd3', 2, NULL, 1, '1970-01-01 00:00:00', '2019-01-12 23:48:19', '2019-01-12 23:48:19'),
(292, 3, 178, 'Najeamabanu', 'Kaji', 'najeamabanu@gmail.com', NULL, '8141339248', '36c2797493e41959c93305f2f478f2c1', 2, NULL, 1, '1970-01-01 00:00:00', '2019-01-12 23:52:27', '2019-01-12 23:52:27'),
(293, 3, 179, 'Kudejabau', 'Ansari', 'kudejabanu@gmail.com', NULL, '8460273854', '2f7556ff2b1290a8a85c71611ca939f9', 2, NULL, 1, '1970-01-01 00:00:00', '2019-01-12 23:57:53', '2019-01-12 23:57:53'),
(294, 3, 180, 'Kudejabanu', 'Ansari', 'kudejabanu2@gmail.com', NULL, '8460273854', '1dc01fb5f6655c885a30cf21efe50b4a', 2, NULL, 1, '1970-01-01 00:00:00', '2019-01-13 00:00:12', '2019-01-13 00:00:12'),
(295, 3, 181, 'Kudejabanu', 'Ansari', 'kudejabanu3@gmail.com', NULL, '8460273854', '1dc01fb5f6655c885a30cf21efe50b4a', 2, NULL, 1, '1970-01-01 00:00:00', '2019-01-13 00:04:08', '2019-01-13 00:04:08'),
(296, 3, 182, 'Kudejabanu', 'Ansari', 'kudejabanu4@gmail.com', NULL, '8460273854', '1dc01fb5f6655c885a30cf21efe50b4a', 2, NULL, 1, '1970-01-01 00:00:00', '2019-01-13 00:06:30', '2019-01-13 00:06:30'),
(297, 3, 183, 'Avrar', 'Shekh', 'avrar@gmail.com', NULL, '8306166147', 'e25b75a7b2cba0537ef928cf3b43c7cc', 2, NULL, 1, '1970-01-01 00:00:00', '2019-01-13 00:09:49', '2019-01-13 00:09:49'),
(298, 3, 184, 'Samina', 'Shekh', 'samina@gmail.com', NULL, '8866786579', '49bec50ba0b27c08450363f0f7c2cd5b', 2, NULL, 1, '1970-01-01 00:00:00', '2019-01-13 00:16:38', '2019-01-13 00:16:38'),
(299, 3, 185, 'Astar', 'Shekh', 'Astar@gmail.com', NULL, '8460273854', '990f46a91922945a4836b666ddc0527f', 2, NULL, 1, '1970-01-01 00:00:00', '2019-01-13 00:20:30', '2019-01-13 00:20:30'),
(300, 3, 186, 'Gulab Hasan', 'Ali', 'gulab@gmail.com', NULL, '9727880382', '2a37ae83ec520f75e854f25a768fb933', 2, NULL, 1, '1970-01-01 00:00:00', '2019-01-13 00:25:42', '2019-01-13 00:25:42'),
(301, 3, 187, 'Rajesh', 'Shah', 'rajesh@gmail.com', NULL, '6386255292', '99bd974fae48638b5d62ca32f7645637', 2, NULL, 1, '1970-01-01 00:00:00', '2019-01-13 00:30:44', '2019-01-13 00:30:44'),
(302, 3, 188, 'Vimla', 'Yadav', 'vimla@gmail.com', NULL, '6355258425', 'dfb1627e3bc1bb3be3f07e44fe8f91fd', 2, NULL, 1, '1970-01-01 00:00:00', '2019-01-13 00:44:33', '2019-01-13 00:44:33'),
(303, 3, 189, 'Baba', 'Yadav', 'baba@gmail.com', NULL, '8585815280', '9e4d3d34a6df8968ccdbd93d4252968f', 2, NULL, 1, '1970-01-01 00:00:00', '2019-01-13 00:51:07', '2019-01-13 00:51:07'),
(304, 3, 190, 'Anil', 'Yadav', 'anil2@gmail.com', NULL, '6355258425', '91ad7fafe8e9fff76c5e4ed3279c205d', 2, NULL, 1, '1970-01-01 00:00:00', '2019-01-13 01:09:47', '2019-01-13 01:09:47'),
(305, 3, 191, 'Asha', 'Singh', 'asha@gmail.com', NULL, '8153080903', '084321cf33861b2e3305ed0bdefec458', 2, NULL, 1, '1970-01-01 00:00:00', '2019-01-13 01:17:03', '2019-01-13 01:17:03'),
(306, 3, 192, 'Vinod', 'Singh', 'vinod2@gmail.com', NULL, '7600113593', '1ed9ccccb79cc01e2170b124a8e8b185', 2, NULL, 1, '1970-01-01 00:00:00', '2019-01-16 04:19:42', '2019-01-16 04:19:42'),
(307, 3, 193, 'Aearunisha', 'Ansari', 'aearunisha@gmail.com', NULL, '8140580154', 'e586bb85bdc8627072640d5d34b35355', 2, NULL, 1, '1970-01-01 00:00:00', '2019-01-16 04:27:43', '2019-01-16 04:27:43'),
(308, 3, 194, 'Vajul', 'Huk', 'vajul@gmail.com', NULL, '8140580154', 'c5ea5dd2d28f09749b23c9fa2fa10fed', 2, NULL, 1, '1970-01-01 00:00:00', '2019-01-16 04:32:44', '2019-01-16 04:32:44'),
(309, 3, 195, 'Anisha', '1', 'anisha@gmail.com', NULL, '8469751584', 'c8494394ed73420e0728a60f41d542f8', 2, NULL, 1, '1970-01-01 00:00:00', '2019-01-16 04:37:43', '2019-01-16 04:37:43'),
(310, 3, 196, 'Vandna', 'Parate', 'vandna@gmail.com', NULL, '9825431658', '08b594ec38d32e05ca13b1bf1797379e', 2, NULL, 1, '1970-01-01 00:00:00', '2019-01-16 04:41:56', '2019-01-16 04:41:56'),
(311, 3, 197, 'Ranjit', '1', 'ranjit@gmail.com', NULL, '7567906537', 'ebfd0c3100001ae8270cc21008616489', 2, NULL, 1, '1970-01-01 00:00:00', '2019-01-16 04:46:15', '2019-01-16 04:46:15'),
(312, 3, 198, 'Subojit', 'Dea', 'subojit@gmail.com', NULL, '8460944260', '550f6a75b8f0478710d94f185dac8f94', 2, NULL, 1, '1970-01-01 00:00:00', '2019-01-16 04:51:20', '2019-01-16 04:51:20'),
(313, 3, 199, 'Sanibhai', 'Patnayak', 'sanibhai@gmail.com', NULL, '8866533501', '267f6bf80b29071cc8f05b7e7e54615c', 2, NULL, 1, '1970-01-01 00:00:00', '2019-01-16 04:54:39', '2019-01-16 04:54:39'),
(314, 3, 200, 'Muna', 'Patel', 'muna@gmail.com', NULL, '8849135170', '1132cd92992a2aac9320d588b1a42830', 2, NULL, 1, '1970-01-01 00:00:00', '2019-01-16 04:58:25', '2019-01-16 04:58:25'),
(315, 3, 201, 'Girijesh', 'Patel', 'girijesh@gmail.com', NULL, '7069434248', 'c4ca6a2ac6d48446724a6dc2a39e9187', 2, NULL, 1, '1970-01-01 00:00:00', '2019-01-16 05:02:45', '2019-01-16 05:02:45'),
(316, 3, 202, 'Santosh', 'Vishvkarma', 'santosh2@gmail.com', NULL, '9662265055', '13d9c285464523f5b92aec8193aee448', 2, NULL, 1, '1970-01-01 00:00:00', '2019-01-16 05:08:55', '2019-01-16 05:08:55'),
(317, 3, 203, 'Udaybhan', '1', 'udaybhan@gmail.com', NULL, '9726347718', '461c3b54de124551c8968e26a4e005ec', 2, NULL, 1, '1970-01-01 00:00:00', '2019-01-16 05:13:21', '2019-01-16 05:13:21'),
(318, 3, 204, 'Rajesh', 'Vishvakarma', 'rajesh2@gmail.com', NULL, '9054461858', '99bd974fae48638b5d62ca32f7645637', 2, NULL, 1, '1970-01-01 00:00:00', '2019-01-16 05:21:27', '2019-01-16 05:21:27'),
(319, 3, 205, 'Ajit Ram', 'Radoriya', 'ajitram@gmail.com', NULL, '9659788307', 'ce6d1c1477a7151894191d1f01004228', 2, NULL, 1, '1970-01-01 00:00:00', '2019-01-16 05:32:02', '2019-01-16 05:32:02'),
(320, 3, 206, 'Puja', '1', 'puja@gmail.com', NULL, '6352479988', '58e2b7a88e10d3d93e69c3a8b6d5ec58', 2, NULL, 1, '1970-01-01 00:00:00', '2019-01-23 05:16:27', '2019-01-23 05:16:27'),
(321, 3, 207, 'Ram', 'Thakur', 'ram@gmail.com', NULL, '9601589289', 'e5d284b6015067eaa11e06b809fe6f13', 2, NULL, 1, '1970-01-01 00:00:00', '2019-01-25 22:28:06', '2019-01-25 22:28:06'),
(322, 3, 208, 'Sunita', 'Sahu', 'sunita1@gmail.com', NULL, '9727235210', 'b29a049fdab83f783f3cb1ec36ca5c9a', 2, NULL, 1, '1970-01-01 00:00:00', '2019-01-25 22:41:10', '2019-01-25 22:41:10'),
(323, 3, 209, 'Brijamohan', 'Sahu', 'brijamohan@gmail.com', NULL, '9727235210', '6fa50580faacffb017ac0c4ec8656073', 2, NULL, 1, '1970-01-01 00:00:00', '2019-01-25 22:44:37', '2019-01-25 22:44:37'),
(324, 3, 210, 'Dilip', 'Sinde', 'dilip@gmail.com', NULL, '9727182147', 'c6f5371f5f1adf6ad3c668fcda076936', 2, NULL, 1, '1970-01-01 00:00:00', '2019-01-25 23:26:21', '2019-01-25 23:26:21'),
(325, 3, 211, 'Manjunath', 'Aalolkar', 'manjunath@gmail.com', NULL, '9972470303', '671ac70f9b84abee77128103a1bece7f', 2, NULL, 1, '1970-01-01 00:00:00', '2019-01-26 01:11:11', '2019-01-26 01:11:11'),
(326, 3, 212, 'Ramesh', 'Kasyap', 'ramesh0@gmail.com', NULL, '9913550562', 'b6aa2ba4d5da750d50907a06f31e74fc', 2, NULL, 1, '1970-01-01 00:00:00', '2019-01-26 01:18:51', '2019-01-26 01:18:51'),
(327, 3, 213, 'Kiran', '1', 'kiran@gmail.com', NULL, '9913550562', 'ff8b90ee309b6b82dd1585bc99af1a2d', 2, NULL, 1, '1970-01-01 00:00:00', '2019-01-26 01:25:24', '2019-01-26 01:25:24'),
(328, 3, 214, 'Shulochana', '1', 'shulochana@gmail.com', NULL, '9724905849', 'f678d7e4489385801117787800863a87', 2, NULL, 1, '1970-01-01 00:00:00', '2019-01-26 01:29:52', '2019-01-26 01:29:52'),
(329, 3, 215, 'Suman', '1', 'suman@gmail.com', NULL, '7202931028', 'e4df832538d8f1476564191196a67fcd', 2, NULL, 1, '1970-01-01 00:00:00', '2019-01-26 01:34:03', '2019-01-26 01:34:03'),
(330, 3, 216, 'Bablu', 'Saroj', 'bablu@gmail.com', NULL, '7202931028', '4abd59db951765feb46cee535c4a10cb', 2, NULL, 1, '1970-01-01 00:00:00', '2019-01-26 01:37:21', '2019-01-26 01:37:21'),
(331, 3, 217, 'Babulal', 'Jamadar', 'babu@gmail.com', NULL, '9913396587', '836976f11ef632dd06c7fb50ae788d4c', 2, NULL, 1, '1970-01-01 00:00:00', '2019-01-26 01:40:08', '2019-01-26 01:40:08'),
(332, 3, 218, 'Khushabu', '1', 'khushabu@gmail.com', NULL, '7096349345', '11bcb0fa0d35f5f589112f98a3a8f88f', 2, NULL, 1, '1970-01-01 00:00:00', '2019-01-26 01:44:08', '2019-01-26 01:44:08'),
(333, 3, 219, 'Rajendr', '1', 'rajendr@gmail.com', NULL, '7096349344', '3e4958691e2d375102d4ab48da9bdfce', 2, NULL, 1, '1970-01-01 00:00:00', '2019-01-26 01:46:38', '2019-01-26 01:46:38'),
(334, 3, 220, 'Jallapa', 'Julbe', 'jallapa@gmail.com', NULL, '9574825816', '39fcd60cba41d201a3d84b9239c61efd', 2, NULL, 1, '1970-01-01 00:00:00', '2019-01-26 01:50:19', '2019-01-26 01:50:19'),
(335, 3, 221, 'Madavi', 'Doli', 'madavi@gmail.com', NULL, '9574825816', 'b9e742869ca9848e5b7cf639de29edc5', 2, NULL, 1, '1970-01-01 00:00:00', '2019-01-26 01:52:41', '2019-01-26 01:52:41'),
(336, 3, 222, 'Ananat', '1', 'ananat@gmail.com', NULL, '9574825816', 'd00e82bd39bb679af6376cc393bbbe8d', 2, NULL, 1, '1970-01-01 00:00:00', '2019-01-26 01:57:05', '2019-01-26 01:57:05'),
(337, 3, 223, 'Rubi', '1', 'rubi@gmail.com', NULL, '6353003229', '344720e6f7c90c56093648cd8b2adb19', 2, NULL, 1, '1970-01-01 00:00:00', '2019-01-26 02:06:09', '2019-01-26 02:06:09'),
(338, 3, 224, 'Mita', '1', 'mita@gmail.com', NULL, '9054172709', '48b88375b88ea3c0d85739b5ae8cc3ef', 2, NULL, 1, '1970-01-01 00:00:00', '2019-01-26 02:08:23', '2019-01-26 02:08:23'),
(339, 3, 225, 'Laxman', '1', 'laxman1@gmail.com', NULL, '9082746973', '840ef97ea2fe109977f6f9697f0325f9', 2, NULL, 1, '1970-01-01 00:00:00', '2019-01-26 02:11:38', '2019-01-26 02:11:38'),
(340, 3, 226, 'Mahadavi', 'Julbe', 'mahadavi@gmail.com', NULL, '9081058798', '3d79552cff6e1f6a85f171a3e4a8f5b6', 2, NULL, 1, '1970-01-01 00:00:00', '2019-01-26 04:14:37', '2019-01-26 04:14:37'),
(341, 3, 227, 'Sureshchandr', 'Gujar', 'sureshchandr@gmail.com', NULL, '8780257244', 'e763a38fd61a1a48bf889784e4e7fe6a', 2, NULL, 1, '1970-01-01 00:00:00', '2019-01-26 04:21:35', '2019-01-26 04:21:35'),
(342, 3, 228, 'Sanjay', 'Gond', 'sanjay1@gmail.com', NULL, '7041130892', '0d2616237a7f0ce9ae9e1c5d9b55fa21', 2, NULL, 1, '1970-01-01 00:00:00', '2019-01-26 04:25:10', '2019-01-26 04:25:10'),
(343, 3, 229, 'Nilesh', 'Sonkar', 'nilesh@gmail.com', NULL, '8141150772', '95fc7a2528730ad1f6d60663d19d9375', 2, NULL, 1, '1970-01-01 00:00:00', '2019-01-26 04:27:31', '2019-01-26 04:27:31'),
(344, 3, 230, 'Akhilesh kumar', 'Panday', 'akhilesh1@gmail.com', NULL, '8866740062', 'e194dd3c50b4c58f73b9a77a7c634fe4', 2, NULL, 1, '1970-01-01 00:00:00', '2019-01-26 04:34:30', '2019-01-26 04:34:30'),
(345, 3, 231, 'Safik', 'Ahamad', 'safik@gmail.com', NULL, '9427866363', '9f253b2997c9e9f74008bf54533bc734', 2, NULL, 1, '1970-01-01 00:00:00', '2019-01-26 04:36:57', '2019-01-26 04:36:57'),
(346, 3, 232, 'Amravati', '1', 'amravati@gmail.com', NULL, '8221938234', '676c03e2e1879f7bee803a50e68f07c4', 2, NULL, 1, '1970-01-01 00:00:00', '2019-01-26 04:40:12', '2019-01-26 04:40:12'),
(347, 3, 233, 'Shiv', '1', 'shiv0@gmail.com', NULL, '6355085942', '927a5a7f583ed40f83db12415b0dc3a6', 2, NULL, 1, '1970-01-01 00:00:00', '2019-01-26 04:46:02', '2019-01-26 04:46:02'),
(348, 3, 234, 'Sachikant', 'kalivda', 'sachikant@gmail.com', NULL, '7045080171', '77df3bdf1fbbee1bbdf03141acae2ed1', 2, NULL, 1, '1970-01-01 00:00:00', '2019-02-02 07:04:10', '2019-02-02 07:04:10'),
(349, 5, 0, 'First', 'Entry', 'first@entry.com', NULL, '1231231230', '8b04d5e3775d298e78455efc5ca404d5', 1, NULL, 1, '1970-01-01 00:00:00', '2019-02-13 22:11:00', '2019-02-13 22:11:00'),
(350, 3, 235, 'pankaj', 'kaklotar', 'kaklotarpankaj007@gmail.com', NULL, '8200147114', '95deb5011a8fe1ccf6552bb5bcda2ff0', 2, NULL, 1, '1970-01-01 00:00:00', '2019-03-23 08:38:32', '2019-03-23 08:38:32'),
(352, 3, 237, 'yogesh', 'kaklotar', 'yogesh1@gmail.com', NULL, '8787878448', '34fb382763a18c3674530a8b110abde3', 2, NULL, 1, '1970-01-01 00:00:00', '2019-03-29 00:16:01', '2019-03-29 00:16:01'),
(353, 3, 238, 'guddu', 'pratap', 'guddu@gmail.com', NULL, '585652854', '756c3324bec3baf24eec9d2ab91c4e01', 2, NULL, 1, '1970-01-01 00:00:00', '2019-03-29 00:18:15', '2019-03-29 00:18:15'),
(354, 3, 239, 'chandan', 'patek', 'chandan12@gmail.com', NULL, '7857854785', 'b18f2dfcfc1c94c17e43419b7e8f788b', 2, NULL, 1, '1970-01-01 00:00:00', '2019-03-29 00:20:10', '2019-03-29 00:20:10'),
(355, 3, 240, 'raj', 'u', 'raj12@gmail.com', NULL, '781452565', '65a1223dae83b8092c4edba0823a793c', 2, NULL, 1, '1970-01-01 00:00:00', '2019-03-29 00:22:30', '2019-03-29 00:22:30'),
(356, 3, 241, 'ddf', 'dsfsd', 'test@gmail.com', NULL, '123123', 'e2f43259cb63e38b9ed8d2d24af245e9', 2, NULL, 1, '1970-01-01 00:00:00', '2019-04-04 15:54:39', '2019-04-04 15:54:39'),
(357, 3, 242, 'ddf', 'dsfsd', 'test5@gmail.com', NULL, '123123', 'e2f43259cb63e38b9ed8d2d24af245e9', 2, NULL, 1, '1970-01-01 00:00:00', '2019-04-04 15:59:38', '2019-04-04 15:59:38'),
(358, 3, 243, 'ddf', 'dsfsd', 'test7@gmail.com', NULL, '123123', 'e2f43259cb63e38b9ed8d2d24af245e9', 2, NULL, 1, '1970-01-01 00:00:00', '2019-04-04 16:00:22', '2019-04-04 16:00:22'),
(359, 3, 244, 'ddf', 'dsfsd', 'gems@gmail.com', NULL, '123123', 'e2f43259cb63e38b9ed8d2d24af245e9', 2, NULL, 1, '1970-01-01 00:00:00', '2019-04-04 16:00:59', '2019-04-04 16:00:59'),
(360, 3, 245, 'ddf', 'dsfsd', 'kakdiya.gautam288@gmail.com', NULL, '123123', '666a9f8eca32d3bf3109925ee1807f22', 2, NULL, 1, '1970-01-01 00:00:00', '2019-04-04 16:01:31', '2019-04-04 16:01:31'),
(361, 3, 246, 'ddf', 'Kakadiya', 'test3@gmail.com', NULL, '123123', 'e2f43259cb63e38b9ed8d2d24af245e9', 2, NULL, 1, '1970-01-01 00:00:00', '2019-04-04 16:02:04', '2019-04-04 16:02:04'),
(362, 3, 247, 'ddf', 'dsfsd', 'test4@gmail.com', NULL, '123123', 'e2f43259cb63e38b9ed8d2d24af245e9', 2, NULL, 1, '1970-01-01 00:00:00', '2019-04-04 16:03:05', '2019-04-04 16:03:05'),
(363, 3, 248, 'ddf', 'dsfsd', 'test@gmail.com', NULL, '123123', 'e2f43259cb63e38b9ed8d2d24af245e9', 2, NULL, 1, '1970-01-01 00:00:00', '2019-04-04 16:06:53', '2019-04-04 16:06:53'),
(364, 3, 249, 'ddf', 'Kakadiya', 'test5@gmail.com', NULL, '123123', 'e2f43259cb63e38b9ed8d2d24af245e9', 2, NULL, 1, '1970-01-01 00:00:00', '2019-04-04 16:07:23', '2019-04-04 16:07:23'),
(365, 3, 250, 'ddf', 'Patel', 'test7@gmail.com', NULL, '123123', 'e2f43259cb63e38b9ed8d2d24af245e9', 2, NULL, 1, '1970-01-01 00:00:00', '2019-04-04 16:07:53', '2019-04-04 16:07:53'),
(366, 3, 251, 'ddf', 'ed', 'gems@gmail.com', NULL, '123123', 'e2f43259cb63e38b9ed8d2d24af245e9', 2, NULL, 1, '1970-01-01 00:00:00', '2019-04-04 16:08:25', '2019-04-04 16:08:25'),
(367, 3, 252, 'ddf', 'dsfsd', 'gems123@gmail.com', NULL, '9428854599', 'e2f43259cb63e38b9ed8d2d24af245e9', 2, NULL, 1, '1970-01-01 00:00:00', '2019-04-12 17:45:40', '2019-04-12 17:45:40'),
(368, 3, 253, 'ddf', 'dsfsd', 'te1st@gmail.com', NULL, '9428854599', 'e2f43259cb63e38b9ed8d2d24af245e9', 2, NULL, 1, '1970-01-01 00:00:00', '2019-04-12 17:48:09', '2019-04-12 17:48:09');

-- --------------------------------------------------------

--
-- Table structure for table `bonus_map`
--

DROP TABLE IF EXISTS `bonus_map`;
CREATE TABLE IF NOT EXISTS `bonus_map` (
  `bonus_map_id` int(11) NOT NULL AUTO_INCREMENT,
  `customer_id` int(11) NOT NULL,
  `level_1` int(11) NOT NULL DEFAULT '0',
  `level_2` int(11) NOT NULL DEFAULT '0',
  `level_3` int(11) NOT NULL DEFAULT '0',
  `level_4` int(11) NOT NULL DEFAULT '0',
  `level_5` int(11) NOT NULL DEFAULT '0',
  `bm_created_date` timestamp NOT NULL DEFAULT CURRENT_TIMESTAMP,
  `bm_modified_date` datetime NOT NULL DEFAULT CURRENT_TIMESTAMP,
  PRIMARY KEY (`bonus_map_id`)
) ENGINE=InnoDB AUTO_INCREMENT=49 DEFAULT CHARSET=latin1;

--
-- Dumping data for table `bonus_map`
--

INSERT INTO `bonus_map` (`bonus_map_id`, `customer_id`, `level_1`, `level_2`, `level_3`, `level_4`, `level_5`, `bm_created_date`, `bm_modified_date`) VALUES
(1, 1, 2, 14, 33, 104, 73, '2019-03-24 13:00:00', '2019-03-25 00:00:00'),
(2, 2, 4, 9, 30, 59, 37, '2019-03-24 13:00:00', '2019-03-25 00:00:00'),
(3, 3, 1, 15, 65, 5, 0, '2019-03-24 13:00:00', '2019-03-25 00:00:00'),
(4, 4, 1, 1, 1, 34, 1, '2019-03-24 13:00:00', '2019-03-25 00:00:00'),
(5, 5, 7, 28, 2, 3, 0, '2019-03-24 13:00:00', '2019-03-25 00:00:00'),
(6, 7, 1, 1, 3, 0, 0, '2019-03-24 13:00:00', '2019-03-25 00:00:00'),
(7, 8, 1, 3, 3, 0, 0, '2019-03-26 21:50:13', '2019-03-27 08:50:13'),
(8, 9, 3, 0, 0, 0, 0, '2019-03-26 21:50:42', '2019-03-27 08:50:42'),
(9, 10, 1, 0, 0, 0, 0, '2019-03-26 21:50:42', '2019-03-27 08:50:42'),
(10, 12, 1, 1, 34, 1, 0, '2019-03-26 21:51:16', '2019-03-27 08:51:16'),
(11, 13, 1, 34, 1, 0, 0, '2019-03-26 21:51:16', '2019-03-27 08:51:16'),
(12, 14, 34, 1, 0, 0, 0, '2019-03-26 21:51:29', '2019-03-27 08:51:29'),
(13, 15, 1, 65, 5, 0, 0, '2019-03-26 21:51:54', '2019-03-27 08:51:54'),
(14, 16, 1, 1, 56, 0, 0, '2019-03-26 21:51:54', '2019-03-27 08:51:54'),
(15, 17, 5, 0, 0, 0, 0, '2019-03-26 21:52:17', '2019-03-27 08:52:17'),
(16, 18, 3, 4, 0, 0, 0, '2019-03-26 21:52:17', '2019-03-27 08:52:17'),
(17, 19, 9, 0, 0, 0, 0, '2019-03-26 21:52:39', '2019-03-27 08:52:39'),
(18, 20, 2, 0, 0, 0, 0, '2019-03-26 21:52:39', '2019-03-27 08:52:39'),
(19, 52, 1, 0, 0, 0, 0, '2019-03-26 21:52:59', '2019-03-27 08:52:59'),
(20, 59, 1, 1, 0, 0, 0, '2019-03-26 21:52:59', '2019-03-27 08:52:59'),
(21, 60, 1, 0, 0, 0, 0, '2019-03-26 21:53:15', '2019-03-27 08:53:15'),
(22, 71, 8, 0, 0, 0, 0, '2019-03-26 21:53:15', '2019-03-27 08:53:15'),
(23, 74, 3, 0, 0, 0, 0, '2019-03-26 21:53:39', '2019-03-27 08:53:39'),
(24, 75, 4, 0, 0, 0, 0, '2019-03-26 21:53:39', '2019-03-27 08:53:39'),
(25, 92, 1, 0, 0, 0, 0, '2019-03-26 21:53:56', '2019-03-27 08:53:56'),
(26, 94, 1, 56, 0, 0, 0, '2019-03-26 21:53:56', '2019-03-27 08:53:56'),
(27, 95, 56, 0, 0, 0, 0, '2019-03-26 21:54:18', '2019-03-27 08:54:18'),
(28, 152, 3, 0, 0, 0, 0, '2019-03-26 21:54:18', '2019-03-27 08:54:18'),
(29, 153, 1, 0, 0, 0, 0, '2019-03-26 21:54:36', '2019-03-27 08:54:36'),
(30, 154, 9, 0, 0, 0, 0, '2019-03-26 21:54:36', '2019-03-27 08:54:36'),
(31, 169, 5, 0, 0, 0, 0, '2019-03-26 21:55:02', '2019-03-27 08:55:02'),
(32, 176, 16, 0, 0, 0, 0, '2019-03-26 21:55:02', '2019-03-27 08:55:02'),
(33, 197, 4, 0, 0, 0, 0, '2019-03-26 21:55:30', '2019-03-27 08:55:30'),
(34, 207, 1, 0, 0, 0, 0, '2019-03-26 21:55:30', '2019-03-27 08:55:30'),
(35, 208, 1, 0, 0, 0, 0, '2019-03-26 21:55:50', '2019-03-27 08:55:50'),
(36, 210, 15, 1, 0, 0, 0, '2019-03-26 21:55:50', '2019-03-27 08:55:50'),
(37, 212, 1, 0, 0, 0, 0, '2019-03-26 21:56:12', '2019-03-27 08:56:12'),
(38, 228, 4, 0, 0, 0, 0, '2019-03-26 21:56:12', '2019-03-27 08:56:12'),
(39, 237, 1, 0, 0, 2, 2, '2019-03-29 00:16:01', '2019-03-29 05:46:01'),
(40, 238, 1, 0, 2, 2, 3, '2019-03-29 00:18:15', '2019-03-29 05:48:15'),
(41, 239, 1, 2, 2, 3, 3, '2019-03-29 00:20:10', '2019-03-29 05:50:10'),
(42, 240, 3, 2, 3, 3, 1, '2019-03-29 00:22:30', '2019-03-29 05:52:30'),
(44, 248, 1, 2, 2, 0, 0, '2019-04-04 16:06:53', '2019-04-04 21:36:53'),
(45, 250, 2, 0, 0, 0, 0, '2019-04-04 16:07:52', '2019-04-04 21:37:52'),
(46, 251, 0, 0, 0, 0, 0, '2019-04-04 16:08:24', '2019-04-04 21:38:24'),
(47, 252, 0, 0, 0, 0, 0, '2019-04-12 17:45:39', '2019-04-12 23:15:39'),
(48, 253, 0, 0, 0, 0, 0, '2019-04-12 17:48:09', '2019-04-12 23:18:09');

-- --------------------------------------------------------

--
-- Table structure for table `bonus_map_print`
--

DROP TABLE IF EXISTS `bonus_map_print`;
CREATE TABLE IF NOT EXISTS `bonus_map_print` (
  `bonus_print_id` int(11) NOT NULL AUTO_INCREMENT,
  `bonus_map_id` int(11) NOT NULL,
  `customer_id` int(11) NOT NULL,
  `level_1` int(11) NOT NULL DEFAULT '0',
  `level_2` int(11) NOT NULL DEFAULT '0',
  `level_3` int(11) NOT NULL DEFAULT '0',
  `level_4` int(11) NOT NULL DEFAULT '0',
  `level_5` int(11) NOT NULL DEFAULT '0',
  `bm_created_date` timestamp NOT NULL DEFAULT CURRENT_TIMESTAMP,
  PRIMARY KEY (`bonus_print_id`)
) ENGINE=InnoDB DEFAULT CHARSET=latin1;

-- --------------------------------------------------------

--
-- Table structure for table `configuration`
--

DROP TABLE IF EXISTS `configuration`;
CREATE TABLE IF NOT EXISTS `configuration` (
  `config_id` int(11) NOT NULL AUTO_INCREMENT,
  `config_key` varchar(50) NOT NULL COMMENT 'Which will be unique for coding reference',
  `config_value` varchar(150) NOT NULL COMMENT 'config value for develpement use',
  `config_display_name` varchar(200) NOT NULL COMMENT 'display name for admin reference',
  `created_date` timestamp NOT NULL DEFAULT CURRENT_TIMESTAMP COMMENT 'created date of configuration',
  `modified_date` timestamp NULL DEFAULT CURRENT_TIMESTAMP,
  PRIMARY KEY (`config_id`)
) ENGINE=InnoDB DEFAULT CHARSET=latin1 COMMENT='Whole site configuration & keywrod will be here';

-- --------------------------------------------------------

--
-- Table structure for table `customer`
--

DROP TABLE IF EXISTS `customer`;
CREATE TABLE IF NOT EXISTS `customer` (
  `customer_id` int(11) NOT NULL AUTO_INCREMENT,
  `c_slip_number` varchar(11) NOT NULL,
  `c_reference_id` int(11) NOT NULL,
  `skim_id` int(11) NOT NULL COMMENT 'Skim Name( Project Name )',
  `c_firstname` varchar(30) DEFAULT NULL,
  `c_middlename` varchar(50) DEFAULT NULL,
  `c_lastname` varchar(30) DEFAULT NULL,
  `c_emailid` varchar(30) DEFAULT NULL,
  `c_phoneno` varchar(15) DEFAULT NULL,
  `c_address` varchar(200) NOT NULL,
  `c_city` varchar(15) DEFAULT NULL,
  `c_state` varchar(15) DEFAULT NULL,
  `c_pincode` varchar(10) NOT NULL DEFAULT '395004',
  `c_book_amt` varchar(10) NOT NULL,
  `c_total_amt` varchar(10) NOT NULL,
  `c_payment_option` tinyint(1) NOT NULL,
  `c_bank_name` varchar(50) NOT NULL,
  `c_check_number` varchar(15) NOT NULL,
  `c_about` varchar(200) DEFAULT NULL,
  `c_plot_size` varchar(15) NOT NULL,
  `c_commission_pay_amt` int(11) NOT NULL DEFAULT '0' COMMENT 'customer Pat Payment',
  `is_send_sms` tinyint(1) NOT NULL DEFAULT '0',
  `sms_id` int(11) DEFAULT NULL,
  `c_status` tinyint(1) NOT NULL DEFAULT '1',
  `c_created_date` timestamp NOT NULL DEFAULT CURRENT_TIMESTAMP,
  `c_modified_date` datetime NOT NULL DEFAULT '1970-01-01 00:00:00',
  PRIMARY KEY (`customer_id`)
) ENGINE=InnoDB AUTO_INCREMENT=254 DEFAULT CHARSET=latin1;

--
-- Dumping data for table `customer`
--

INSERT INTO `customer` (`customer_id`, `c_slip_number`, `c_reference_id`, `skim_id`, `c_firstname`, `c_middlename`, `c_lastname`, `c_emailid`, `c_phoneno`, `c_address`, `c_city`, `c_state`, `c_pincode`, `c_book_amt`, `c_total_amt`, `c_payment_option`, `c_bank_name`, `c_check_number`, `c_about`, `c_plot_size`, `c_commission_pay_amt`, `is_send_sms`, `sms_id`, `c_status`, `c_created_date`, `c_modified_date`) VALUES
(1, '000801', 0, 1, 'gordhanbhai', 'bachubhai', 'kaklotar', 'gordhan1@gmail.com', '9825818926', 'a-38 j.k.p nagar katargam', 'surat', 'gujarat', '395004', '2', '45000', 1, '', '', 'agnent', '14 X 36', 282, 1, 4, 1, '2018-10-31 00:52:54', '2019-03-22 14:40:39'),
(2, '000802', 1, 1, 'rakesh', 'gordhanbhai', 'kaklotar', 'r.kaklotar1@gmail.com', '8487028568', 'A-38 j.k.p. nagar soc nr, dhanmora char rasta katargam', 'surat', 'gujarat', '395004', '1', '45000', 1, '', '', 'pan card AYLPK9183H', '14 X 36', 245, 1, 4, 1, '2018-10-31 00:56:45', '2019-03-22 14:40:39'),
(3, '000803', 1, 1, 'rahul', 'GORDHANBHAI', 'KAKLOTAR', 'rahul.kaklotar11@gmail.com', '8141069202', 'A-38, j.k.p nagar nr. dhanmora char rasta katargam', 'surat', 'gujarat', '395004', '1', '45000', 1, '', '', 'agnent', '14 X 36', 0, 1, 4, 1, '2018-10-31 00:59:49', '2019-03-22 14:40:39'),
(4, '000804', 2, 1, 'nilam', 'shivkumar', 'maurya', 'nilam1@gmail.com', '9067573434', '270, kailash nagar nr, brc gate samne udhna surat', 'surat', 'gujarat', '394210', '1', '45000', 1, '', '', 'agnt', '14 X 36', 10, 1, 4, 1, '2018-10-31 01:04:49', '2019-03-22 14:40:39'),
(5, '000805', 2, 1, 'naresh', 'dharamshibhai', 'devganiya', 'narayandevganiya80@gmail.com', '8980407840', '17 nirmal nagar soc., dabholi katargam', 'surat', 'gujarat', '395004', '1', '45000', 1, '', '', 'agnt', '14 X 36', 0, 1, 4, 1, '2018-10-31 03:34:41', '2019-03-22 14:40:39'),
(7, '000806', 5, 1, 'amitkumar', 'lalmohar prasad', 'prajapati', 'amitprajapati27@gmail.com', '9429916384', '127, harsiddhi nagar, pandesara surat', 'surat', 'gujarat', '394210', '1', '45000', 1, '', '', 'agnt -CCBPP8659K', '14 X 36', 0, 1, 4, 1, '2018-11-04 00:26:17', '2019-03-22 14:40:39'),
(8, '000807', 7, 1, 'ashutosh', 'lalmohar prasad', 'prajapati', 'ashutoshprajapati3252@gmail.co', '9106573874', '127, harsiddhi nagar padesara surat', 'surat', 'gujarat', '394210', '1', '45000', 1, '', '', 'agnt- AQSPP5216F', '14 X 36', 0, 1, 4, 1, '2018-11-04 00:29:48', '2019-03-22 14:40:39'),
(9, '000808', 8, 1, 'lalmohar', 'rambachchan', 'prajapati', 'lalmohar1@gmail.com', '8530330138', '127, harsiddhi nagar, near police coloni, bamroli padesara', 'surat', 'gujarat', '394210', '1', '45000', 1, '', '', 'agnt- ATFPP4870M', '14 X 36', 0, 1, 4, 1, '2018-11-04 00:33:39', '2019-03-22 14:40:39'),
(10, '000809', 5, 1, 'shivshankar', 'nakhadubhai', 'maurya', 'shiv@gmail.com', '8866622143', '146A- punit nagar,  padesara surat', 'surat', 'gujarat', '394221', '1', '45000', 1, '', '', 'agnt-BHFPM5226B', '14 X 36', 0, 1, 4, 1, '2018-11-05 23:49:31', '2019-03-22 14:40:39'),
(11, '000810', 10, 1, 'nakhadu', 'ramkhelavan', 'maurya', 'shiv1@gmail.com', '9974453604', '146A punit nagar padesara', 'surat', 'gujarat', '394221', '1', '45000', 1, '', '', 'agnt-ANYPM7606D', '14 X 36', 0, 1, 4, 1, '2018-11-05 23:55:04', '2019-03-22 14:40:39'),
(12, '000811', 4, 1, 'loknath', 'n', 'prajapati', 'lonkanath@gmail.com', '8690668841', '217kailash nagar, brc gat udana\r\nsurat', 'SURAT', 'GUJARAT', '395004', '1', '45000', 1, '', '', 'agnt', '14 X 36', 20, 1, 4, 1, '2018-12-01 08:03:27', '2019-03-22 14:40:39'),
(13, '000812', 12, 1, 'shivkumar', 'shivdhanbhai', 'maurya', 'shivkumar@gmail.com', '9067573434', '217, kailash nagar brc gate udhna\r\nsurat', 'surat', 'gujarat', '395004', '1', '45000', 1, '', '', 'ag', '14 X 36', 60, 1, 4, 1, '2018-12-01 08:06:59', '2019-03-22 14:40:39'),
(14, '000813', 13, 1, 'brindanand', 'jayrambhai', 'maurya', 'shivkumar1@gmail.com', '9998981627', '217, kailash nagar brc gate udhana\r\nsurat', 'surat', 'gujarat', '395004', '1', '45000', 1, '', '', 'agnt', '14 X 36', 80, 1, 4, 1, '2018-12-01 08:10:06', '2019-03-22 14:40:39'),
(15, '000814', 3, 1, 'rutiksh', 'rahulbhai', 'prajapati', 'rutiksha.prajapati11@gmail.com', '8141069202', '77,vitthl nagar, bapasitaram chowk, dabholi road, katargam', 'surat', 'gujrat', '395004', '1', '45000', 1, '', '', 'Agent', '14 X 36', 0, 1, 4, 1, '2018-12-01 08:26:34', '2019-03-22 14:40:39'),
(16, '000815', 2, 1, 'sajna', 'rakeshbhai', 'kaklotar', 'sajna1kaklotar@gmail.com', '7624045001', 'katargam', 'surat', 'gujarat', '395004', '1', '45000', 1, '', '', 'custmer', '14 X 36', 0, 1, 4, 1, '2018-12-26 23:49:09', '2019-03-22 14:40:39'),
(17, '000816', 5, 1, 'vijay', 'udaypalbhai', 'patel', 'vp24027@gmail.com', '8401428179', '20 harsidhi nagar padesara', 'surat', 'gujarat', '394221', '1', '45000', 1, '', '', 'custmer', '14 X 36', 0, 1, 4, 1, '2018-12-26 23:52:23', '2019-03-22 14:40:39'),
(18, '000817', 15, 1, 'Lalji bhai', '0', 'y', 'lalji@gmail.com', '9173381714', '58- shri nathe soc, kargil chok, varachha', 'surat', 'gujrat', '395006', '1', '45000', 1, '', '', 'agent', '14 X 36', 0, 1, 4, 1, '2018-12-27 07:19:49', '2019-03-22 14:40:39'),
(19, '1003', 15, 1, 'Arun kumar', 'ramlakhan ', 'singh', 'Arunkumar@gmail.com', '9624529714', 'A-58 Anandpark soc, ved rod katargam, surat', 'surat', 'gujrat', '395004', '1', '45000', 1, '', '', 'agent', '14 X 36', 0, 1, 4, 1, '2018-12-27 07:27:06', '2019-03-22 14:40:39'),
(20, '1001', 15, 1, 'Krishnadev', 'Govrishnkar', 'Mahato', 'Krishnadev@gmail.com', '9173917635', '169-Anand park soc, ved rod surat', 'surat', 'gujrat', '395004', '1', '68000', 1, '', '', 'custamer', '21*36', 0, 1, 4, 1, '2018-12-27 07:41:40', '2019-03-22 14:40:39'),
(21, '1002', 15, 1, 'Mata', 'Prasad', 'Kevat', 'Mataprasad@gmail.com', '7860469392', '84-shri ram , ram nagar soc, kapodra,surat', 'surat', 'gujrat', '395006', '1', '45000', 1, '', '', 'custamer', '14 X 36', 0, 1, 4, 1, '2018-12-27 07:46:44', '2019-03-22 14:40:39'),
(22, '1401', 14, 1, 'Dharmendr Kumar', 'AshokBhai', 'Sharma', 'dharmendr@gmail.com', '7414963994', '242-Sai nagar, Dindoli', 'surat', 'Gujrat', '395004', '1', '51500', 1, '', '', 'Custemer', '16 X 36', 0, 1, 4, 1, '2018-12-28 07:11:43', '2019-03-22 14:40:39'),
(23, '1402', 14, 1, 'Anjudavi', 'Dharmendr', 'Sharma', 'anju@gmail.com', '9409864032', '242-Sai nagar, Dindoli', 'surat', 'gujrat', '395004', '1', '45000', 1, '', '', 'Custamer', '14 X 36', 0, 1, 4, 1, '2018-12-28 07:17:40', '2019-03-22 14:40:39'),
(24, '1403', 14, 1, 'Javahar', 'Lal', 'Maurya', 'javahar@gmail.com', '8400363749', '21-Aswani Park , Nava gam , Dindoli', 'surat', 'gujrat', '395004', '1', '51500', 1, '', '', 'custamer', '16 X 36', 0, 1, 4, 1, '2018-12-28 07:24:12', '2019-03-22 14:40:39'),
(25, '1404', 14, 1, 'Moti Lal', 'Shri Rammilan ', 'maurya', 'moti@gmail.com', '8401282812', '21-Aswani Park , Nava Gam , Dindoli', 'surat', 'gujrat', '395004', '1', '45000', 1, '', '', 'custamer', '14 X 36', 0, 1, 4, 1, '2018-12-28 07:29:30', '2019-03-22 14:40:39'),
(26, '1405', 14, 1, 'Ramdhani', 'Kumar', 'Maurya', 'ramdhani@gmail.com', '8401645184', '21- Aswani Park , Nava Gam , Dindoli', 'surat', 'gujrat', '395004', '1', '45000', 1, '', '', 'custamer', '14 X 36', 0, 1, 4, 1, '2018-12-28 07:36:27', '2019-03-22 14:40:39'),
(27, '1406', 14, 1, 'Ashaben', 'Sureshbhai ', 'Dhakate', 'ashaben@gmail.com', '9033427631', '115- Shajanad soc , godadra', 'surat', 'gujrat', '395010', '1', '51500', 1, '', '', 'custamer', '16 X 36', 0, 1, 4, 1, '2018-12-28 07:44:12', '2019-03-22 14:40:39'),
(28, '1407', 14, 1, 'Gitaben', '1', 'Dhakate', 'gitaben@gmail.com', '9724570935', '125-Ratna soc , Parvatgam udhna', 'surat', 'gujrat', '394210', '1', '51500', 1, '', '', 'custamer', '16 X 36', 0, 1, 4, 1, '2018-12-28 07:49:21', '2019-03-22 14:40:39'),
(29, '1408', 14, 1, 'Dharmik', 'Rekhaben', '1', 'dharmik@gmail.com', '7874118523', '101- Ratanprabha soc , Limbayat', 'surat', 'gujrat', '394210', '1', '51500', 1, '', '', 'custamer', '16 X 36', 0, 1, 4, 1, '2018-12-28 07:55:50', '2019-03-22 14:40:39'),
(30, '1409', 14, 1, 'Vaishali', '1', 'Davikar', 'vaishali@gmail.com', '7874118523', '231- Rushi Nagar , Godadra', 'surat', 'gujrat', '394210', '1', '51500', 1, '', '', 'custamer', '16 X 36', 0, 1, 4, 1, '2018-12-28 08:03:16', '2019-03-22 14:40:39'),
(31, '1410', 14, 1, 'Shilaben', 'Nandanvar', '1', 'shilaben@gmail.com', '8347288520', '115- shajanand soc , godadra', 'surat', 'gujrat', '394210', '1', '51500', 1, '', '', 'custamer', '16 X 36', 0, 1, 4, 1, '2018-12-29 04:00:05', '2019-03-22 14:40:39'),
(32, '1411', 14, 1, 'Shivrajbhai', 'Rajbhar', '1', 'shivraj@gmail.com', '9795352433', 'Dodapur bajar , neavdiya banevra , jonpur , uter pradesh', 'jonpur', 'up', '395006', '1', '51500', 1, '', '', 'custamer', '16 X 36', 0, 1, 4, 1, '2018-12-29 04:10:13', '2019-03-22 14:40:39'),
(33, '1412', 14, 1, 'Sanjay', 'Kumar ', '1', 'sanjay@gmail.com', '9662482922', 'Basupur  Manipur , Jonpur', 'jonpur', 'up', '395006', '1', '45000', 1, '', '', 'custamer', '14 X 36', 0, 1, 4, 1, '2018-12-29 04:15:00', '2019-03-22 14:40:39'),
(34, '1413', 14, 1, 'Bablubhai', '1', 'Rajbhar', 'bablubhai@gmail.com', '9157632623', 'Jamdid Marik pur , Rampur , Jonpur', 'jonpur', 'up', '395006', '1', '45000', 1, '', '', 'custamer', '14 X 36', 0, 1, 4, 1, '2018-12-29 04:22:23', '2019-03-22 14:40:39'),
(35, '1414', 14, 1, 'Barshi', 'Davi ', 'Limje', 'barshidavi@gmail.com', '9067573434', '1- krishna nagri , udhana rod', 'surat', 'gujrat', '394210', '1', '45000', 1, '', '', 'custamer', '14 X 36', 0, 1, 4, 1, '2018-12-29 04:33:41', '2019-03-22 14:40:39'),
(36, '1415', 14, 1, 'Raj', 'Kumar ', 'Sharma', 'raj@gmail.com', '7574968075', 'Vijay Nagar -1 , udhana', 'surat', 'gujrat', '394210', '1', '45000', 1, '', '', 'custamer', '14 X 36', 0, 1, 4, 1, '2018-12-29 04:39:04', '2019-03-22 14:40:39'),
(37, '1416', 14, 1, 'Navalkishor', '1', 'shah', 'navalkishor@gmail.com', '9714498402', '55-Vijay nagar -2 udhana', 'surat', 'gujrat', '394210', '1', '45000', 1, '', '', 'custamer', '14 X 36', 0, 1, 4, 1, '2018-12-29 04:44:59', '2019-03-22 14:40:39'),
(38, '1417', 14, 1, 'Sanjay', 'Kumar ', '1', 'sanjaykumar@gmail.com', '8511208352', '35-Ramdev nagar , udhna', 'surat', 'gujrat', '394210', '1', '181000', 1, '', '', 'custamer', '56*36', 0, 1, 4, 1, '2018-12-29 04:58:46', '2019-03-22 14:40:39'),
(39, '1419', 14, 1, 'Nikas', 'Kumar ', 'Singh', 'nikas@gmail.com', '8511893409', 'Gagva Singhvaliya  Gopalganj', 'gopalgaj', 'bihar', '841423', '1', '68000', 1, '', '', 'custamer', '21*36', 0, 1, 4, 1, '2018-12-29 05:06:57', '2019-03-22 14:40:39'),
(40, '1420', 14, 1, 'Ramcharan', '1', '1', 'ramcharan@gmail.com', '9793881144', 'Asaipur Matethu , sant ravedas nagar', 'matethu', 'up', '221404', '1', '103000', 1, '', '', 'custamer', '32*36', 0, 1, 4, 1, '2018-12-29 05:16:26', '2019-03-22 14:40:39'),
(41, '1421', 14, 1, 'Govind', '1', 'Yadav', 'goving@gmail.com', '8758836168', 'Gram jagat , maja  rudrapur , devariya', 'devariya', 'up', '274204', '1', '103000', 1, '', '', 'custamer', '32*36', 0, 1, 4, 1, '2018-12-29 05:22:29', '2019-03-22 14:40:39'),
(42, '1422', 14, 1, 'Nanhelal', 'Rajlal ', 'Prajapati', 'nanhelal@gmail.com', '7041479030', '110- bhakti nagar , bamroli rod, pandesra', 'surat', 'gujrat', '395006', '1', '103000', 1, '', '', 'custamer', '32*36', 0, 1, 4, 1, '2018-12-29 05:31:54', '2019-03-22 14:40:39'),
(43, '1423', 14, 1, 'Vishram', '1', '1', 'vishram@gmail.com', '9157822191', 'virbhadrapati matethu ,sant ravidas nagar', 'matethu', 'up', '221404', '1', '103000', 1, '', '', 'custamer', '32*36', 0, 1, 4, 1, '2018-12-29 05:41:17', '2019-03-22 14:40:39'),
(44, '1424', 14, 1, 'Mahendra', 'Pratap ', 'maurya', 'mahendra@gmail.com', '8264145558', '285- Gita nagar , bamroli rod , padesra', 'surat', 'gujrat', '395006', '1', '51500', 1, '', '', 'custamer', '16 X 36', 0, 1, 4, 1, '2018-12-29 05:49:25', '2019-03-22 14:40:39'),
(45, '1425', 14, 1, 'Girja sankar', '1 ', 'Yadav', 'girjasankar@gmail.com', '6351329131', '356-santi niketan , mani nagar , pandesra', 'surat', 'gujrat', '365006', '1', '90000', 1, '', '', 'custamer ', '28*36', 0, 1, 4, 1, '2018-12-29 05:53:57', '2019-03-22 14:40:39'),
(46, '1426', 14, 1, 'Lalti', 'Vindranand', 'Maurya', 'lalti@gmail.com', '9909274198', '270-kealas nagar , udhna', 'surat', 'gujrat', '395006', '1', '142500', 1, '', '', 'custamer', '44*36', 0, 1, 4, 1, '2018-12-29 06:02:24', '2019-03-22 14:40:39'),
(47, '1427', 14, 1, 'Shobha davi', 'Sealendr', 'maurya', 'shobhadav@gmail.com', '9998981627', '274-kelas nagar , udhna', 'surat', 'gujrat', '395006', '1', '142500', 1, '', '', 'custamer', '44*36', 0, 1, 4, 1, '2018-12-29 06:10:45', '2019-03-22 14:40:39'),
(48, '1428', 14, 1, 'Shyamghar', '1', 'Varma', 'shyamghar@gmail.com', '8401090074', '318-1  mani nagar , chanod vapi ,valsad', 'valsad', 'gujrat', '395006', '1', '45000', 1, '', '', 'custamer', '14 X 36', 0, 1, 4, 1, '2018-12-29 06:15:15', '2019-03-22 14:40:39'),
(52, '1432', 14, 1, 'Rushikumari', 'Rajivranjan', 'Chohan', 'rushi@gmail.com', '9265637785', '283- shri nath nagar , dindoli', 'surat', 'gujrat', '394210', '1', '136000', 1, '', '', 'custamer', '42*36', 200, 1, 4, 1, '2018-12-29 06:43:37', '2019-03-22 14:40:39'),
(53, '1433', 14, 1, 'Rajnesh', 'Kumar ', 'Bind', 'rajnesh@gmail.com', '6358209453', '262- Shri nath nagar , navagam , dindoli', 'surat', 'gujrat', '394210', '1', '68000', 1, '', '', 'custamer', '21*36', 0, 1, 4, 1, '2018-12-29 06:51:29', '2019-03-22 14:40:39'),
(54, '1434', 14, 1, 'Dhananjay', '1', 'Ray', 'dhananjay@gmail.com', '9662687588', '27-mahadev nagar , navagam , dindoli', 'surat', 'gujrat', '394210', '1', '68000', 1, '', '', 'custamer', '21*36', 0, 1, 4, 1, '2018-12-29 06:56:05', '2019-03-22 14:40:39'),
(55, '1435', 14, 1, 'Dhanmante', '1', 'Chodhari', 'dhanmante@gmail.com', '8460915217', '272- shri nath nagar , navagam , dindoli', 'surat', 'gujrat', '394210', '1', '103000', 1, '', '', 'custamer', '32*36', 0, 1, 4, 1, '2018-12-29 07:02:47', '2019-03-22 14:40:39'),
(56, '1437', 14, 1, 'Monidavi', 'Sonu ', 'Sharma', 'monidavi@gmail.com', '7874864216', '173- ambika nagar-2 , navagam , dindoli', 'surat', 'gujrat', '394210', '1', '136000', 1, '', '', 'custamer', '42*36', 0, 1, 4, 1, '2018-12-29 07:09:50', '2019-03-22 14:40:39'),
(57, '1438', 14, 1, 'Rita', 'Davi', '1', 'rita@gmail.com', '9664971975', '48- jugdamba nagar , C.R. patil , dindoli', 'surat', 'gujrat', '394210', '1', '45000', 1, '', '', 'custamer', '14 X 36', 0, 1, 4, 1, '2018-12-29 07:14:40', '2019-03-22 14:40:39'),
(58, '1439', 14, 1, 'Rajnesh', 'Kumar ', '1', 'rajneshkumar@gmail.com', '8460345185', 'Sirsiya , Vigcha , post-Mujfakarpur , Nalanda', 'nalanda', 'bihar', '803113', '1', '45000', 1, '', '', 'custamer', '16 X 36', 0, 1, 4, 1, '2018-12-29 07:21:44', '2019-03-22 14:40:39'),
(59, '000818', 5, 1, 'dilip', 'ramkalpbhai', 'vema', 'dv01031983@mail.com', '9898774296', 'flat no. 1346, sardar nagar polocy colony,\r\nnr.corporation bank, bamroli road pandesara', 'surat', 'gujarat', '395004', '1', '45000', 1, '', '', 'ajnt', '14 X 36', 0, 1, 4, 1, '2018-12-29 09:46:39', '2019-03-22 14:40:39'),
(60, '000819', 59, 1, 'ankita', 'dilipbhai', 'varma', 'av161089@gmail.com', '8401158242', 'flat no.1346, sardar nagar police colony,\r\nnr. corporation bank, bamroli road padesara', 'surat', 'gujarat', '395004', '1', '45000', 1, '', '', 'ajnt', '14 X 36', 0, 1, 4, 1, '2018-12-29 09:51:22', '2019-03-22 14:40:39'),
(61, '000820', 60, 1, 'deepak', 'adityanath', 'sharma', 'deepaksharma91126@gmail.com', '8401158242', 'padesar bamroli road', 'surat', 'gujarat', '395004', '1', '45000', 1, '', '', 'agnt', '14 X 36', 0, 1, 4, 1, '2018-12-30 02:25:51', '2019-03-22 14:40:39'),
(62, '1004', 19, 1, 'Surendr', 'Sitaram', 'Mahto', 'surendr@gmail.co', '9624529714', '58-A, Anand Park, Vedroad, Katargam,', 'Surat', 'Gujrat', '395004', '1', '45000', 1, '', '', 'Custamer', '14 X 36', 0, 1, 4, 1, '2018-12-31 00:35:03', '2019-03-22 14:40:39'),
(63, '1005', 19, 1, 'Ajay', 'Kumar', '1', 'ajay@gmail.com', '9104503151', 'A-123 Aanadpark ved road , katargam', 'surat', 'gujrat', '395004', '1', '68000', 1, '', '', 'custamer', '21*36', 0, 1, 4, 1, '2018-12-31 03:23:06', '2019-03-22 14:40:39'),
(64, '1006', 19, 1, 'Puchpa', 'Davi', '1', 'puchpa@gmail.com', '9104503151', 'A- 123 Aanad park ved road , katargam', 'surat', 'gujrat', '395004', '1', '68000', 1, '', '', 'custamer', '21*36', 0, 1, 4, 1, '2018-12-31 03:28:16', '2019-03-22 14:40:39'),
(65, '1007', 19, 1, 'Raju', 'Safi', '1', 'raju@gmail.com', '9974456280', 'A- 58 Aanad park ved road , katargam', 'surat', 'gujrat', '395004', '1', '45000', 1, '', '', 'custamer', '14 X 36', 0, 1, 4, 1, '2018-12-31 03:31:10', '2019-03-22 14:40:39'),
(66, '1008', 19, 1, 'Mahesh', 'Kumar', '1', 'mahesh@gmail.com', '8383089682', 'A- 58 Aanad park ved road , katargam', 'surat', 'gujrat', '395004', '1', '45000', 1, '', '', 'custamer', '14 X 36', 0, 1, 4, 1, '2018-12-31 03:33:50', '2019-03-22 14:40:39'),
(67, '1009', 19, 1, 'Kavita', 'Davi ', '1', 'kavita@gmail.com', '8383089682', 'A- 58 Aanad park ved road , katargam', 'surat', 'gujrat', '395004', '1', '45000', 1, '', '', 'custamer', '14 X 36', 0, 1, 4, 1, '2018-12-31 03:35:53', '2019-03-22 14:40:39'),
(68, '1010', 19, 1, 'Ganga', 'Prasad ', 'Maheto', 'ganga@gmail.com', '7878202032', 'A-58 Aanad park ved road , katargam', 'surat', 'gujrat', '395004', '1', '45000', 1, '', '', 'custamer', '14 X 36', 0, 1, 4, 1, '2018-12-31 03:38:38', '2019-03-22 14:40:39'),
(69, '1011', 15, 1, 'Niraj', '1', 'Singh', 'niraj@gmail.com', '9724434159', '43- Gujrat Gram grhu , nirmal bord , tarvadi , amroli', 'surat', 'gujrat', '394107', '1', '45000', 1, '', '', 'custamer', '14 X 36', 0, 1, 4, 1, '2018-12-31 03:49:00', '2019-03-22 14:40:39'),
(70, '1012', 18, 1, 'Simadavi', '1', 'Kanojiya', 'sima@gmail.com', '8733882850', '10- shri nath soc , kargil chok , varachha', 'surat', 'gujrat', '395006', '1', '51500', 1, '', '', 'custamer', '16 X 36', 0, 1, 4, 1, '2018-12-31 03:53:33', '2019-03-22 14:40:39'),
(71, '000821', 15, 1, 'Santlal', 'Banchidhar', 'Bind', 'santlal@gmail.com', '9558792214', '49-Mani Purchotam soc , variyav', 'surat', 'gujrat', '394520', '1', '45000', 1, '', '', 'agent', '14 X 36', 0, 1, 4, 1, '2018-12-31 04:07:27', '2019-03-22 14:40:39'),
(72, '1013', 71, 1, 'Patar', '1', 'bind', 'patar@gmail.com', '7486803106', '150- Amilhara , sant ravidas nagar , virampur', 'virampur', 'up', '221301', '1', '45000', 1, '', '', 'custamer', '14 X 36', 0, 1, 4, 1, '2018-12-31 04:15:12', '2019-03-22 14:40:39'),
(73, '1014', 71, 1, 'Saghu', 'Kumar', 'Bind', 'saghu@gmail.com', '7486803106', 'TejKiran, Chembersh, Hariom Banglow, katargam', 'Surat', 'Gujrat', '395006', '1', '45000', 1, '', '', 'Custamer', '14 X 36', 0, 1, 4, 1, '2018-12-31 06:25:07', '2019-03-22 14:40:39'),
(74, '000822', 15, 1, 'Prakashbhai', 'SureshBhai', 'Borisa', 'prakash@gmail.com', '9825571631', '117, Gajannd Park, Signpor Road, Bharimata Kogve katargam', 'Surat', 'Gujrat', '395004', '1', '45000', 1, '', '', 'Agent', '14 X 36', 20, 1, 4, 1, '2018-12-31 07:15:54', '2019-03-22 14:40:39'),
(75, '000823', 18, 1, 'Vijaykumar', 'Shitla', 'Prasad', 'vijaykumar@gmail.com', '9723037456', '203,Vallabha nagar, Kargil chowk, Punagam, varachha', 'Surat', 'Gujrat', '395006', '1', '45000', 1, '', '', 'agent', '14 X 36', 0, 1, 4, 1, '2019-01-03 09:01:14', '2019-03-22 14:40:39'),
(76, '1015', 71, 1, 'Ramchandr', '1', 'Bind', 'ramchandr@gmail.com', '7486803106', 'Tejkiran chambers hari om , pipals , katargam', 'surat', 'gujrat', '395004', '1', '45000', 1, '', '', 'custamer', '14 X 36', 0, 1, 4, 1, '2019-01-04 02:06:51', '2019-03-22 14:40:39'),
(77, '1016', 19, 1, 'Mohan', '1', 'Za', 'mohan@gmail.com', '955823325', 'A-58 Aanand park soc , ved road', 'surat', 'gujrat', '395004', '1', '45000', 1, '', '', 'custamer', '14 X 36', 0, 1, 4, 1, '2019-01-04 02:10:26', '2019-03-22 14:40:39'),
(78, '1017', 74, 1, 'Karuna', '1', 'Koli', 'karuna@gmail.com', '9930877789', 'Gokhale soc , mumbai', 'mumbai', 'maharast', '400012', '1', '45000', 1, '', '', 'custamer', '14 X 36', 0, 1, 4, 1, '2019-01-04 02:16:26', '2019-03-22 14:40:39'),
(79, '1018', 74, 1, 'Valjibhai', 'Ghudabhai ', 'Kanadiya', 'valjibhai@gmail.com', '7302434320', '302/8 Mariya Mumbai , NM Joshi Road , Dilay Road', 'mumbai', 'maharast', '400011', '1', '45000', 1, '', '', 'custamer', '14 X 36', 0, 1, 4, 1, '2019-01-04 02:23:06', '2019-03-22 14:40:39'),
(80, '1019', 75, 1, 'Anil', 'Shyamlal', 'Saroj', 'anil@gmail.com', '7658350543', '203, Valbhnagar puna , bomby market', 'surat', 'gujrat', '395010', '1', '68000', 1, '', '', 'custamer', '21*36', 0, 1, 4, 1, '2019-01-04 02:29:55', '2019-03-22 14:40:39'),
(81, '1020', 75, 1, 'Chandan', 'Bahadur', 'Saroj', 'chandan@gmail.com', '8128633515', '13 - Shrinath Soc , Punagam Varachha', 'surat', 'gujrat', '395006', '1', '45000', 1, '', '', 'custamer', '14 X 36', 0, 1, 4, 1, '2019-01-04 02:34:54', '2019-03-22 14:40:39'),
(82, '1021', 75, 1, 'Chandan', 'Bahadur', 'Saroj', 'chandan1@gmail.com', '8128633515', '13- Shrinath Soc , Punagam , Varachha', 'surat', 'gujrat', '395006', '1', '45000', 1, '', '', 'custamer', '14 X 36', 0, 1, 4, 1, '2019-01-04 02:39:21', '2019-03-22 14:40:39'),
(83, '1022', 75, 1, 'Manoj', '1', 'Saroj', 'manoj@gmail.com', '9106588872', '13- Shrinath Soc , Punagam , Varachha', 'surat', 'gujrat', '395006', '1', '116500', 1, '', '', 'custamer', '36*36', 0, 1, 4, 1, '2019-01-04 02:44:31', '2019-03-22 14:40:39'),
(85, '1024', 20, 1, 'Maheshkumar', 'Prabhunath', '1', 'mahesh1@gmail.com', '9558158574', '206- Aanand Park , Ved road', 'surat', 'gujrat', '395004', '1', '68000', 1, '', '', 'custamer', '21*36', 0, 1, 4, 1, '2019-01-04 03:16:29', '2019-03-22 14:40:39'),
(86, '1025', 19, 1, 'Santosh', 'Kumar', 'singh', 'santosh@gmail.com', '7226021445', 'A/58- Aanand Park , Ved road', 'surat', 'gujrat', '395004', '1', '68000', 1, '', '', 'custamer', '21*36', 0, 1, 4, 1, '2019-01-04 03:19:32', '2019-03-22 14:40:39'),
(87, '1029', 20, 1, 'Ratnesh', 'Kumar', '1', 'ratnesh@gmai.lcom', '9725679718', '205- Aanand Park , Ved road', 'surat', 'gujrat', '395006', '1', '68000', 1, '', '', 'custamer', '21*36', 0, 1, 4, 1, '2019-01-04 03:26:04', '2019-03-22 14:40:39'),
(88, '1031', 71, 1, 'Madan', 'Lal', 'Bind', 'madan@gmail.com', '6352809484', 'Tej kiran chambers , hariom , katargam', 'surat', 'gujrat', '395004', '1', '45000', 1, '', '', 'custamer', '14 X 36', 0, 1, 4, 1, '2019-01-04 03:29:49', '2019-03-22 14:40:39'),
(89, '1033', 71, 1, 'Vikas', '1', '1', 'vikas@gmail.com', '6355416574', 'Tej kiran chembers , hariom , katargam', 'surat', 'gujrat', '395004', '1', '45000', 1, '', '', 'custamer', '14 X 36', 0, 1, 4, 1, '2019-01-04 03:38:27', '2019-03-22 14:40:39'),
(90, '1034', 71, 1, 'Shubedar', '1', 'Bind', 'shubedar@gmail.com', '9173089204', 'Tej kiran chembers , hariom , katargam', 'surat', 'gujrat', '395004', '1', '45000', 1, '', '', 'custamer', '14 X 36', 0, 1, 4, 1, '2019-01-04 03:40:48', '2019-03-22 14:40:39'),
(91, '1042', 71, 1, 'Shivlal', 'Munseram', 'Bind', 'shivlal@gmail.com', '9173890718', 'B-1 Tej kiran chembers , katargam', 'surat', 'gujrat', '395004', '1', '68000', 1, '', '', 'custamer', '21*36', 0, 1, 4, 1, '2019-01-04 03:44:47', '2019-03-22 14:40:39'),
(92, '000824', 15, 1, 'Swapnaben', 'Prabir', 'Biswas', 'probirbiswas6269@gmail.com', '7486970243', '434-Ataljinagar, Near Patelnagar, Surat City, Surat, A.K. Road, Gujarat, 395008', 'Surat', 'Gujrat', '395008', '1', '45000', 1, '', '', 'Agent', '14 X 36', 0, 1, 4, 1, '2019-01-04 06:18:04', '2019-03-22 14:40:39'),
(93, '000825', 92, 1, 'Probir', 'Mukundlal', 'Biswas', 'prabir9879@gmail.com', '7486970243', '434-Atalji Nagar, A.K. Road, Near Patel Nagar, Surat', 'surat', 'Gujrat', '395008', '1', '45000', 1, '', '', 'Agent', '14 X 36', 0, 1, 4, 1, '2019-01-04 06:40:17', '2019-03-22 14:40:39'),
(94, '000826', 16, 1, 'Pavankumar', 'Gulabchandra', 'Tiwari', 'pavan@gmail.com', '8128840941', '753/0 - Ram Nagar 1 Vijalpore Navsari', 'navsari', 'gujrar', '396421', '1', '45000', 1, '', '', 'Agent', '14 X 36', 0, 1, 4, 1, '2019-01-07 03:26:18', '2019-03-22 14:40:39'),
(95, '000827', 94, 1, 'Gulabchanra', 'R', 'Tiwari', 'gulabchanra@gmail.com', '8128840941', '735/0 Ram Nagar 1 , Vijlapore Navsari', 'Navsari', 'gujrat', '396421', '1', '45000', 1, '', '', 'Agent', '14 X 36', 0, 1, 4, 1, '2019-01-07 03:32:13', '2019-03-22 14:40:39'),
(96, '1101', 95, 1, 'Sitadavi', '1', 'Sonkar', 'sita@gmail.com', '7435073006', 'Reva Nagar , Vijlapor  Navsari', 'navsari', 'gujrat', '396421', '1', '68000', 1, '', '', 'custamer', '21*36', 0, 1, 4, 1, '2019-01-07 03:38:00', '2019-03-22 14:40:39'),
(97, '1102', 95, 1, 'Chyamu', 'Chotelal', 'Sonkar', 'chyamu@gmail.com', '8469395960', 'Krishna Nagar , Vijalpor Navsari', 'navsari', 'gujrat', '396421', '1', '45000', 1, '', '', 'custamer', '14 X 36', 0, 1, 4, 1, '2019-01-07 03:42:22', '2019-03-22 14:40:39'),
(98, '1103', 95, 1, 'Rakeshbhai', '1', 'Sonkar', 'rakesh@gmail.com', '9737662675', 'Maruti Nagar Vijalpor Navsari', 'Navsari', 'gujrat', '396421', '1', '45000', 1, '', '', 'Custamer', '14 X 36', 0, 1, 4, 1, '2019-01-07 03:47:09', '2019-03-22 14:40:39'),
(99, '1104', 95, 1, 'Kuldip', 'Kumar ', 'Sonkar', 'kuldip@gmail.com', '7435073006', 'Reva Nagar , Vijalpor Navsari', 'navsari', 'gujrat', '396421', '1', '45000', 1, '', '', 'custamer', '14 X 36', 0, 1, 4, 1, '2019-01-07 03:50:56', '2019-03-22 14:40:39'),
(100, '1105', 95, 1, 'Sanu', 'Ben ', 'Sonkar', 'sanu@gail.com', '9737662675', 'Maruti Nagar , Vijalpor Navsari', 'navsari', 'gujrat', '396421', '1', '45000', 1, '', '', 'custamer', '14 X 36', 0, 1, 4, 1, '2019-01-07 03:55:17', '2019-03-22 14:40:39'),
(101, '1106', 95, 1, 'Prema', 'Davi', 'Sonkar', 'prema@gmail.com', '8511506230', 'Dhiru Vadi no. 3  Vijalpor Navsari', 'navsari', 'gujrat', '396421', '1', '45000', 1, '', '', 'custamer', '14 X 36', 0, 1, 4, 1, '2019-01-07 03:59:57', '2019-03-22 14:40:39'),
(102, '1107', 95, 1, 'Mahendr', 'Kumar', 'Sonkar', 'mahendr@gmail.com', '8690349177', 'Krishna Nagar , Vijalpor Navsari', 'navsari', 'gujrat', '396421', '1', '45000', 1, '', '', 'custamer', '14 X 36', 0, 1, 4, 1, '2019-01-07 04:03:44', '2019-03-22 14:40:39'),
(103, '1108', 95, 1, 'Gayamate', 'Davi', 'Sonkar', 'gayamate@gmail.com', '8690349177', 'Krishna Nagar ,  Vijalpor Navsari', 'navsari', 'gujrat', '396421', '1', '45000', 1, '', '', 'custamer', '14 X 36', 0, 1, 4, 1, '2019-01-07 04:07:22', '2019-03-22 14:40:39'),
(104, '1109', 95, 1, 'Chandrnath', '1', 'Sonkar', 'chandrnath@gmail.com', '9601731105', '2- Laxmi Nagar , Vijalpor Navsari', 'navsari', 'gujrat', '396421', '1', '45000', 1, '', '', 'custamer', '14 X 36', 0, 1, 4, 1, '2019-01-07 04:16:51', '2019-03-22 14:40:39'),
(105, '1110', 95, 1, 'Arvind', 'Kumar', 'Sonkar', 'arvind@gmail.com', '9173375290', 'Ramji Park , Vijlapor Navsari', 'navsari', 'gujrat', '396421', '1', '45000', 1, '', '', 'custamer', '14 X 36', 0, 1, 4, 1, '2019-01-07 04:20:01', '2019-03-22 14:40:39'),
(106, '1111', 95, 1, 'Pankaj', '1', 'Sonkar', 'pankaj@gmail.com', '9662389839', '3- Dhirubhai Vadi , Vijalpor Navsari', 'navsari', 'gujrat', '396421', '1', '45000', 1, '', '', 'custamer', '14 X 36', 0, 1, 4, 1, '2019-01-07 04:22:38', '2019-03-22 14:40:39'),
(107, '1112', 95, 1, 'Rajbali', 'Arjun', 'Pal', 'rajbali@gmail.com', '7698130334', 'Vipul Nagar , Ghelkhadi , Navsari', 'navsari', 'gujrat', '396421', '1', '45000', 1, '', '', 'custamer', '14 X 36', 0, 1, 4, 1, '2019-01-07 04:25:54', '2019-03-22 14:40:39'),
(108, '1113', 95, 1, 'Trilokinath', '1', 'Gond', 'trilokinath@gmail.com', '7802858646', '132- Harsh Ganga Soc, Jalalpor', 'navsari', 'gujrat', '396421', '1', '45000', 1, '', '', 'custamer', '14 X 36', 0, 1, 4, 1, '2019-01-07 04:42:19', '2019-03-22 14:40:39'),
(109, '1114', 95, 1, 'Manoj', 'Kumar', 'Gond', 'manojkumar@gmail.com', '9737963726', '132- Harsh Ganga Soc, Jalalpor', 'navsari', 'gujrat', '396421', '1', '45000', 1, '', '', 'custamer', '14 X 36', 0, 1, 4, 1, '2019-01-07 04:45:29', '2019-03-22 14:40:39'),
(110, '1115', 95, 1, 'Vimlesh', 'Ramashish', 'Gupta', 'vimlesh@gmail.com', '9726062370', 'Govshala ghalkhadi', 'navsari', 'gujrat', '396421', '1', '45000', 1, '', '', 'custamer', '14 X 36', 0, 1, 4, 1, '2019-01-07 04:48:26', '2019-03-22 14:40:39'),
(111, '1116', 95, 1, 'Silesh', 'Ramashish', 'Gupta', 'silesh@gmail.com', '9638921489', 'Govshala Ghilkhadi', 'navsari', 'gujrat', '396421', '1', '45000', 1, '', '', 'custamer', '14 X 36', 0, 1, 4, 1, '2019-01-07 04:51:18', '2019-03-22 14:40:39'),
(112, '1117', 95, 1, 'Vinod', 'Kumar', 'Gond', 'vinod@gmail.com', '9898969686', '132- Harsh Ganga Soc, Jalalpor', 'navsari', 'gujrat', '396421', '1', '45000', 1, '', '', 'custamer', '14 X 36', 0, 1, 4, 1, '2019-01-07 04:53:52', '2019-03-22 14:40:39'),
(113, '1118', 95, 1, 'Vinod', 'Kumar', 'Gond', 'vinodkumar@gmail.com', '9898969686', '132-Harsh Ganga Soc, Jalalpor', 'navsari', 'gujrat', '396421', '1', '45000', 1, '', '', 'custamer', '14 X 36', 0, 1, 4, 1, '2019-01-07 05:00:05', '2019-03-22 14:40:39'),
(114, '1119', 95, 1, 'Jitendr', '1', 'Kevat', 'jitendr@gmail.com', '7081315001', '132- Harsh Ganga Soc , Jalalpor', 'navsari', 'gujrat', '396421', '1', '45000', 1, '', '', 'custamer', '14 X 36', 0, 1, 4, 1, '2019-01-07 05:02:40', '2019-03-22 14:40:39'),
(115, '1120', 95, 1, 'Jitendr', '1', 'Kevat', 'jitendr1@gmail.com', '7081315001', '132- Harsh Ganga Soc, Jalalpor', 'navsari', 'gujrat', '396421', '1', '45000', 1, '', '', 'custamer', '14 X 36', 0, 1, 4, 1, '2019-01-07 05:05:00', '2019-03-22 14:40:39'),
(116, '1121', 95, 1, 'Satyanarayan', '1', 'Kevat', 'satyanarayan@gmail.com', '7069192403', '132- Harsh Ganga Soc , Jalalpor', 'navsari', 'gujrat', '396421', '1', '45000', 1, '', '', 'custamer', '14 X 36', 0, 1, 4, 1, '2019-01-07 05:07:33', '2019-03-22 14:40:39'),
(117, '1122', 95, 1, 'Laxman', 'Kumar', 'Kevat', 'laxman@gmail.com', '7984860820', '132- Harsh Ganga Soc, Jalalpor', 'navsari', 'gujrat', '396421', '1', '45000', 1, '', '', 'custamer', '14 X 36', 0, 1, 4, 1, '2019-01-07 05:11:46', '2019-03-22 14:40:39'),
(118, '1123', 95, 1, 'Ratan', 'Lal', 'Kevat', 'ratan@gmail.com', '7706035517', '132- Harsh Ganga Soc , Jalalpor', 'navsari', 'gujrat', '396421', '1', '45000', 1, '', '', 'custamer', '14 X 36', 0, 1, 4, 1, '2019-01-07 05:14:06', '2019-03-22 14:40:39'),
(119, '1124', 95, 1, 'Seashnath', 'Sudama', 'Kevar', 'seashnath@gmail.com', '9724037838', '132- Harsh Ganga Soc, Jalalpor', 'navsari', 'gujrat', '396421', '1', '45000', 1, '', '', 'custamer', '14 X 36', 0, 1, 4, 1, '2019-01-07 05:17:31', '2019-03-22 14:40:39'),
(120, '1125', 95, 1, 'Seashnath', 'Sudama', 'Kevat', 'seashnath1@gmail.com', '9724037838', '132- Harsh Ganga Soc, Jalalpor', 'navsari', 'gujrat', '396421', '1', '45000', 1, '', '', 'custamer', '14 X 36', 0, 1, 4, 1, '2019-01-07 05:20:14', '2019-03-22 14:40:39'),
(121, '1126', 95, 1, 'Mahesh', '1', 'Sahani', 'mahesh0@gmail.com', '7041362482', 'Ram Nagar-3 Vijalpor', 'navsari', 'gujrat', '396421', '1', '45000', 1, '', '', 'custamer', '14 X 36', 0, 1, 4, 1, '2019-01-07 05:25:57', '2019-03-22 14:40:39'),
(122, '1127', 95, 1, 'Mahesh', '1', 'Sahani', 'mahesh01@gmail.com', '7041362482', 'Ram Nagar-3 Vijalpor', 'navsari', 'gujrat', '396421', '1', '45000', 1, '', '', 'custamer', '14 X 36', 0, 1, 4, 1, '2019-01-07 05:29:25', '2019-03-22 14:40:39'),
(123, '1128', 95, 1, 'Triloki', '1', 'Gond', 'triloki@gmail.com', '7802858646', '132- Harsh Ganga Soc, Vijalpor', 'navsari', 'gujrat', '396421', '1', '45000', 1, '', '', 'custamer', '14 X 36', 0, 1, 4, 1, '2019-01-07 05:34:19', '2019-03-22 14:40:39'),
(124, '1129', 95, 1, 'Manesh', 'Kumar', 'Gond', 'manesh@gmail.com', '7226967877', '132- Harsh Ganga Soc , Vijalpor', 'navsari', 'gujrat', '396421', '1', '45000', 1, '', '', 'custamer', '14 X 36', 0, 1, 4, 1, '2019-01-07 05:36:54', '2019-03-22 14:40:39'),
(125, '1130', 95, 1, 'Sunil', 'Kumar', 'Rajbhar', 'sunil@gmail.com', '9724194456', '132-Harsh Ganga Soc, Vijalpor', 'navsari', 'gujrat', '396421', '1', '45000', 1, '', '', 'custamer', '14 X 36', 0, 1, 4, 1, '2019-01-07 05:46:29', '2019-03-22 14:40:39'),
(126, '1131', 95, 1, 'Sunil', 'Kumar', 'Rajbhar', 'sunil1@gmail.com', '9724194456', '132- Harsh Ganga Soc , Vijalpor', 'navsari', 'gujrat', '396421', '1', '45000', 1, '', '', 'custamer', '14 X 36', 0, 1, 4, 1, '2019-01-07 05:49:20', '2019-03-22 14:40:39'),
(127, '1132', 95, 1, 'Shmsa', '1', 'Talrej', 'shmsa@gmail.com', '9558775009', '510- Anukul Apperment , Dargha Road', 'navsari', 'gujrat', '396421', '1', '45000', 1, '', '', 'custamer', '14 X 36', 0, 1, 4, 1, '2019-01-07 05:56:35', '2019-03-22 14:40:39'),
(128, '1134', 95, 1, 'Raj', 'Mohmad', 'Khan', 'rajmohmad@gmail.com', '9978131077', '510-Anukul Apperment, Dargha Road', 'navsari', 'gujrat', '396421', '1', '45000', 1, '', '', 'custamer', '14 X 36', 0, 1, 4, 1, '2019-01-07 06:00:14', '2019-03-22 14:40:39'),
(129, '1135', 95, 1, 'Vikas', '1', 'Govtam', 'vikas1@gmail.com', '9146306442', '132-Harsh Ganga Soc , Jalalpor', 'navsari', 'gujrat', '396421', '1', '45000', 1, '', '', 'custamer', '14 X 36', 0, 1, 4, 1, '2019-01-07 06:16:29', '2019-03-22 14:40:39'),
(130, '1136', 95, 1, 'Sandip', 'Kumar', 'Gond', 'sandip@gmail.com', '8511504651', '132-Harsh Ganga Soc , Jalalpor', 'navsari', 'gujrat', '396421', '1', '45000', 1, '', '', 'custamer', '14 X 36', 0, 1, 4, 1, '2019-01-07 06:19:25', '2019-03-22 14:40:39'),
(131, '1137', 95, 1, 'Ranbeer', '1', 'Nishad', 'ranbeer@gmail.com', '9665441099', '132- Harsh Ganga Soc ,Jalalpor', 'navsari', 'gujrat', '396421', '1', '45000', 1, '', '', 'custamer', '14 X 36', 0, 1, 4, 1, '2019-01-07 06:22:05', '2019-03-22 14:40:39'),
(132, '1138', 95, 1, 'Ranbeer', '1', 'Nishad', 'ranbeer1@gmail.com', '9665441099', '132-Harsh Ganga , Soc , Jalapor', 'navsari', 'gujrat', '396421', '1', '45000', 1, '', '', 'custamer', '14 X 36', 0, 1, 4, 1, '2019-01-07 06:26:21', '2019-03-22 14:40:39'),
(133, '1139', 95, 1, 'Shyam', 'Sundar', 'Kevat', 'shyam@gmail.com', '8469812038', '132-Harsh Ganga Soc , Jalalpor', 'navsari', 'gujrat', '396421', '1', '45000', 1, '', '', 'custamer', '14 X 36', 0, 1, 4, 1, '2019-01-07 06:29:46', '2019-03-22 14:40:39'),
(134, '1140', 95, 1, 'Ranjindar', '1', 'Kevat', 'ranjindar@gmail.com', '7487863973', 'Ram Nagar-1 Vijalpor', 'navsari', 'gujrat', '396421', '1', '45000', 1, '', '', 'custamer', '14 X 36', 0, 1, 4, 1, '2019-01-07 06:35:59', '2019-03-22 14:40:39'),
(135, '1141', 95, 1, 'Ramesh', 'kumar', 'Nishad', 'ramesh@gmail.com', '9315311804', 'Ram Nagar soc , Jalalpor', 'navsari', 'gujrat', '396421', '1', '45000', 1, '', '', 'custamer', '14 X 36', 0, 1, 4, 1, '2019-01-07 06:38:40', '2019-03-22 14:40:39'),
(136, '1142', 95, 1, 'Ramesh', 'Kumar ', 'Nishad', 'ramesh1@gmail.com', '9315311804', 'Ram Nagar Soc , Jalalpor', 'navsari', 'gujrat', '396421', '1', '45000', 1, '', '', 'custamer', '14 X 36', 0, 1, 4, 1, '2019-01-07 06:42:19', '2019-03-22 14:40:39'),
(137, '1143', 95, 1, 'Ramesh', 'Kumar ', 'Nishad', 'ramesh01@gmail.com', '9315311804', 'Ramnagar Soc , Jalalpor', 'navsari', 'gujrat', '396421', '1', '45000', 1, '', '', 'custamer', '14 X 36', 0, 1, 4, 1, '2019-01-07 06:44:58', '2019-03-22 14:40:39'),
(138, '1144', 95, 1, 'Sushil', 'Kumar', 'Rajbhar', 'sushil@gmail.com', '9724174456', 'Ramnagar Vijalpor', 'navsari', 'gujrat', '396421', '1', '45000', 1, '', '', 'custamer', '14 X 36', 0, 1, 4, 1, '2019-01-07 06:48:49', '2019-03-22 14:40:39'),
(139, '1145', 95, 1, 'Sushil', 'Kumar', 'Rajbhar', 'sushil1@gmail.com', '9724174456', 'Ram nagar , Vijalpor', 'navsari', 'gujrat', '396421', '1', '45000', 1, '', '', 'custamer', '14 X 36', 0, 1, 4, 1, '2019-01-07 06:51:31', '2019-03-22 14:40:39'),
(140, '1146', 95, 1, 'Manoj kumar', 'Chotelal', 'Kevat', 'manoj1@gmail.com', '9725798299', 'Harsh ganga Soc , Jalalpor', 'navsari', 'gujrat', '396421', '1', '45000', 1, '', '', 'custamer', '14 X 36', 0, 1, 4, 1, '2019-01-07 06:55:12', '2019-03-22 14:40:39'),
(141, '1147', 95, 1, 'Manoj', 'Kumar', 'Kevat', 'manoj01@gmail.com', '9728798299', 'Harsh Ganga Soc, Jalalpor', 'navsari', 'gujrat', '396421', '1', '45000', 1, '', '', 'custamer', '14 X 36', 0, 1, 4, 1, '2019-01-07 06:59:10', '2019-03-22 14:40:39'),
(142, '1148', 95, 1, 'Raju kumar', 'Jaglal', 'Ravat', 'raju1@gmail.com', '7575841830', 'Harsh Ganga Soc, Jalalpor', 'navsari', 'gujrat', '396421', '1', '45000', 1, '', '', 'custamer', '14 X 36', 0, 1, 4, 1, '2019-01-07 07:04:39', '2019-03-22 14:40:39'),
(143, '1149', 95, 1, 'Raju kumar', 'Jaglal', 'Ravat', 'raju01@gmail.com', '7575841830', 'Harsh Ganga Soc , Jalalpor', 'navsari', 'gujrat', '396421', '1', '45000', 1, '', '', 'custamer', '14 X 36', 0, 1, 4, 1, '2019-01-07 07:06:45', '2019-03-22 14:40:39'),
(144, '1150', 95, 1, 'Sunita', 'Ramchandr', 'Thumre', 'sunita@gmail.com', '6354800712', '4- Reva Nagar , Aambavadi Vijalpor', 'navsari', 'gujrat', '396421', '1', '45000', 1, '', '', 'custamer', '14 X 36', 0, 1, 4, 1, '2019-01-07 07:09:39', '2019-03-22 14:40:39'),
(145, '1151', 95, 1, 'Ramesh chandr', 'Manboth', 'Tiwari', 'rameshchandr@gmail.com', '9833108530', '2- Samar Bahadur Singh, M.N.G. Road Borivali', 'mumbai', 'maharast', '395006', '1', '90000', 1, '', '', 'custamer', '28*36', 0, 1, 4, 1, '2019-01-07 07:16:30', '2019-03-22 14:40:39'),
(146, '1152', 95, 1, 'Ratnesh', 'Endramani', 'Sharma', 'ratnesh@gmail.com', '6359278574', '4- Reva Nagar Aambavadi Vijalpor', 'navsari', 'gujrat', '396421', '1', '45000', 1, '', '', 'custamer', '14 X 36', 0, 1, 4, 1, '2019-01-08 03:03:17', '2019-03-22 14:40:39'),
(147, '1153', 95, 1, 'Sulekhaben', 'Lalmani', 'Yadav', 'sulekhaben@gmail.com', '9924119552', '4-Reva Nagar, Aambavadi Vilalpor', 'navsari', 'gujrat', '396421', '1', '45000', 1, '', '', 'custamer', '14 X 36', 0, 1, 4, 1, '2019-01-08 03:05:57', '2019-03-22 14:40:39'),
(148, '1154', 95, 1, 'Avdhesh', '1', 'Chodhari', 'avdhesh@gmail.com', '7600154671', '2- Ram Nagar , Vijalpor', 'navsari', 'gujrat', '396421', '1', '45000', 1, '', '', 'custamer', '14 X 36', 0, 1, 4, 1, '2019-01-08 03:09:13', '2019-03-22 14:40:39'),
(149, '1155', 95, 1, 'Lalghar', 'Achali', 'Saroj', 'lalghar@gmail.com', '8511539397', '7/1252- Reva Nagar , Aambavadi , Vijalpor', 'navsari', 'gujrat', '396421', '1', '45000', 1, '', '', 'custamer', '14 X 36', 0, 1, 4, 1, '2019-01-08 03:13:10', '2019-03-22 14:40:39'),
(150, '1156', 95, 1, 'Brijesh Kumar', 'Laxman', 'Ray', 'brijesh@gmail.com', '9624404662', '2-Ram Nagar , Vijalpor', 'navsari', 'gujrat', '396421', '1', '45000', 1, '', '', 'custamer', '14 X 36', 0, 1, 4, 1, '2019-01-08 03:15:43', '2019-03-22 14:40:39'),
(151, '1157', 95, 1, 'Mevaprasad', 'Pamprut', 'Bin', 'mevaprasad@gmail.com', '6352324673', 'Harsh Ganga Soc , Jalalpor', 'navsari', 'gujrat', '396421', '1', '45000', 1, '', '', 'custamer', '14 X 36', 0, 1, 4, 1, '2019-01-08 03:18:13', '2019-03-22 14:40:39'),
(152, '000828', 15, 1, 'Swamisankar', 'Fekuram', 'Dhivar', 'swamisankar@gmail.com', '9998148509', '11/12- Yogi Aestate , Chikuvadi', 'Sayan', 'gujrat', '394130', '1', '45000', 1, '', '', 'Agent', '14 X 36', 0, 1, 4, 1, '2019-01-08 03:28:10', '2019-03-22 14:40:39'),
(153, '000829', 15, 1, 'Rajendra', 'Sobhanath', 'Prasad', 'rajendra@gmail.com', '7778913101', 'B/112- Mukundpur , Mariahun , Jaunpur', 'mariahu', 'uttar pradesh', '222161', '1', '45000', 1, '', '', 'Agent\r\n', '14 X 36', 0, 1, 4, 1, '2019-01-08 03:44:20', '2019-03-22 14:40:39'),
(154, '000830', 15, 1, 'Ashish', 'Yogeshbhai', 'Ghoghari', 'ashish@gmail.com', '9727364956', 'A/128- Shiv Chaya Soc , Ved Road , Katargam', 'surat', 'gujrat', '395004', '1', '45000', 1, '', '', 'Agent', '14 X 36', 0, 1, 4, 1, '2019-01-08 03:51:27', '2019-03-22 14:40:39'),
(155, '1026', 152, 1, 'Sarita', '1', 'Patel', 'sarita@gmail.com', '8153088763', 'R-107 - Sedhesvar Bilding , Sugar Road', 'sayan', 'gujrat', '394130', '1', '45000', 1, '', '', 'custamer', '14 X 36', 0, 1, 4, 1, '2019-01-08 04:12:14', '2019-03-22 14:40:39'),
(156, '1027', 152, 1, 'Bulan', '1', 'Patel', 'bulan@gmail.com', '8153088763', 'R-107- Sidheshwar Bilding , Sugar Road', 'sayan', 'gujrat', '394130', '1', '45000', 1, '', '', 'custamer', '14 X 36', 0, 1, 4, 1, '2019-01-08 04:17:09', '2019-03-22 14:40:39'),
(157, '1028', 152, 1, 'Bulan', '1', 'Patel', 'bulan1@gmail.com', '8153088763', 'R-107- Sidheswar Bilding , Sugar Road', 'sayan', 'gujrat', '394130', '1', '45000', 1, '', '', 'custamer', '14 X 36', 0, 1, 4, 1, '2019-01-08 04:19:18', '2019-03-22 14:40:39'),
(158, '1030', 153, 1, 'Prabhavati', 'Davi', '1', 'prabhavati@gmail.com', '9173421893', 'P-20- Rameshbhai Bilding , Shri ram Chokdi , Amroli', 'surat', 'gujrat', '394107', '1', '45000', 1, '', '', 'custamer', '14 X 36', 0, 1, 4, 1, '2019-01-08 04:23:51', '2019-03-22 14:40:39'),
(159, '1032', 154, 1, 'Syamjibhai', 'Bhurabhai', 'Babariya', 'syamjibhai@gmail.com', '6356143970', 'Babariya Bhurabhai , Bhigrad , Kamnagar , Ladhi Amrali', 'amrali', 'gujrat', '365220', '1', '45000', 1, '', '', 'custamer', '14 X 36', 0, 1, 4, 1, '2019-01-08 04:32:25', '2019-03-22 14:40:39'),
(160, '1035', 154, 1, 'Bhikhabhai', 'Kanjibhai', 'Chavda', 'bhikhabhai@gmail.com', '9712469816', '65-Laxminarayan Soc , Tarvadi Variyav , Amroli', 'surat', 'gujrat', '394107', '1', '158750', 1, '', '', 'custamer', '49*36', 0, 1, 4, 1, '2019-01-08 04:37:51', '2019-03-22 14:40:39'),
(161, '1036', 154, 1, 'Hemaben', 'Kalubhai', 'Chavda', 'hemaben@gmail.com', '9898105252', '279/B-5 Aavas Kosad , Amroli', 'surat', 'gujrat', '394107', '1', '68000', 1, '', '', 'custamer', '21*36', 0, 1, 4, 1, '2019-01-08 04:40:48', '2019-03-22 14:40:39'),
(162, '1037', 154, 1, 'Nagjibhai', 'Kalubhai', 'Chavda', 'nagjibhai@gmail.com', '9898105252', '279/B-5 Aavas Kosad , Amroli', 'surat', 'gujrat', '394107', '1', '68000', 1, '', '', 'custamer', '21*36', 0, 1, 4, 1, '2019-01-08 04:43:37', '2019-03-22 14:40:39'),
(163, '1038', 18, 1, 'Bachubhai', '1', 'Kanojiya', 'bachubhai@gmail.com', '8733882850', '10-Shri Nath Soc , Kargil Chok , Varachha', 'surat', 'gujrat', '395006', '1', '45000', 1, '', '', 'custamer', '14 X 36', 0, 1, 4, 1, '2019-01-08 04:46:50', '2019-03-22 14:40:39'),
(164, '1039', 154, 1, 'Narendrabhai', 'Babubhai', 'Butani', 'narendra@gmail.com', '8460820310', '100- Sarita , Kargil Chok , Varachha', 'surat', 'gujrat', '395006', '1', '68000', 1, '', '', 'custamer', '21*36', 0, 1, 4, 1, '2019-01-08 04:49:57', '2019-03-22 14:40:39'),
(165, '1040', 154, 1, 'Hashmukhabhai', 'JIvanbhai', 'Ghoghari', 'hashmukhabhai@gmail.com', '9099126690', 'H-31 Balaji Nagar , Dabholi Road', 'surat', 'gujrat', '395004', '1', '74500', 1, '', '', 'custamer', '23*36', 0, 1, 4, 1, '2019-01-08 04:55:00', '2019-03-22 14:40:39'),
(166, '1041', 154, 1, 'Nitaben', 'Hashmukhabhai', 'Ghoghari', 'nitaben@gmail.com', '9099126690', 'H-31 Balaji Nagar , Dabholi Road', 'surat', 'gujrat', '395004', '1', '45000', 1, '', '', 'custamer', '14 X 36', 0, 1, 4, 1, '2019-01-08 04:57:03', '2019-03-22 14:40:39'),
(167, '1043', 154, 1, 'Kinjalben', 'Sureshbhai', 'Dhamiliya', 'kinjalben@gmail.com', '9427266866', '29/30- Harekrishna Park Soc , Mahadev Chok , Varachha', 'surat', 'gujrat', '395006', '1', '68000', 1, '', '', 'custamer', '21*36', 0, 1, 4, 1, '2019-01-08 05:00:59', '2019-03-22 14:40:39'),
(168, '1044', 154, 1, 'Sureshbhai', 'Jivrajbhai', 'Dhamiliya', 'sureshbhai@gmail.com', '9427266866', '29/30- Harekrishna Park Soc , Mahadev Chok , Varachha', 'surat', 'gujrat', '395006', '1', '68000', 1, '', '', 'custamer', '21*36', 0, 1, 4, 1, '2019-01-08 05:04:01', '2019-03-22 14:40:39'),
(170, '1301', 17, 1, 'Suryabhan', '1', '1', 'suryabhan@gmail.com', '8346761746', 'Mahadev Nagar  Bamroli Pandesra', 'surat', 'gujrat', '394221', '1', '45000', 1, '', '', 'custamer', '14 X 36', 0, 1, 4, 1, '2019-01-12 23:16:17', '2019-03-22 14:40:39'),
(171, '1302', 17, 1, 'Suryabhan', '1', '1', 'suryabhan1@gmail.com', '8346761746', 'Mahadev Nagar , Bamroli Pandesra', 'surat', 'gujrat', '394221', '1', '45000', 1, '', '', 'custamer', '14 X 36', 0, 1, 4, 1, '2019-01-12 23:19:30', '2019-03-22 14:40:39'),
(172, '1303', 17, 1, 'Dinesh', 'Kumar ', 'Bind', 'dinesh@gmail.com', '9724123675', 'Mahadev Nagar , Bamroli Pandesara', 'surat', 'gujrat', '394221', '1', '45000', 1, '', '', 'custamer', '14 X 36', 0, 1, 4, 1, '2019-01-12 23:21:41', '2019-03-22 14:40:39'),
(173, '1304', 5, 1, 'Papu', '1', 'Goand', 'papu@gmail.com', '9662461589', '161-Amrut Nagar , Pandesara', 'surat', 'gujrat', '394221', '1', '51800', 1, '', '', 'custamer', '16 X 36', 0, 1, 4, 1, '2019-01-12 23:25:28', '2019-03-22 14:40:39'),
(174, '1305', 17, 1, 'Manoj', 'Kumar', 'Ray', 'manoj2@gmail.com', '6354645693', 'Sachin', 'sachin', 'gujrat', '395006', '1', '68000', 1, '', '', 'custamer', '21*36', 0, 1, 4, 1, '2019-01-12 23:29:24', '2019-03-22 14:40:39'),
(175, '1306', 17, 1, 'Akhilesh', 'Kumar', 'Ray', 'akhilesh@gmail.com', '9724102060', 'Racholi  Saran', 'saran', 'bihar', '395006', '1', '68000', 1, '', '', 'custamr', '21*36', 0, 1, 4, 1, '2019-01-12 23:36:23', '2019-03-22 14:40:39'),
(176, '1309', 5, 1, 'Saviya', 'Khatun', 'Ansari', 'saviya@gmail.com', '9904851482', 'Soyeb Nagar , Uon  Patiya', 'surat', 'gujrat', '395006', '1', '68000', 1, '', '', 'custamer', '21*36', 0, 1, 4, 1, '2019-01-12 23:41:10', '2019-03-22 14:40:39'),
(177, '1307', 176, 1, 'Din', 'Mohamad', 'Bloch', 'dinmohamad@gmail.com', '9624500560', 'Sarar Nagar -2  Uon Paty', 'surat', 'gujrat', '56', '1', '113400', 1, '', '', 'custamer', '35*36', 0, 1, 4, 1, '2019-01-12 23:48:19', '2019-03-22 14:40:39'),
(178, '1308', 176, 1, 'Najeamabanu', '1', 'Kaji', 'najeamabanu@gmail.com', '8141339248', 'Soyeb  Nagar-38  Uon Patiya', 'surat', 'gujrat', '395006', '1', '68000', 1, '', '', 'custamer', '21*36', 0, 1, 4, 1, '2019-01-12 23:52:27', '2019-03-22 14:40:39'),
(179, '1310', 176, 1, 'Kudejabau', '1', 'Ansari', 'kudejabanu@gmail.com', '8460273854', '25- Soyeb Nagar, Uon Patiya', 'surat', 'gujrat', '395006', '1', '68000', 1, '', '', 'custamer', '21*36', 0, 1, 4, 1, '2019-01-12 23:57:53', '2019-03-22 14:40:39'),
(180, '1311', 176, 1, 'Kudejabanu', '1', 'Ansari', 'kudejabanu2@gmail.com', '8460273854', '25-Soyeb Nagar , Uon Patiya', 'surat', 'gujrat', '395006', '1', '68000', 1, '', '', 'custamer', '21*36', 0, 1, 4, 1, '2019-01-13 00:00:12', '2019-03-22 14:40:39'),
(181, '1312', 176, 1, 'Kudejabanu', '1', 'Ansari', 'kudejabanu3@gmail.com', '8460273854', '25-Soyeb Nagar , Uon Patiya', 'surat', 'gujrat', '395006', '1', '45000', 1, '', '', 'custamer', '14 X 36', 0, 1, 4, 1, '2019-01-13 00:04:08', '2019-03-22 14:40:39'),
(182, '1313', 176, 1, 'Kudejabanu', '1', 'Ansari', 'kudejabanu4@gmail.com', '8460273854', '25-Soyeb Nagar , Uon Patiya', 'surat', 'gujrat', '395006', '1', '45000', 1, '', '', 'custamer', '14 X 36', 0, 1, 4, 1, '2019-01-13 00:06:30', '2019-03-22 14:40:39'),
(183, '1314', 176, 1, 'Avrar', 'Vafil', 'Shekh', 'avrar@gmail.com', '8306166147', '25-Soyeb  Nagar  , Uon Patiya', 'surat', 'gujrat', '395006', '1', '45000', 1, '', '', 'custamer', '14 X 36', 0, 1, 4, 1, '2019-01-13 00:09:49', '2019-03-22 14:40:39'),
(184, '1315', 176, 1, 'Samina', 'Vamim', 'Shekh', 'samina@gmail.com', '8866786579', '25-Soyeb Nagar ,  Uon Patiya', 'surat', 'gujrat', '395006', '1', '272000', 1, '', '', 'custamer', '84*36', 0, 1, 4, 1, '2019-01-13 00:16:38', '2019-03-22 14:40:39'),
(185, '1316', 176, 1, 'Astar', '1', 'Shekh', 'Astar@gmail.com', '8460273854', '25- Soyeb Nagar , Uon Patiya', 'surat', 'gujrat', '395006', '1', '45000', 1, '', '', 'custamer', '14 X 36', 0, 1, 4, 1, '2019-01-13 00:20:30', '2019-03-22 14:40:39'),
(186, '1317', 176, 1, 'Gulab Hasan', 'Varkat', 'Ali', 'gulab@gmail.com', '9727880382', '67- Kismat Soc, Lalpor', 'surat', 'gujrat', '395006', '1', '68000', 1, '', '', 'custamer', '21*36', 0, 1, 4, 1, '2019-01-13 00:25:42', '2019-03-22 14:40:39'),
(187, '1318', 169, 1, 'Rajesh', 'Kumar', 'Shah', 'rajesh@gmail.com', '6386255292', 'Sai Nagar , Balod Gam', 'surat', 'gujrat', '395006', '1', '45000', 1, '', '', 'custamer', '14 X 36', 0, 1, 4, 1, '2019-01-13 00:30:44', '2019-03-22 14:40:39'),
(188, '1322', 169, 1, 'Vimla', '1', 'Yadav', 'vimla@gmail.com', '6355258425', 'Kelas Nagar -2  Bamroli', 'surat', 'gujrat', '395006', '1', '45000', 1, '', '', 'custamer', '14 X 36', 0, 1, 4, 1, '2019-01-13 00:44:33', '2019-03-22 14:40:39'),
(189, '1323', 169, 1, 'Baba', 'Lal', 'Yadav', 'baba@gmail.com', '8585815280', 'Kelas Nagar -2 Bamroli', 'surat', 'gujrat', '395006', '1', '113400', 1, '', '', 'custamer', '35*36', 0, 1, 4, 1, '2019-01-13 00:51:07', '2019-03-22 14:40:39'),
(190, '1324', 169, 1, 'Anil', '1', 'Yadav', 'anil2@gmail.com', '6355258425', 'Kelas Nagar -2  ,Bamroli', 'surat', 'gujrat', '395006', '1', '45000', 1, '', '', 'custamer', '14 X 36', 0, 1, 4, 1, '2019-01-13 01:09:47', '2019-03-22 14:40:39'),
(191, '1325', 9, 1, 'Asha', '1', 'Singh', 'asha@gmail.com', '8153080903', '105-Harisidhe Nagar, Bamroli', 'surat', 'gujrat', '395006', '1', '45000', 1, '', '', 'custamer', '14 X 36', 0, 1, 4, 1, '2019-01-13 01:17:03', '2019-03-22 14:40:39'),
(192, '1326', 9, 1, 'Vinod', '1', 'Singh', 'vinod2@gmail.com', '7600113593', '147-Har Sidhi Nagar , Bamroli', 'surat', 'gujrat', '395006', '1', '45000', 1, '', '', 'custamer', '14 X 36', 0, 1, 4, 1, '2019-01-16 04:19:42', '2019-03-22 14:40:39'),
(193, '1327', 176, 1, 'Aearunisha', '1', 'Ansari', 'aearunisha@gmail.com', '8140580154', '119-Deyat Nagar , Uon Patiya', 'surat', 'gujrat', '395006', '1', '68000', 1, '', '', 'custamer', '21*36', 0, 1, 4, 1, '2019-01-16 04:27:43', '2019-03-22 14:40:39'),
(194, '1328', 176, 1, 'Vajul', '1', 'Huk', 'vajul@gmail.com', '8140580154', '119-Deyat Nagar , Uon Patiya', 'surat', 'gujrat', '395006', '1', '68000', 1, '', '', 'custamer', '21*36', 0, 1, 4, 1, '2019-01-16 04:32:44', '2019-03-22 14:40:39'),
(195, '1329', 176, 1, 'Anisha', 'Bano', '1', 'anisha@gmail.com', '8469751584', '119-Hayat Nagar , Uon Patiya', 'surat', 'gujrat', '395006', '1', '68000', 1, '', '', 'custamer', '21*36', 0, 1, 4, 1, '2019-01-16 04:37:43', '2019-03-22 14:40:39'),
(196, '1330', 169, 1, 'Vandna', 'Sunilbhai', 'Parate', 'vandna@gmail.com', '9825431658', '33-Shri Ji Nagar , L.H. Road , Vadvala', 'surat', 'gujrat', '395006', '1', '45000', 1, '', '', 'custamer', '14 X 36', 0, 1, 4, 1, '2019-01-16 04:41:56', '2019-03-22 14:40:39'),
(197, '1331', 5, 1, 'Ranjit', 'Vishvakarma', '1', 'ranjit@gmail.com', '7567906537', 'Umang Rasidansiy , Kansar Road , Sachin', 'surat', 'gujrat', '395006', '1', '45000', 1, '', '', 'custamer', '14 X 36', 0, 1, 4, 1, '2019-01-16 04:46:15', '2019-03-22 14:40:39');
INSERT INTO `customer` (`customer_id`, `c_slip_number`, `c_reference_id`, `skim_id`, `c_firstname`, `c_middlename`, `c_lastname`, `c_emailid`, `c_phoneno`, `c_address`, `c_city`, `c_state`, `c_pincode`, `c_book_amt`, `c_total_amt`, `c_payment_option`, `c_bank_name`, `c_check_number`, `c_about`, `c_plot_size`, `c_commission_pay_amt`, `is_send_sms`, `sms_id`, `c_status`, `c_created_date`, `c_modified_date`) VALUES
(198, '1332', 197, 1, 'Subojit', 'Jagatnath', 'Dea', 'subojit@gmail.com', '8460944260', 'Umang Rasidansiy , Kansar Road , Sachin', 'surat', 'gujrat', '395006', '1', '45000', 1, '', '', 'custamer', '14 X 36', 0, 1, 4, 1, '2019-01-16 04:51:20', '2019-03-22 14:40:39'),
(199, '1333', 176, 1, 'Sanibhai', '1', 'Patnayak', 'sanibhai@gmail.com', '8866533501', '34/26-Majura-19 , Suvani Nanpur', 'surat', 'gujrat', '395006', '1', '45000', 1, '', '', 'custamer', '14 X 36', 0, 1, 4, 1, '2019-01-16 04:54:39', '2019-03-22 14:40:39'),
(200, '1334', 176, 1, 'Muna', 'Gorakha', 'Patel', 'muna@gmail.com', '8849135170', '1/77-Shiv Sakti Nivas , Sant Joshef School , Pandesara', 'surat', 'gujrat', '395006', '1', '45000', 1, '', '', 'custamer', '14 X 36', 0, 1, 4, 1, '2019-01-16 04:58:25', '2019-03-22 14:40:39'),
(201, '1335', 176, 1, 'Girijesh', '1', 'Patel', 'girijesh@gmail.com', '7069434248', '19-Sandip Soc Nagar , Pandesra', 'surat', 'gujrat', '395006', '1', '45000', 1, '', '', 'custamer', '14 X 36', 0, 1, 4, 1, '2019-01-16 05:02:45', '2019-03-22 14:40:39'),
(202, '1336', 197, 1, 'Santosh', 'Ramsurat', 'Vishvkarma', 'santosh2@gmail.com', '9662265055', '118-Sidhaar Soc , Sachin', 'surat', 'gujrat', '395006', '1', '68000', 1, '', '', 'custamer', '21*36', 0, 1, 4, 1, '2019-01-16 05:08:54', '2019-03-22 14:40:39'),
(203, '1337', 197, 1, 'Udaybhan', 'Vishvkarma', '1', 'udaybhan@gmail.com', '9726347718', '193-Maruti Nagar , Bamroli , Pandesra', 'surat', 'gujrat', '395006', '1', '45000', 1, '', '', 'custamer', '14 X 36', 0, 1, 4, 1, '2019-01-16 05:13:21', '2019-03-22 14:40:39'),
(204, '1338', 197, 1, 'Rajesh', 'Kumar', 'Vishvakarma', 'rajesh2@gmail.com', '9054461858', '193-Maruti Nagar , Bamroli', 'surat', 'gujrat', '395006', '1', '45000', 1, '', '', 'custamer', '14 X 36', 0, 1, 4, 1, '2019-01-16 05:21:27', '2019-03-22 14:40:39'),
(205, '1339', 9, 1, 'Ajit Ram', 'Pratap Singh', 'Radoriya', 'ajitram@gmail.com', '9659788307', '109-Gita Nagar , Bamroli Road , Pandesra', 'surat', 'gujrat', '395006', '1', '45000', 1, '', '', 'custamer', '14 X 36', 0, 1, 4, 1, '2019-01-16 05:32:02', '2019-03-22 14:40:39'),
(206, '1440', 52, 1, 'Puja', 'Kumari', '1', 'puja@gmail.com', '6352479988', '12- Sultanpur , Nalanda Laliyachakr', 'Sultanpur', 'bihar', '801302', '1', '51500', 1, '', '', 'custamer', '16 X 36', 0, 1, 4, 1, '2019-01-23 05:16:27', '2019-03-22 14:40:39'),
(207, '000832', 15, 1, 'Ram', 'Kumar', 'Thakur', 'ram@gmail.com', '9601589289', '81, Ramdave Nagar , Laskana  Kamrej', 'surat', 'gujrat', '395008', '1', '45000', 1, '', '', 'agent ', '14 X 36', 0, 1, 4, 1, '2019-01-25 22:28:06', '2019-03-22 14:40:39'),
(208, '000833', 15, 1, 'Sunita', 'Mohanbhai', 'Sahu', 'sunita1@gmail.com', '9727235210', '73, Mukti Nagar , Bamroli Road , Pandesra', 'surat', 'gujrat', '394221', '1', '45000', 1, '', '', 'agent', '14 X 36', 0, 1, 4, 1, '2019-01-25 22:41:10', '2019-03-22 14:40:39'),
(209, '000831', 208, 1, 'Brijamohan', 'Kallubhai', 'Sahu', 'brijamohan@gmail.com', '9727235210', '73 , Mukti Nagar ,Bamroli Road , Pandsra', 'surat', 'gujrat', '394221', '1', '45000', 1, '', '', 'agent ', '14 X 36', 0, 1, 4, 1, '2019-01-25 22:44:37', '2019-03-22 14:40:39'),
(210, '1048', 15, 1, 'Dilip', 'Anarao', 'Sinde', 'dilip@gmail.com', '9727182147', '334, Dugli Faliya , Milat Nagar , Vapi Pardi', 'vapi', 'gujrat', '396195', '1', '136000', 1, '', '', 'custamer', '42*36', 0, 1, 4, 1, '2019-01-25 23:26:21', '2019-03-22 14:40:39'),
(211, '1049', 210, 1, 'Manjunath', 'Sankar', 'Aalolkar', 'manjunath@gmail.com', '9972470303', 'Rikenlol , Darym Bangla , Gulabranga ,', 'gulabranga', 'karnatak', '585101', '1', '136000', 1, '', '', 'custamer', '42*36', 0, 1, 4, 1, '2019-01-26 01:11:11', '2019-03-22 14:40:39'),
(212, '1052', 210, 1, 'Ramesh', 'Ashokkumar', 'Kasyap', 'ramesh0@gmail.com', '9913550562', '4,Jubeda Ben Chal , Raja Gali , Koyrali Road , Vapi', 'vapi', 'gujrat', '396195', '1', '45000', 1, '', '', 'custamer', '14 X 36', 0, 1, 4, 1, '2019-01-26 01:18:51', '2019-03-22 14:40:39'),
(213, '1050', 212, 1, 'Kiran', 'Kasyap', '1', 'kiran@gmail.com', '9913550562', '4- Jubedaben Chaval , Raja Gali , Koyrali Road', 'vapi', 'gujrat', '396191', '1', '45000', 1, '', '', 'custamer', '14 X 36', 0, 1, 4, 1, '2019-01-26 01:25:24', '2019-03-22 14:40:39'),
(214, '1053', 210, 1, 'Shulochana', 'Davi', '1', 'shulochana@gmail.com', '9724905849', '334- Dugali Faliyu , Milat Nagar , Vapi', 'vapi', 'gujrat', '396191', '1', '68000', 1, '', '', 'custamer', '21*36', 0, 1, 4, 1, '2019-01-26 01:29:52', '2019-03-22 14:40:39'),
(215, '1054', 210, 1, 'Suman', '1', '1', 'suman@gmail.com', '7202931028', 'Aman Nagar , Chanod Padre , Valsad', 'vapi', 'gujrat', '396195', '1', '51500', 1, '', '', 'custamer', '16 X 36', 0, 1, 4, 1, '2019-01-26 01:34:03', '2019-03-22 14:40:39'),
(216, '1055', 210, 1, 'Bablu', '1', 'Saroj', 'bablu@gmail.com', '7202931028', 'Balaji Bilding , Aman Nagar , Chanod , Parde', 'parde', 'gujrat', '396195', '1', '45000', 1, '', '', 'custamer', '14 X 36', 0, 1, 4, 1, '2019-01-26 01:37:21', '2019-03-22 14:40:39'),
(217, '1056', 210, 1, 'Babulal', 'Bhimsha', 'Jamadar', 'babu@gmail.com', '9913396587', 'Balaji Bilding , Aman Nagar , Chanod , Parde', 'parde', 'gujrat', '396195', '1', '97200', 1, '', '', 'custamer', '30*36', 0, 1, 4, 1, '2019-01-26 01:40:08', '2019-03-22 14:40:39'),
(218, '1057', 210, 1, 'Khushabu', 'Kumari', '1', 'khushabu@gmail.com', '7096349345', 'Balaji Bilding , Aman Nagar , Chanod , Parde', 'parde', 'gujrat', '396195', '1', '45000', 1, '', '', 'custamer', '14 X 36', 0, 1, 4, 1, '2019-01-26 01:44:08', '2019-03-22 14:40:39'),
(219, '1058', 210, 1, 'Rajendr', 'Kumar', '1', 'rajendr@gmail.com', '7096349344', 'Balaji Bilding , Aman Nagar , Chanod , Parde', 'parde', 'gujtat', '396195', '1', '45000', 1, '', '', 'custamer', '14 X 36', 0, 1, 4, 1, '2019-01-26 01:46:38', '2019-03-22 14:40:39'),
(220, '1059', 210, 1, 'Jallapa', 'Bhishpa', 'Julbe', 'jallapa@gmail.com', '9574825816', 'Balaji Bilding , Aman Nagar , Chanod , Parde', 'parde', 'gujrat', '396195', '1', '136000', 1, '', '', 'custamer', '42*36', 0, 1, 4, 1, '2019-01-26 01:50:19', '2019-03-22 14:40:39'),
(221, '1060', 210, 1, 'Madavi', 'Lalshahab', 'Doli', 'madavi@gmail.com', '9574825816', 'Balaji Bilding , Aman Nagar , Chanod ,Parde', 'parde', 'gujrat', '396195', '1', '68000', 1, '', '', 'custamer', '21*36', 0, 1, 4, 1, '2019-01-26 01:52:41', '2019-03-22 14:40:39'),
(222, '1061', 210, 1, 'Ananat', 'Amma', '1', 'ananat@gmail.com', '9574825816', 'Balaji BIlding , Aman Nagar , Chanod , Parde', 'parde', 'gujrat', '396195', '1', '68000', 1, '', '', 'custamer', '21*36', 0, 1, 4, 1, '2019-01-26 01:57:05', '2019-03-22 14:40:39'),
(223, '1062', 210, 1, 'Rubi', 'Davi', '1', 'rubi@gmail.com', '6353003229', 'Balaji Bilding , Aman Nagar , Chanod , Parde', 'parde', 'gujrat', '396195', '1', '90700', 1, '', '', 'custamer', '28*36', 0, 1, 4, 1, '2019-01-26 02:06:09', '2019-03-22 14:40:39'),
(224, '1063', 210, 1, 'Mita', 'Davi', '1', 'mita@gmail.com', '9054172709', 'Balaji Bilding , Aman Nagar , Chanod , Parde', 'parde', 'gujrat', '396195', '1', '45000', 1, '', '', 'custamer', '14 X 36', 0, 1, 4, 1, '2019-01-26 02:08:23', '2019-03-22 14:40:39'),
(225, '1064', 210, 1, 'Laxman', 'Bovir', '1', 'laxman1@gmail.com', '9082746973', 'Balaji Bilding , Aman Nagar , Chanod , Parde', 'parde', 'gujrat', '396195', '1', '77700', 1, '', '', 'custamer', '24*36', 0, 1, 4, 1, '2019-01-26 02:11:38', '2019-03-22 14:40:39'),
(226, '1065', 210, 1, 'Mahadavi', 'Jallapa', 'Julbe', 'mahadavi@gmail.com', '9081058798', 'Balaji Bilding , Aman Nagar  , Chanod , Parde', 'parde', 'gujrat', '396195', '1', '45000', 1, '', '', 'custamer', '14 X 36', 0, 1, 4, 1, '2019-01-26 04:14:37', '2019-03-22 14:40:39'),
(227, '1066', 207, 1, 'Sureshchandr', 'Davichandr', 'Gujar', 'sureshchandr@gmail.com', '8780257244', '81-Ramdav Nagar Soc , Laskana', 'surat', 'gujrat', '395006', '1', '181400', 1, '', '', 'custamer', '28*72', 0, 1, 4, 1, '2019-01-26 04:21:35', '2019-03-22 14:40:39'),
(228, '1068', 15, 1, 'Sanjay', 'Samru', 'Gond', 'sanjay1@gmail.com', '7041130892', '357/H-5 , Kosad SMC Aavas', 'surat', 'gujrat', '394107', '1', '51500', 1, '', '', 'custamer', '16 X 36', 0, 1, 4, 1, '2019-01-26 04:25:10', '2019-03-22 14:40:39'),
(229, '1067', 228, 1, 'Nilesh', '1', 'Sonkar', 'nilesh@gmail.com', '8141150772', '357/H-5 , Kosad SMC Aavas', 'surat', 'gujrat', '394107', '1', '45000', 1, '', '', 'custamer', '14 X 36', 0, 1, 4, 1, '2019-01-26 04:27:31', '2019-03-22 14:40:39'),
(230, '1069', 228, 1, 'Akhilesh kumar', 'Shri Ramasankar', 'Panday', 'akhilesh1@gmail.com', '8866740062', '357/H-5 , Kosad  SMC Aavas', 'surat', 'gujrat', '394107', '1', '45000', 1, '', '', 'custamer', '14 X 36', 0, 1, 4, 1, '2019-01-26 04:34:30', '2019-03-22 14:40:39'),
(231, '1070', 228, 1, 'Safik', '1', 'Ahamad', 'safik@gmail.com', '9427866363', '357/H-5 , Kosad SMC Aavas', 'surat', 'gujrat', '394107', '1', '51500', 1, '', '', 'custamer', '16 X 36', 0, 1, 4, 1, '2019-01-26 04:36:57', '2019-03-22 14:40:39'),
(232, '1071', 228, 1, 'Amravati', '1', '1', 'amravati@gmail.com', '8221938234', '357/H-5 , Kosad SMC Aavas', 'surat', 'gujrat', '394107', '1', '68000', 1, '', '', 'custamer', '21*36', 0, 1, 4, 1, '2019-01-26 04:40:12', '2019-03-22 14:40:39'),
(233, '1072', 71, 1, 'Shiv', 'Kumar ', '1', 'shiv0@gmail.com', '6355085942', 'Tej Kiran Apperment , Hariom Bagloj , Pipals', 'surat', 'gujrat', '395006', '1', '45000', 1, '', '', 'custamer', '14 X 36', 0, 1, 4, 1, '2019-01-26 04:46:02', '2019-03-22 14:40:39'),
(234, '000834', 74, 1, 'Sachikant', 'Dalpatbhai', 'kalivda', 'sachikant@gmail.com', '7045080171', 'R-32 , Koloni , Kajor Road , Vestganga Bilding', 'mumbai', 'maharast', '400011', '1', '45000', 1, '', '', 'Agent', '14 X 36', 0, 1, 4, 1, '2019-02-02 07:04:10', '2019-03-22 14:40:39'),
(235, '000835', 2, 1, 'pankaj', 'ranchodbhai', 'kaklotar', 'kaklotarpankaj007@gmail.com', '8200147114', '262 santoshi krupa soc, katragam surat', 'surat', 'gujarat', '395004', '1', '45000', 1, '', '', 'agnt', '14 X 36', 0, 0, NULL, 1, '2019-03-23 08:38:32', '1970-01-01 00:00:00'),
(237, '3301', 206, 1, 'yogesh', 'r', 'kaklotar', 'yogesh1@gmail.com', '8787878448', 'k', 'surat', 'gujarat', '395004', '1', '45000', 1, '', '', 'a', '14 X 36', 7, 0, NULL, 1, '2019-03-29 00:16:01', '1970-01-01 00:00:00'),
(238, '3302', 237, 1, 'guddu', 'j', 'pratap', 'guddu@gmail.com', '585652854', 'h', 's', 'g', '395004', '1', '45000', 1, '', '', 'a', '14 X 36', 10, 0, NULL, 1, '2019-03-29 00:18:15', '1970-01-01 00:00:00'),
(239, '3303', 238, 1, 'chandan', 'h', 'patek', 'chandan12@gmail.com', '7857854785', 'a', 's', 'g', '395004', '1', '45000', 1, '', '', 'a', '14 X 36', 25, 0, NULL, 1, '2019-03-29 00:20:10', '1970-01-01 00:00:00'),
(240, '3304', 239, 1, 'raj', 'a', 'u', 'raj12@gmail.com', '781452565', 'A', 'S', 'G', '395004', '1', '45000', 1, '', '', 'A', '14 X 36', 0, 0, NULL, 1, '2019-03-29 00:22:30', '1970-01-01 00:00:00'),
(248, '001', 240, 1, 'ddf', '213', 'dsfsd', 'test@gmail.com', '123123', 'Surat', 'Surat', 'Gujrat', '123', '123', '123', 1, '', '', 'SDF', '14 X 36', 0, 0, NULL, 1, '2019-04-04 16:06:52', '1970-01-01 00:00:00'),
(249, '002', 248, 1, 'ddf', 'P', 'Kakadiya', 'test5@gmail.com', '123123', 'Surat', 'Surat', 'Gujrat', '123', '123', '123', 1, '', '', 'SDASD', '14 X 36', 0, 0, NULL, 1, '2019-04-04 16:07:22', '1970-01-01 00:00:00'),
(250, '003', 249, 1, 'ddf', 'A', 'Patel', 'test7@gmail.com', '123123', 'Surat', 'Surat', 'Gujrat', '12312', '234', '23423', 1, '', '', 'dfdf', '14 X 36', 0, 0, NULL, 1, '2019-04-04 16:07:52', '1970-01-01 00:00:00'),
(251, '004', 250, 1, 'ddf', 'test', 'ed', 'gems@gmail.com', '123123', 'Surat', 'Surat', 'Gujrat', '234234', '234', '234', 1, '', '', 'werwer', '14 X 36', 0, 0, NULL, 1, '2019-04-04 16:08:24', '1970-01-01 00:00:00'),
(252, '001123', 250, 1, 'ddf', '213', 'dsfsd', 'gems123@gmail.com', '9428854599', 'Surat', 'Surat', 'Gujrat', '123123', '1231', '123123', 1, '', '', 'sdfknBSIdfu', '14 X 36', 0, 0, NULL, 1, '2019-04-12 17:45:39', '1970-01-01 00:00:00'),
(253, '2608911', 249, 1, 'ddf', '12', 'dsfsd', 'te1st@gmail.com', '9428854599', 'Surat', 'Surat', 'Gujrat', '123123', '123', '123', 1, '', '', 'xdfkjsbdifuj', '14 X 36', 0, 0, NULL, 1, '2019-04-12 17:48:08', '1970-01-01 00:00:00');

-- --------------------------------------------------------

--
-- Table structure for table `customer_discount_map`
--

DROP TABLE IF EXISTS `customer_discount_map`;
CREATE TABLE IF NOT EXISTS `customer_discount_map` (
  `cdm_id` int(10) NOT NULL AUTO_INCREMENT,
  `customer_id` int(10) NOT NULL,
  `reference_customer_id` int(10) NOT NULL,
  `level` tinyint(1) NOT NULL DEFAULT '0',
  `discount` int(2) NOT NULL,
  PRIMARY KEY (`cdm_id`)
) ENGINE=InnoDB AUTO_INCREMENT=1222 DEFAULT CHARSET=latin1;

--
-- Dumping data for table `customer_discount_map`
--

INSERT INTO `customer_discount_map` (`cdm_id`, `customer_id`, `reference_customer_id`, `level`, `discount`) VALUES
(1, 2, 1, 1, 10),
(2, 3, 1, 1, 10),
(3, 4, 2, 1, 10),
(4, 4, 1, 2, 4),
(5, 5, 2, 1, 10),
(6, 5, 1, 2, 4),
(9, 7, 5, 1, 10),
(10, 7, 2, 2, 4),
(11, 7, 1, 3, 3),
(12, 8, 7, 1, 10),
(13, 8, 5, 2, 4),
(14, 8, 2, 3, 3),
(15, 8, 1, 4, 2),
(16, 9, 8, 1, 10),
(17, 9, 7, 2, 4),
(18, 9, 5, 3, 3),
(19, 9, 2, 4, 2),
(20, 9, 1, 5, 1),
(21, 10, 5, 1, 10),
(22, 10, 2, 2, 4),
(23, 10, 1, 3, 3),
(24, 11, 10, 1, 10),
(25, 11, 5, 2, 4),
(26, 11, 2, 3, 3),
(27, 11, 1, 4, 2),
(28, 12, 4, 1, 10),
(29, 12, 2, 2, 4),
(30, 12, 1, 3, 3),
(31, 13, 12, 1, 10),
(32, 13, 4, 2, 4),
(33, 13, 2, 3, 3),
(34, 13, 1, 4, 2),
(35, 14, 13, 1, 10),
(36, 14, 12, 2, 4),
(37, 14, 4, 3, 3),
(38, 14, 2, 4, 2),
(39, 14, 1, 5, 1),
(40, 15, 3, 1, 10),
(41, 15, 1, 2, 4),
(42, 16, 2, 1, 10),
(43, 16, 1, 2, 4),
(44, 17, 5, 1, 10),
(45, 17, 2, 2, 4),
(46, 17, 1, 3, 3),
(47, 18, 15, 1, 10),
(48, 18, 3, 2, 4),
(49, 18, 1, 3, 3),
(50, 19, 15, 1, 10),
(51, 19, 3, 2, 4),
(52, 19, 1, 3, 3),
(53, 20, 15, 1, 10),
(54, 20, 3, 2, 4),
(55, 20, 1, 3, 3),
(56, 21, 15, 1, 10),
(57, 21, 3, 2, 4),
(58, 21, 1, 3, 3),
(59, 22, 14, 1, 10),
(60, 22, 13, 2, 4),
(61, 22, 12, 3, 3),
(62, 22, 4, 4, 2),
(63, 22, 2, 5, 1),
(64, 22, 1, 6, 0),
(65, 23, 14, 1, 10),
(66, 23, 13, 2, 4),
(67, 23, 12, 3, 3),
(68, 23, 4, 4, 2),
(69, 23, 2, 5, 1),
(70, 23, 1, 6, 0),
(71, 24, 14, 1, 10),
(72, 24, 13, 2, 4),
(73, 24, 12, 3, 3),
(74, 24, 4, 4, 2),
(75, 24, 2, 5, 1),
(76, 24, 1, 6, 0),
(77, 25, 14, 1, 10),
(78, 25, 13, 2, 4),
(79, 25, 12, 3, 3),
(80, 25, 4, 4, 2),
(81, 25, 2, 5, 1),
(82, 25, 1, 6, 0),
(83, 26, 14, 1, 10),
(84, 26, 13, 2, 4),
(85, 26, 12, 3, 3),
(86, 26, 4, 4, 2),
(87, 26, 2, 5, 1),
(88, 26, 1, 6, 0),
(89, 27, 14, 1, 10),
(90, 27, 13, 2, 4),
(91, 27, 12, 3, 3),
(92, 27, 4, 4, 2),
(93, 27, 2, 5, 1),
(94, 27, 1, 6, 0),
(95, 28, 14, 1, 10),
(96, 28, 13, 2, 4),
(97, 28, 12, 3, 3),
(98, 28, 4, 4, 2),
(99, 28, 2, 5, 1),
(100, 28, 1, 6, 0),
(101, 29, 14, 1, 10),
(102, 29, 13, 2, 4),
(103, 29, 12, 3, 3),
(104, 29, 4, 4, 2),
(105, 29, 2, 5, 1),
(106, 29, 1, 6, 0),
(107, 30, 14, 1, 10),
(108, 30, 13, 2, 4),
(109, 30, 12, 3, 3),
(110, 30, 4, 4, 2),
(111, 30, 2, 5, 1),
(112, 30, 1, 6, 0),
(113, 31, 14, 1, 10),
(114, 31, 13, 2, 4),
(115, 31, 12, 3, 3),
(116, 31, 4, 4, 2),
(117, 31, 2, 5, 1),
(118, 31, 1, 6, 0),
(119, 32, 14, 1, 10),
(120, 32, 13, 2, 4),
(121, 32, 12, 3, 3),
(122, 32, 4, 4, 2),
(123, 32, 2, 5, 1),
(124, 32, 1, 6, 0),
(125, 33, 14, 1, 10),
(126, 33, 13, 2, 4),
(127, 33, 12, 3, 3),
(128, 33, 4, 4, 2),
(129, 33, 2, 5, 1),
(130, 33, 1, 6, 0),
(131, 34, 14, 1, 10),
(132, 34, 13, 2, 4),
(133, 34, 12, 3, 3),
(134, 34, 4, 4, 2),
(135, 34, 2, 5, 1),
(136, 34, 1, 6, 0),
(137, 35, 14, 1, 10),
(138, 35, 13, 2, 4),
(139, 35, 12, 3, 3),
(140, 35, 4, 4, 2),
(141, 35, 2, 5, 1),
(142, 35, 1, 6, 0),
(143, 36, 14, 1, 10),
(144, 36, 13, 2, 4),
(145, 36, 12, 3, 3),
(146, 36, 4, 4, 2),
(147, 36, 2, 5, 1),
(148, 36, 1, 6, 0),
(149, 37, 14, 1, 10),
(150, 37, 13, 2, 4),
(151, 37, 12, 3, 3),
(152, 37, 4, 4, 2),
(153, 37, 2, 5, 1),
(154, 37, 1, 6, 0),
(155, 38, 14, 1, 10),
(156, 38, 13, 2, 4),
(157, 38, 12, 3, 3),
(158, 38, 4, 4, 2),
(159, 38, 2, 5, 1),
(160, 38, 1, 6, 0),
(161, 39, 14, 1, 10),
(162, 39, 13, 2, 4),
(163, 39, 12, 3, 3),
(164, 39, 4, 4, 2),
(165, 39, 2, 5, 1),
(166, 39, 1, 6, 0),
(167, 40, 14, 1, 10),
(168, 40, 13, 2, 4),
(169, 40, 12, 3, 3),
(170, 40, 4, 4, 2),
(171, 40, 2, 5, 1),
(172, 40, 1, 6, 0),
(173, 41, 14, 1, 10),
(174, 41, 13, 2, 4),
(175, 41, 12, 3, 3),
(176, 41, 4, 4, 2),
(177, 41, 2, 5, 1),
(178, 41, 1, 6, 0),
(179, 42, 14, 1, 10),
(180, 42, 13, 2, 4),
(181, 42, 12, 3, 3),
(182, 42, 4, 4, 2),
(183, 42, 2, 5, 1),
(184, 42, 1, 6, 0),
(185, 43, 14, 1, 10),
(186, 43, 13, 2, 4),
(187, 43, 12, 3, 3),
(188, 43, 4, 4, 2),
(189, 43, 2, 5, 1),
(190, 43, 1, 6, 0),
(191, 44, 14, 1, 10),
(192, 44, 13, 2, 4),
(193, 44, 12, 3, 3),
(194, 44, 4, 4, 2),
(195, 44, 2, 5, 1),
(196, 44, 1, 6, 0),
(197, 45, 14, 1, 10),
(198, 45, 13, 2, 4),
(199, 45, 12, 3, 3),
(200, 45, 4, 4, 2),
(201, 45, 2, 5, 1),
(202, 45, 1, 6, 0),
(203, 46, 14, 1, 10),
(204, 46, 13, 2, 4),
(205, 46, 12, 3, 3),
(206, 46, 4, 4, 2),
(207, 46, 2, 5, 1),
(208, 46, 1, 6, 0),
(209, 47, 14, 1, 10),
(210, 47, 13, 2, 4),
(211, 47, 12, 3, 3),
(212, 47, 4, 4, 2),
(213, 47, 2, 5, 1),
(214, 47, 1, 6, 0),
(215, 48, 14, 1, 10),
(216, 48, 13, 2, 4),
(217, 48, 12, 3, 3),
(218, 48, 4, 4, 2),
(219, 48, 2, 5, 1),
(220, 48, 1, 6, 0),
(239, 52, 14, 1, 10),
(240, 52, 13, 2, 4),
(241, 52, 12, 3, 3),
(242, 52, 4, 4, 2),
(243, 52, 2, 5, 1),
(244, 52, 1, 6, 0),
(245, 53, 14, 1, 10),
(246, 53, 13, 2, 4),
(247, 53, 12, 3, 3),
(248, 53, 4, 4, 2),
(249, 53, 2, 5, 1),
(250, 53, 1, 6, 0),
(251, 54, 14, 1, 10),
(252, 54, 13, 2, 4),
(253, 54, 12, 3, 3),
(254, 54, 4, 4, 2),
(255, 54, 2, 5, 1),
(256, 54, 1, 6, 0),
(257, 55, 14, 1, 10),
(258, 55, 13, 2, 4),
(259, 55, 12, 3, 3),
(260, 55, 4, 4, 2),
(261, 55, 2, 5, 1),
(262, 55, 1, 6, 0),
(263, 56, 14, 1, 10),
(264, 56, 13, 2, 4),
(265, 56, 12, 3, 3),
(266, 56, 4, 4, 2),
(267, 56, 2, 5, 1),
(268, 56, 1, 6, 0),
(269, 57, 14, 1, 10),
(270, 57, 13, 2, 4),
(271, 57, 12, 3, 3),
(272, 57, 4, 4, 2),
(273, 57, 2, 5, 1),
(274, 57, 1, 6, 0),
(275, 58, 14, 1, 10),
(276, 58, 13, 2, 4),
(277, 58, 12, 3, 3),
(278, 58, 4, 4, 2),
(279, 58, 2, 5, 1),
(280, 58, 1, 6, 0),
(281, 59, 5, 1, 10),
(282, 59, 2, 2, 4),
(283, 59, 1, 3, 3),
(284, 60, 59, 1, 10),
(285, 60, 5, 2, 4),
(286, 60, 2, 3, 3),
(287, 60, 1, 4, 2),
(288, 61, 60, 1, 10),
(289, 61, 59, 2, 4),
(290, 61, 5, 3, 3),
(291, 61, 2, 4, 2),
(292, 61, 1, 5, 1),
(293, 62, 19, 1, 10),
(294, 62, 15, 2, 4),
(295, 62, 3, 3, 3),
(296, 62, 1, 4, 2),
(297, 63, 19, 1, 10),
(298, 63, 15, 2, 4),
(299, 63, 3, 3, 3),
(300, 63, 1, 4, 2),
(301, 64, 19, 1, 10),
(302, 64, 15, 2, 4),
(303, 64, 3, 3, 3),
(304, 64, 1, 4, 2),
(305, 65, 19, 1, 10),
(306, 65, 15, 2, 4),
(307, 65, 3, 3, 3),
(308, 65, 1, 4, 2),
(309, 66, 19, 1, 10),
(310, 66, 15, 2, 4),
(311, 66, 3, 3, 3),
(312, 66, 1, 4, 2),
(313, 67, 19, 1, 10),
(314, 67, 15, 2, 4),
(315, 67, 3, 3, 3),
(316, 67, 1, 4, 2),
(317, 68, 19, 1, 10),
(318, 68, 15, 2, 4),
(319, 68, 3, 3, 3),
(320, 68, 1, 4, 2),
(321, 69, 15, 1, 10),
(322, 69, 3, 2, 4),
(323, 69, 1, 3, 3),
(324, 70, 18, 1, 10),
(325, 70, 15, 2, 4),
(326, 70, 3, 3, 3),
(327, 70, 1, 4, 2),
(328, 71, 15, 1, 10),
(329, 71, 3, 2, 4),
(330, 71, 1, 3, 3),
(331, 72, 71, 1, 10),
(332, 72, 15, 2, 4),
(333, 72, 3, 3, 3),
(334, 72, 1, 4, 2),
(335, 73, 71, 1, 10),
(336, 73, 15, 2, 4),
(337, 73, 3, 3, 3),
(338, 73, 1, 4, 2),
(339, 74, 15, 1, 10),
(340, 74, 3, 2, 4),
(341, 74, 1, 3, 3),
(342, 75, 18, 1, 10),
(343, 75, 15, 2, 4),
(344, 75, 3, 3, 3),
(345, 75, 1, 4, 2),
(346, 76, 71, 1, 10),
(347, 76, 15, 2, 4),
(348, 76, 3, 3, 3),
(349, 76, 1, 4, 2),
(350, 77, 19, 1, 10),
(351, 77, 15, 2, 4),
(352, 77, 3, 3, 3),
(353, 77, 1, 4, 2),
(354, 78, 74, 1, 10),
(355, 78, 15, 2, 4),
(356, 78, 3, 3, 3),
(357, 78, 1, 4, 2),
(358, 79, 74, 1, 10),
(359, 79, 15, 2, 4),
(360, 79, 3, 3, 3),
(361, 79, 1, 4, 2),
(362, 80, 75, 1, 10),
(363, 80, 18, 2, 4),
(364, 80, 15, 3, 3),
(365, 80, 3, 4, 2),
(366, 80, 1, 5, 1),
(367, 81, 75, 1, 10),
(368, 81, 18, 2, 4),
(369, 81, 15, 3, 3),
(370, 81, 3, 4, 2),
(371, 81, 1, 5, 1),
(372, 82, 75, 1, 10),
(373, 82, 18, 2, 4),
(374, 82, 15, 3, 3),
(375, 82, 3, 4, 2),
(376, 82, 1, 5, 1),
(377, 83, 75, 1, 10),
(378, 83, 18, 2, 4),
(379, 83, 15, 3, 3),
(380, 83, 3, 4, 2),
(381, 83, 1, 5, 1),
(386, 85, 20, 1, 10),
(387, 85, 15, 2, 4),
(388, 85, 3, 3, 3),
(389, 85, 1, 4, 2),
(390, 86, 19, 1, 10),
(391, 86, 15, 2, 4),
(392, 86, 3, 3, 3),
(393, 86, 1, 4, 2),
(394, 87, 20, 1, 10),
(395, 87, 15, 2, 4),
(396, 87, 3, 3, 3),
(397, 87, 1, 4, 2),
(398, 88, 71, 1, 10),
(399, 88, 15, 2, 4),
(400, 88, 3, 3, 3),
(401, 88, 1, 4, 2),
(402, 89, 71, 1, 10),
(403, 89, 15, 2, 4),
(404, 89, 3, 3, 3),
(405, 89, 1, 4, 2),
(406, 90, 71, 1, 10),
(407, 90, 15, 2, 4),
(408, 90, 3, 3, 3),
(409, 90, 1, 4, 2),
(410, 91, 71, 1, 10),
(411, 91, 15, 2, 4),
(412, 91, 3, 3, 3),
(413, 91, 1, 4, 2),
(414, 92, 15, 1, 10),
(415, 92, 3, 2, 4),
(416, 92, 1, 3, 3),
(417, 93, 92, 1, 10),
(418, 93, 15, 2, 4),
(419, 93, 3, 3, 3),
(420, 93, 1, 4, 2),
(421, 94, 16, 1, 10),
(422, 94, 2, 2, 4),
(423, 94, 1, 3, 3),
(424, 95, 94, 1, 10),
(425, 95, 16, 2, 4),
(426, 95, 2, 3, 3),
(427, 95, 1, 4, 2),
(428, 96, 95, 1, 10),
(429, 96, 94, 2, 4),
(430, 96, 16, 3, 3),
(431, 96, 2, 4, 2),
(432, 96, 1, 5, 1),
(433, 97, 95, 1, 10),
(434, 97, 94, 2, 4),
(435, 97, 16, 3, 3),
(436, 97, 2, 4, 2),
(437, 97, 1, 5, 1),
(438, 98, 95, 1, 10),
(439, 98, 94, 2, 4),
(440, 98, 16, 3, 3),
(441, 98, 2, 4, 2),
(442, 98, 1, 5, 1),
(443, 99, 95, 1, 10),
(444, 99, 94, 2, 4),
(445, 99, 16, 3, 3),
(446, 99, 2, 4, 2),
(447, 99, 1, 5, 1),
(448, 100, 95, 1, 10),
(449, 100, 94, 2, 4),
(450, 100, 16, 3, 3),
(451, 100, 2, 4, 2),
(452, 100, 1, 5, 1),
(453, 101, 95, 1, 10),
(454, 101, 94, 2, 4),
(455, 101, 16, 3, 3),
(456, 101, 2, 4, 2),
(457, 101, 1, 5, 1),
(458, 102, 95, 1, 10),
(459, 102, 94, 2, 4),
(460, 102, 16, 3, 3),
(461, 102, 2, 4, 2),
(462, 102, 1, 5, 1),
(463, 103, 95, 1, 10),
(464, 103, 94, 2, 4),
(465, 103, 16, 3, 3),
(466, 103, 2, 4, 2),
(467, 103, 1, 5, 1),
(468, 104, 95, 1, 10),
(469, 104, 94, 2, 4),
(470, 104, 16, 3, 3),
(471, 104, 2, 4, 2),
(472, 104, 1, 5, 1),
(473, 105, 95, 1, 10),
(474, 105, 94, 2, 4),
(475, 105, 16, 3, 3),
(476, 105, 2, 4, 2),
(477, 105, 1, 5, 1),
(478, 106, 95, 1, 10),
(479, 106, 94, 2, 4),
(480, 106, 16, 3, 3),
(481, 106, 2, 4, 2),
(482, 106, 1, 5, 1),
(483, 107, 95, 1, 10),
(484, 107, 94, 2, 4),
(485, 107, 16, 3, 3),
(486, 107, 2, 4, 2),
(487, 107, 1, 5, 1),
(488, 108, 95, 1, 10),
(489, 108, 94, 2, 4),
(490, 108, 16, 3, 3),
(491, 108, 2, 4, 2),
(492, 108, 1, 5, 1),
(493, 109, 95, 1, 10),
(494, 109, 94, 2, 4),
(495, 109, 16, 3, 3),
(496, 109, 2, 4, 2),
(497, 109, 1, 5, 1),
(498, 110, 95, 1, 10),
(499, 110, 94, 2, 4),
(500, 110, 16, 3, 3),
(501, 110, 2, 4, 2),
(502, 110, 1, 5, 1),
(503, 111, 95, 1, 10),
(504, 111, 94, 2, 4),
(505, 111, 16, 3, 3),
(506, 111, 2, 4, 2),
(507, 111, 1, 5, 1),
(508, 112, 95, 1, 10),
(509, 112, 94, 2, 4),
(510, 112, 16, 3, 3),
(511, 112, 2, 4, 2),
(512, 112, 1, 5, 1),
(513, 113, 95, 1, 10),
(514, 113, 94, 2, 4),
(515, 113, 16, 3, 3),
(516, 113, 2, 4, 2),
(517, 113, 1, 5, 1),
(518, 114, 95, 1, 10),
(519, 114, 94, 2, 4),
(520, 114, 16, 3, 3),
(521, 114, 2, 4, 2),
(522, 114, 1, 5, 1),
(523, 115, 95, 1, 10),
(524, 115, 94, 2, 4),
(525, 115, 16, 3, 3),
(526, 115, 2, 4, 2),
(527, 115, 1, 5, 1),
(528, 116, 95, 1, 10),
(529, 116, 94, 2, 4),
(530, 116, 16, 3, 3),
(531, 116, 2, 4, 2),
(532, 116, 1, 5, 1),
(533, 117, 95, 1, 10),
(534, 117, 94, 2, 4),
(535, 117, 16, 3, 3),
(536, 117, 2, 4, 2),
(537, 117, 1, 5, 1),
(538, 118, 95, 1, 10),
(539, 118, 94, 2, 4),
(540, 118, 16, 3, 3),
(541, 118, 2, 4, 2),
(542, 118, 1, 5, 1),
(543, 119, 95, 1, 10),
(544, 119, 94, 2, 4),
(545, 119, 16, 3, 3),
(546, 119, 2, 4, 2),
(547, 119, 1, 5, 1),
(548, 120, 95, 1, 10),
(549, 120, 94, 2, 4),
(550, 120, 16, 3, 3),
(551, 120, 2, 4, 2),
(552, 120, 1, 5, 1),
(553, 121, 95, 1, 10),
(554, 121, 94, 2, 4),
(555, 121, 16, 3, 3),
(556, 121, 2, 4, 2),
(557, 121, 1, 5, 1),
(558, 122, 95, 1, 10),
(559, 122, 94, 2, 4),
(560, 122, 16, 3, 3),
(561, 122, 2, 4, 2),
(562, 122, 1, 5, 1),
(563, 123, 95, 1, 10),
(564, 123, 94, 2, 4),
(565, 123, 16, 3, 3),
(566, 123, 2, 4, 2),
(567, 123, 1, 5, 1),
(568, 124, 95, 1, 10),
(569, 124, 94, 2, 4),
(570, 124, 16, 3, 3),
(571, 124, 2, 4, 2),
(572, 124, 1, 5, 1),
(573, 125, 95, 1, 10),
(574, 125, 94, 2, 4),
(575, 125, 16, 3, 3),
(576, 125, 2, 4, 2),
(577, 125, 1, 5, 1),
(578, 126, 95, 1, 10),
(579, 126, 94, 2, 4),
(580, 126, 16, 3, 3),
(581, 126, 2, 4, 2),
(582, 126, 1, 5, 1),
(583, 127, 95, 1, 10),
(584, 127, 94, 2, 4),
(585, 127, 16, 3, 3),
(586, 127, 2, 4, 2),
(587, 127, 1, 5, 1),
(588, 128, 95, 1, 10),
(589, 128, 94, 2, 4),
(590, 128, 16, 3, 3),
(591, 128, 2, 4, 2),
(592, 128, 1, 5, 1),
(593, 129, 95, 1, 10),
(594, 129, 94, 2, 4),
(595, 129, 16, 3, 3),
(596, 129, 2, 4, 2),
(597, 129, 1, 5, 1),
(598, 130, 95, 1, 10),
(599, 130, 94, 2, 4),
(600, 130, 16, 3, 3),
(601, 130, 2, 4, 2),
(602, 130, 1, 5, 1),
(603, 131, 95, 1, 10),
(604, 131, 94, 2, 4),
(605, 131, 16, 3, 3),
(606, 131, 2, 4, 2),
(607, 131, 1, 5, 1),
(608, 132, 95, 1, 10),
(609, 132, 94, 2, 4),
(610, 132, 16, 3, 3),
(611, 132, 2, 4, 2),
(612, 132, 1, 5, 1),
(613, 133, 95, 1, 10),
(614, 133, 94, 2, 4),
(615, 133, 16, 3, 3),
(616, 133, 2, 4, 2),
(617, 133, 1, 5, 1),
(618, 134, 95, 1, 10),
(619, 134, 94, 2, 4),
(620, 134, 16, 3, 3),
(621, 134, 2, 4, 2),
(622, 134, 1, 5, 1),
(623, 135, 95, 1, 10),
(624, 135, 94, 2, 4),
(625, 135, 16, 3, 3),
(626, 135, 2, 4, 2),
(627, 135, 1, 5, 1),
(628, 136, 95, 1, 10),
(629, 136, 94, 2, 4),
(630, 136, 16, 3, 3),
(631, 136, 2, 4, 2),
(632, 136, 1, 5, 1),
(633, 137, 95, 1, 10),
(634, 137, 94, 2, 4),
(635, 137, 16, 3, 3),
(636, 137, 2, 4, 2),
(637, 137, 1, 5, 1),
(638, 138, 95, 1, 10),
(639, 138, 94, 2, 4),
(640, 138, 16, 3, 3),
(641, 138, 2, 4, 2),
(642, 138, 1, 5, 1),
(643, 139, 95, 1, 10),
(644, 139, 94, 2, 4),
(645, 139, 16, 3, 3),
(646, 139, 2, 4, 2),
(647, 139, 1, 5, 1),
(648, 140, 95, 1, 10),
(649, 140, 94, 2, 4),
(650, 140, 16, 3, 3),
(651, 140, 2, 4, 2),
(652, 140, 1, 5, 1),
(653, 141, 95, 1, 10),
(654, 141, 94, 2, 4),
(655, 141, 16, 3, 3),
(656, 141, 2, 4, 2),
(657, 141, 1, 5, 1),
(658, 142, 95, 1, 10),
(659, 142, 94, 2, 4),
(660, 142, 16, 3, 3),
(661, 142, 2, 4, 2),
(662, 142, 1, 5, 1),
(663, 143, 95, 1, 10),
(664, 143, 94, 2, 4),
(665, 143, 16, 3, 3),
(666, 143, 2, 4, 2),
(667, 143, 1, 5, 1),
(668, 144, 95, 1, 10),
(669, 144, 94, 2, 4),
(670, 144, 16, 3, 3),
(671, 144, 2, 4, 2),
(672, 144, 1, 5, 1),
(673, 145, 95, 1, 10),
(674, 145, 94, 2, 4),
(675, 145, 16, 3, 3),
(676, 145, 2, 4, 2),
(677, 145, 1, 5, 1),
(678, 146, 95, 1, 10),
(679, 146, 94, 2, 4),
(680, 146, 16, 3, 3),
(681, 146, 2, 4, 2),
(682, 146, 1, 5, 1),
(683, 147, 95, 1, 10),
(684, 147, 94, 2, 4),
(685, 147, 16, 3, 3),
(686, 147, 2, 4, 2),
(687, 147, 1, 5, 1),
(688, 148, 95, 1, 10),
(689, 148, 94, 2, 4),
(690, 148, 16, 3, 3),
(691, 148, 2, 4, 2),
(692, 148, 1, 5, 1),
(693, 149, 95, 1, 10),
(694, 149, 94, 2, 4),
(695, 149, 16, 3, 3),
(696, 149, 2, 4, 2),
(697, 149, 1, 5, 1),
(698, 150, 95, 1, 10),
(699, 150, 94, 2, 4),
(700, 150, 16, 3, 3),
(701, 150, 2, 4, 2),
(702, 150, 1, 5, 1),
(703, 151, 95, 1, 10),
(704, 151, 94, 2, 4),
(705, 151, 16, 3, 3),
(706, 151, 2, 4, 2),
(707, 151, 1, 5, 1),
(708, 152, 15, 1, 10),
(709, 152, 3, 2, 4),
(710, 152, 1, 3, 3),
(711, 153, 15, 1, 10),
(712, 153, 3, 2, 4),
(713, 153, 1, 3, 3),
(714, 154, 15, 1, 10),
(715, 154, 3, 2, 4),
(716, 154, 1, 3, 3),
(717, 155, 152, 1, 10),
(718, 155, 15, 2, 4),
(719, 155, 3, 3, 3),
(720, 155, 1, 4, 2),
(721, 156, 152, 1, 10),
(722, 156, 15, 2, 4),
(723, 156, 3, 3, 3),
(724, 156, 1, 4, 2),
(725, 157, 152, 1, 10),
(726, 157, 15, 2, 4),
(727, 157, 3, 3, 3),
(728, 157, 1, 4, 2),
(729, 158, 153, 1, 10),
(730, 158, 15, 2, 4),
(731, 158, 3, 3, 3),
(732, 158, 1, 4, 2),
(733, 159, 154, 1, 10),
(734, 159, 15, 2, 4),
(735, 159, 3, 3, 3),
(736, 159, 1, 4, 2),
(737, 160, 154, 1, 10),
(738, 160, 15, 2, 4),
(739, 160, 3, 3, 3),
(740, 160, 1, 4, 2),
(741, 161, 154, 1, 10),
(742, 161, 15, 2, 4),
(743, 161, 3, 3, 3),
(744, 161, 1, 4, 2),
(745, 162, 154, 1, 10),
(746, 162, 15, 2, 4),
(747, 162, 3, 3, 3),
(748, 162, 1, 4, 2),
(749, 163, 18, 1, 10),
(750, 163, 15, 2, 4),
(751, 163, 3, 3, 3),
(752, 163, 1, 4, 2),
(753, 164, 154, 1, 10),
(754, 164, 15, 2, 4),
(755, 164, 3, 3, 3),
(756, 164, 1, 4, 2),
(757, 165, 154, 1, 10),
(758, 165, 15, 2, 4),
(759, 165, 3, 3, 3),
(760, 165, 1, 4, 2),
(761, 166, 154, 1, 10),
(762, 166, 15, 2, 4),
(763, 166, 3, 3, 3),
(764, 166, 1, 4, 2),
(765, 167, 154, 1, 10),
(766, 167, 15, 2, 4),
(767, 167, 3, 3, 3),
(768, 167, 1, 4, 2),
(769, 168, 154, 1, 10),
(770, 168, 15, 2, 4),
(771, 168, 3, 3, 3),
(772, 168, 1, 4, 2),
(776, 170, 17, 1, 10),
(777, 170, 5, 2, 4),
(778, 170, 2, 3, 3),
(779, 170, 1, 4, 2),
(780, 171, 17, 1, 10),
(781, 171, 5, 2, 4),
(782, 171, 2, 3, 3),
(783, 171, 1, 4, 2),
(784, 172, 17, 1, 10),
(785, 172, 5, 2, 4),
(786, 172, 2, 3, 3),
(787, 172, 1, 4, 2),
(788, 173, 5, 1, 10),
(789, 173, 2, 2, 4),
(790, 173, 1, 3, 3),
(791, 174, 17, 1, 10),
(792, 174, 5, 2, 4),
(793, 174, 2, 3, 3),
(794, 174, 1, 4, 2),
(795, 175, 17, 1, 10),
(796, 175, 5, 2, 4),
(797, 175, 2, 3, 3),
(798, 175, 1, 4, 2),
(799, 176, 5, 1, 10),
(800, 176, 2, 2, 4),
(801, 176, 1, 3, 3),
(802, 177, 176, 1, 10),
(803, 177, 5, 2, 4),
(804, 177, 2, 3, 3),
(805, 177, 1, 4, 2),
(806, 178, 176, 1, 10),
(807, 178, 5, 2, 4),
(808, 178, 2, 3, 3),
(809, 178, 1, 4, 2),
(810, 179, 176, 1, 10),
(811, 179, 5, 2, 4),
(812, 179, 2, 3, 3),
(813, 179, 1, 4, 2),
(814, 180, 176, 1, 10),
(815, 180, 5, 2, 4),
(816, 180, 2, 3, 3),
(817, 180, 1, 4, 2),
(818, 181, 176, 1, 10),
(819, 181, 5, 2, 4),
(820, 181, 2, 3, 3),
(821, 181, 1, 4, 2),
(822, 182, 176, 1, 10),
(823, 182, 5, 2, 4),
(824, 182, 2, 3, 3),
(825, 182, 1, 4, 2),
(826, 183, 176, 1, 10),
(827, 183, 5, 2, 4),
(828, 183, 2, 3, 3),
(829, 183, 1, 4, 2),
(830, 184, 176, 1, 10),
(831, 184, 5, 2, 4),
(832, 184, 2, 3, 3),
(833, 184, 1, 4, 2),
(834, 185, 176, 1, 10),
(835, 185, 5, 2, 4),
(836, 185, 2, 3, 3),
(837, 185, 1, 4, 2),
(838, 186, 176, 1, 10),
(839, 186, 5, 2, 4),
(840, 186, 2, 3, 3),
(841, 186, 1, 4, 2),
(842, 187, 169, 1, 10),
(843, 187, 15, 2, 4),
(844, 187, 3, 3, 3),
(845, 187, 1, 4, 2),
(846, 188, 169, 1, 10),
(847, 188, 15, 2, 4),
(848, 188, 3, 3, 3),
(849, 188, 1, 4, 2),
(850, 189, 169, 1, 10),
(851, 189, 15, 2, 4),
(852, 189, 3, 3, 3),
(853, 189, 1, 4, 2),
(854, 190, 169, 1, 10),
(855, 190, 15, 2, 4),
(856, 190, 3, 3, 3),
(857, 190, 1, 4, 2),
(858, 191, 9, 1, 10),
(859, 191, 8, 2, 4),
(860, 191, 7, 3, 3),
(861, 191, 5, 4, 2),
(862, 191, 2, 5, 1),
(863, 191, 1, 6, 0),
(864, 192, 9, 1, 10),
(865, 192, 8, 2, 4),
(866, 192, 7, 3, 3),
(867, 192, 5, 4, 2),
(868, 192, 2, 5, 1),
(869, 192, 1, 6, 0),
(870, 193, 176, 1, 10),
(871, 193, 5, 2, 4),
(872, 193, 2, 3, 3),
(873, 193, 1, 4, 2),
(874, 194, 176, 1, 10),
(875, 194, 5, 2, 4),
(876, 194, 2, 3, 3),
(877, 194, 1, 4, 2),
(878, 195, 176, 1, 10),
(879, 195, 5, 2, 4),
(880, 195, 2, 3, 3),
(881, 195, 1, 4, 2),
(882, 196, 169, 1, 10),
(883, 196, 15, 2, 4),
(884, 196, 3, 3, 3),
(885, 196, 1, 4, 2),
(886, 197, 5, 1, 10),
(887, 197, 2, 2, 4),
(888, 197, 1, 3, 3),
(889, 198, 197, 1, 10),
(890, 198, 5, 2, 4),
(891, 198, 2, 3, 3),
(892, 198, 1, 4, 2),
(893, 199, 176, 1, 10),
(894, 199, 5, 2, 4),
(895, 199, 2, 3, 3),
(896, 199, 1, 4, 2),
(897, 200, 176, 1, 10),
(898, 200, 5, 2, 4),
(899, 200, 2, 3, 3),
(900, 200, 1, 4, 2),
(901, 201, 176, 1, 10),
(902, 201, 5, 2, 4),
(903, 201, 2, 3, 3),
(904, 201, 1, 4, 2),
(905, 202, 197, 1, 10),
(906, 202, 5, 2, 4),
(907, 202, 2, 3, 3),
(908, 202, 1, 4, 2),
(909, 203, 197, 1, 10),
(910, 203, 5, 2, 4),
(911, 203, 2, 3, 3),
(912, 203, 1, 4, 2),
(913, 204, 197, 1, 10),
(914, 204, 5, 2, 4),
(915, 204, 2, 3, 3),
(916, 204, 1, 4, 2),
(917, 205, 9, 1, 10),
(918, 205, 8, 2, 4),
(919, 205, 7, 3, 3),
(920, 205, 5, 4, 2),
(921, 205, 2, 5, 1),
(922, 205, 1, 6, 0),
(923, 206, 52, 1, 10),
(924, 206, 14, 2, 4),
(925, 206, 13, 3, 3),
(926, 206, 12, 4, 2),
(927, 206, 4, 5, 1),
(928, 206, 2, 6, 0),
(929, 206, 1, 7, 0),
(930, 207, 15, 1, 10),
(931, 207, 3, 2, 4),
(932, 207, 1, 3, 3),
(933, 208, 15, 1, 10),
(934, 208, 3, 2, 4),
(935, 208, 1, 3, 3),
(936, 209, 208, 1, 10),
(937, 209, 15, 2, 4),
(938, 209, 3, 3, 3),
(939, 209, 1, 4, 2),
(940, 210, 15, 1, 10),
(941, 210, 3, 2, 4),
(942, 210, 1, 3, 3),
(943, 211, 210, 1, 10),
(944, 211, 15, 2, 4),
(945, 211, 3, 3, 3),
(946, 211, 1, 4, 2),
(947, 212, 210, 1, 10),
(948, 212, 15, 2, 4),
(949, 212, 3, 3, 3),
(950, 212, 1, 4, 2),
(951, 213, 212, 1, 10),
(952, 213, 210, 2, 4),
(953, 213, 15, 3, 3),
(954, 213, 3, 4, 2),
(955, 213, 1, 5, 1),
(956, 214, 210, 1, 10),
(957, 214, 15, 2, 4),
(958, 214, 3, 3, 3),
(959, 214, 1, 4, 2),
(960, 215, 210, 1, 10),
(961, 215, 15, 2, 4),
(962, 215, 3, 3, 3),
(963, 215, 1, 4, 2),
(964, 216, 210, 1, 10),
(965, 216, 15, 2, 4),
(966, 216, 3, 3, 3),
(967, 216, 1, 4, 2),
(968, 217, 210, 1, 10),
(969, 217, 15, 2, 4),
(970, 217, 3, 3, 3),
(971, 217, 1, 4, 2),
(972, 218, 210, 1, 10),
(973, 218, 15, 2, 4),
(974, 218, 3, 3, 3),
(975, 218, 1, 4, 2),
(976, 219, 210, 1, 10),
(977, 219, 15, 2, 4),
(978, 219, 3, 3, 3),
(979, 219, 1, 4, 2),
(980, 220, 210, 1, 10),
(981, 220, 15, 2, 4),
(982, 220, 3, 3, 3),
(983, 220, 1, 4, 2),
(984, 221, 210, 1, 10),
(985, 221, 15, 2, 4),
(986, 221, 3, 3, 3),
(987, 221, 1, 4, 2),
(988, 222, 210, 1, 10),
(989, 222, 15, 2, 4),
(990, 222, 3, 3, 3),
(991, 222, 1, 4, 2),
(992, 223, 210, 1, 10),
(993, 223, 15, 2, 4),
(994, 223, 3, 3, 3),
(995, 223, 1, 4, 2),
(996, 224, 210, 1, 10),
(997, 224, 15, 2, 4),
(998, 224, 3, 3, 3),
(999, 224, 1, 4, 2),
(1000, 225, 210, 1, 10),
(1001, 225, 15, 2, 4),
(1002, 225, 3, 3, 3),
(1003, 225, 1, 4, 2),
(1004, 226, 210, 1, 10),
(1005, 226, 15, 2, 4),
(1006, 226, 3, 3, 3),
(1007, 226, 1, 4, 2),
(1008, 227, 207, 1, 10),
(1009, 227, 15, 2, 4),
(1010, 227, 3, 3, 3),
(1011, 227, 1, 4, 2),
(1012, 228, 15, 1, 10),
(1013, 228, 3, 2, 4),
(1014, 228, 1, 3, 3),
(1015, 229, 228, 1, 10),
(1016, 229, 15, 2, 4),
(1017, 229, 3, 3, 3),
(1018, 229, 1, 4, 2),
(1019, 230, 228, 1, 10),
(1020, 230, 15, 2, 4),
(1021, 230, 3, 3, 3),
(1022, 230, 1, 4, 2),
(1023, 231, 228, 1, 10),
(1024, 231, 15, 2, 4),
(1025, 231, 3, 3, 3),
(1026, 231, 1, 4, 2),
(1027, 232, 228, 1, 10),
(1028, 232, 15, 2, 4),
(1029, 232, 3, 3, 3),
(1030, 232, 1, 4, 2),
(1031, 233, 71, 1, 10),
(1032, 233, 15, 2, 4),
(1033, 233, 3, 3, 3),
(1034, 233, 1, 4, 2),
(1035, 234, 74, 1, 10),
(1036, 234, 15, 2, 4),
(1037, 234, 3, 3, 3),
(1038, 234, 1, 4, 2),
(1039, 235, 2, 1, 10),
(1040, 235, 1, 2, 4),
(1041, 237, 206, 1, 10),
(1042, 237, 52, 2, 4),
(1043, 237, 14, 3, 3),
(1044, 237, 13, 4, 1),
(1045, 237, 12, 5, 1),
(1046, 237, 4, 6, 1),
(1047, 237, 2, 7, 0),
(1048, 237, 1, 8, 0),
(1049, 238, 237, 1, 10),
(1050, 238, 206, 2, 4),
(1051, 238, 52, 3, 3),
(1052, 238, 14, 4, 1),
(1053, 238, 13, 5, 1),
(1054, 238, 12, 6, 1),
(1055, 238, 4, 7, 0),
(1056, 238, 2, 8, 0),
(1057, 238, 1, 9, 0),
(1058, 239, 238, 1, 10),
(1059, 239, 237, 2, 4),
(1060, 239, 206, 3, 3),
(1061, 239, 52, 4, 1),
(1062, 239, 14, 5, 1),
(1063, 239, 13, 6, 1),
(1064, 239, 12, 7, 0),
(1065, 239, 4, 8, 0),
(1066, 239, 2, 9, 0),
(1067, 239, 1, 10, 0),
(1068, 240, 239, 1, 10),
(1069, 240, 238, 2, 4),
(1070, 240, 237, 3, 3),
(1071, 240, 206, 4, 1),
(1072, 240, 52, 5, 1),
(1073, 240, 14, 6, 1),
(1074, 240, 13, 7, 0),
(1075, 240, 12, 8, 0),
(1076, 240, 4, 9, 0),
(1077, 240, 2, 10, 0),
(1078, 240, 1, 11, 0),
(1156, 248, 240, 1, 10),
(1157, 248, 239, 2, 4),
(1158, 248, 238, 3, 3),
(1159, 248, 237, 4, 1),
(1160, 248, 206, 5, 1),
(1161, 248, 52, 6, 1),
(1162, 248, 14, 7, 0),
(1163, 248, 13, 8, 0),
(1164, 248, 12, 9, 0),
(1165, 248, 4, 10, 0),
(1166, 248, 2, 11, 0),
(1167, 249, 248, 1, 10),
(1168, 249, 240, 2, 4),
(1169, 249, 239, 3, 3),
(1170, 249, 238, 4, 1),
(1171, 249, 237, 5, 1),
(1172, 249, 206, 6, 1),
(1173, 249, 52, 7, 0),
(1174, 249, 14, 8, 0),
(1175, 249, 13, 9, 0),
(1176, 249, 12, 10, 0),
(1177, 249, 4, 11, 0),
(1178, 250, 249, 1, 10),
(1179, 250, 248, 2, 4),
(1180, 250, 240, 3, 3),
(1181, 250, 239, 4, 1),
(1182, 250, 238, 5, 1),
(1183, 250, 237, 6, 1),
(1184, 250, 206, 7, 0),
(1185, 250, 52, 8, 0),
(1186, 250, 14, 9, 0),
(1187, 250, 13, 10, 0),
(1188, 250, 12, 11, 0),
(1189, 251, 250, 1, 10),
(1190, 251, 249, 2, 4),
(1191, 251, 248, 3, 3),
(1192, 251, 240, 4, 1),
(1193, 251, 239, 5, 1),
(1194, 251, 238, 6, 1),
(1195, 251, 237, 7, 0),
(1196, 251, 206, 8, 0),
(1197, 251, 52, 9, 0),
(1198, 251, 14, 10, 0),
(1199, 251, 13, 11, 0),
(1200, 252, 250, 1, 10),
(1201, 252, 249, 2, 4),
(1202, 252, 248, 3, 3),
(1203, 252, 240, 4, 1),
(1204, 252, 239, 5, 1),
(1205, 252, 238, 6, 1),
(1206, 252, 237, 7, 0),
(1207, 252, 206, 8, 0),
(1208, 252, 52, 9, 0),
(1209, 252, 14, 10, 0),
(1210, 252, 13, 11, 0),
(1211, 253, 249, 1, 10),
(1212, 253, 248, 2, 4),
(1213, 253, 240, 3, 3),
(1214, 253, 239, 4, 1),
(1215, 253, 238, 5, 1),
(1216, 253, 237, 6, 1),
(1217, 253, 206, 7, 0),
(1218, 253, 52, 8, 0),
(1219, 253, 14, 9, 0),
(1220, 253, 13, 10, 0),
(1221, 253, 12, 11, 0);

-- --------------------------------------------------------

--
-- Table structure for table `customer_payment_map`
--

DROP TABLE IF EXISTS `customer_payment_map`;
CREATE TABLE IF NOT EXISTS `customer_payment_map` (
  `cpm_id` int(11) NOT NULL AUTO_INCREMENT,
  `customer_id` int(11) NOT NULL,
  `cpm_payment` varchar(15) NOT NULL,
  `cmp_created_date` datetime NOT NULL DEFAULT CURRENT_TIMESTAMP,
  PRIMARY KEY (`cpm_id`)
) ENGINE=InnoDB AUTO_INCREMENT=13 DEFAULT CHARSET=latin1;

--
-- Dumping data for table `customer_payment_map`
--

INSERT INTO `customer_payment_map` (`cpm_id`, `customer_id`, `cpm_payment`, `cmp_created_date`) VALUES
(1, 2, '250', '2018-10-31 16:51:05'),
(2, 5, '1000', '2018-10-31 17:02:58'),
(3, 2, '500', '2018-11-02 03:20:38'),
(4, 3, '10', '2018-11-02 03:22:06'),
(5, 2, '1000', '2018-11-02 13:43:19'),
(6, 5, '250', '2018-12-27 05:25:53'),
(7, 206, '1000', '2019-03-27 13:41:05'),
(8, 206, '1000', '2019-03-27 13:44:21'),
(9, 206, '250', '2019-03-28 12:48:00'),
(10, 240, '250', '2019-03-29 05:57:30'),
(11, 234, '200', '2019-04-03 08:33:55'),
(12, 234, '300', '2019-04-10 21:54:31');

-- --------------------------------------------------------

--
-- Table structure for table `customer_pay_map`
--

DROP TABLE IF EXISTS `customer_pay_map`;
CREATE TABLE IF NOT EXISTS `customer_pay_map` (
  `cpm_id` int(11) NOT NULL AUTO_INCREMENT,
  `customer_id` int(11) NOT NULL,
  `reference_customer_id` int(11) NOT NULL,
  `level` tinyint(2) NOT NULL DEFAULT '0',
  `cpm_payment` varchar(15) NOT NULL,
  `cmp_created_date` datetime NOT NULL DEFAULT CURRENT_TIMESTAMP,
  PRIMARY KEY (`cpm_id`)
) ENGINE=InnoDB AUTO_INCREMENT=52 DEFAULT CHARSET=latin1;

--
-- Dumping data for table `customer_pay_map`
--

INSERT INTO `customer_pay_map` (`cpm_id`, `customer_id`, `reference_customer_id`, `level`, `cpm_payment`, `cmp_created_date`) VALUES
(1, 1, 2, 10, '25', '2018-10-31 16:51:05'),
(2, 1, 2, 10, '5', '2018-10-31 16:52:41'),
(3, 2, 5, 10, '100', '2018-10-31 17:02:58'),
(4, 1, 5, 4, '40', '2018-10-31 17:02:58'),
(5, 2, 5, 10, '100', '2018-10-31 17:04:16'),
(6, 1, 5, 4, '40', '2018-10-31 17:04:16'),
(7, 1, 2, 10, '50', '2018-11-02 03:20:38'),
(8, 1, 3, 10, '1', '2018-11-02 03:22:06'),
(9, 1, 2, 10, '100', '2018-11-02 13:43:19'),
(10, 2, 5, 10, '25', '2018-12-27 05:25:53'),
(11, 1, 5, 4, '10', '2018-12-27 05:25:53'),
(12, 52, 206, 10, '100', '2019-03-27 13:41:05'),
(13, 14, 206, 4, '40', '2019-03-27 13:41:05'),
(14, 13, 206, 3, '30', '2019-03-27 13:41:05'),
(15, 12, 206, 1, '10', '2019-03-27 13:41:05'),
(16, 4, 206, 1, '5', '2019-03-27 13:41:05'),
(17, 2, 206, 1, '5', '2019-03-27 13:41:05'),
(18, 1, 206, 0, '2.5', '2019-03-27 13:41:05'),
(19, 52, 206, 10, '100', '2019-03-27 13:44:21'),
(20, 14, 206, 4, '40', '2019-03-27 13:44:21'),
(21, 13, 206, 3, '30', '2019-03-27 13:44:21'),
(22, 12, 206, 1, '10', '2019-03-27 13:44:21'),
(23, 4, 206, 1, '5', '2019-03-27 13:44:21'),
(24, 2, 206, 1, '5', '2019-03-27 13:44:21'),
(25, 1, 206, 0, '2.5', '2019-03-27 13:44:21'),
(26, 52, 206, 10, '25', '2019-03-28 12:48:00'),
(27, 14, 206, 4, '10', '2019-03-28 12:48:00'),
(28, 13, 206, 3, '7.5', '2019-03-28 12:48:00'),
(29, 12, 206, 1, '2.5', '2019-03-28 12:48:00'),
(30, 4, 206, 1, '1.25', '2019-03-28 12:48:00'),
(31, 2, 206, 1, '1.25', '2019-03-28 12:48:00'),
(32, 1, 206, 0, '0.625', '2019-03-28 12:48:00'),
(33, 239, 240, 10, '25', '2019-03-29 05:57:30'),
(34, 238, 240, 4, '10', '2019-03-29 05:57:30'),
(35, 237, 240, 3, '7.5', '2019-03-29 05:57:30'),
(36, 206, 240, 1, '2.5', '2019-03-29 05:57:30'),
(37, 52, 240, 1, '1.25', '2019-03-29 05:57:30'),
(38, 14, 240, 1, '1.25', '2019-03-29 05:57:30'),
(39, 13, 240, 0, '0.625', '2019-03-29 05:57:30'),
(40, 12, 240, 0, '0.625', '2019-03-29 05:57:30'),
(41, 4, 240, 0, '0.5', '2019-03-29 05:57:30'),
(42, 2, 240, 0, '0.375', '2019-03-29 05:57:30'),
(43, 1, 240, 0, '0.375', '2019-03-29 05:57:30'),
(44, 74, 74, 10, '20', '2019-04-03 08:33:55'),
(45, 15, 15, 4, '8', '2019-04-03 08:33:55'),
(46, 3, 3, 3, '6', '2019-04-03 08:33:55'),
(47, 1, 1, 1, '2', '2019-04-03 08:33:55'),
(48, 74, 74, 10, '30', '2019-04-10 21:54:31'),
(49, 15, 15, 4, '12', '2019-04-10 21:54:32'),
(50, 3, 3, 3, '9', '2019-04-10 21:54:32'),
(51, 1, 1, 1, '3', '2019-04-10 21:54:32');

-- --------------------------------------------------------

--
-- Table structure for table `error_codes`
--

DROP TABLE IF EXISTS `error_codes`;
CREATE TABLE IF NOT EXISTS `error_codes` (
  `error_id` int(11) NOT NULL AUTO_INCREMENT,
  `error_code` varchar(5) NOT NULL COMMENT 'Error code in numeric values',
  `error_message` mediumtext NOT NULL COMMENT 'Error description in form of message',
  `modified_date` timestamp NOT NULL DEFAULT CURRENT_TIMESTAMP ON UPDATE CURRENT_TIMESTAMP,
  PRIMARY KEY (`error_id`)
) ENGINE=InnoDB AUTO_INCREMENT=27 DEFAULT CHARSET=utf8;

--
-- Dumping data for table `error_codes`
--

INSERT INTO `error_codes` (`error_id`, `error_code`, `error_message`, `modified_date`) VALUES
(1, '01001', 'Email address is already exist, please try different email address.', '2013-07-29 18:23:29'),
(2, '01002', 'Your Account has been inactive. Please contact admin OR Please check your mailbox.', '2013-09-27 19:55:10'),
(3, '01003', 'You have entered wrong old password, please correct it.', '2013-07-15 07:30:00'),
(4, '01004', 'Invalid login credentials.', '2013-07-10 17:58:14'),
(5, '01005', 'Warning: Please check the form carefully for errors!', '2013-07-29 17:56:12'),
(6, '01006', 'Warning: Record is deleted', '2019-08-07 18:30:00'),
(7, '01007', 'Sorry! you don''t have insert permission.', '2013-07-27 01:19:47'),
(8, '01008', 'Sorry! you don''t have edit permission.', '2013-07-27 01:20:07'),
(9, '01009', 'Sorry! you don''t have delete permission.', '2013-07-27 01:20:19'),
(10, '01010', 'Sorry! you don''t have view permission.', '2013-07-27 01:20:37'),
(11, '01011', 'Your email address is subscribed.', '2013-08-16 18:11:02'),
(12, '01012', 'Your account has been created successfully, please check mail to verify your account.', '2013-09-06 17:54:36'),
(13, '01013', 'Invalid email or password combination.', '2013-10-28 19:50:29'),
(14, '01014', 'Password reset information is sent to your email address. Please check your mailbox.', '2013-09-15 08:39:08'),
(15, '01015', 'Sorry! You are not registered.', '2013-09-18 18:18:00'),
(16, '01016', 'You have successfully signed up with facebook. Your password details are sent to your email, please check your mailbox.', '2013-09-15 12:39:30'),
(17, '01017', 'We could not find information about this activation key. Please verify your activation email.', '2013-09-15 07:30:00'),
(18, '01018', 'Your activation link is already approved.', '2013-09-27 23:22:47'),
(19, '01019', 'Your account has been activated, please login to experience the features.', '2013-09-27 23:20:29'),
(20, '01020', 'You are logged in as guest user, please register first.', '2013-09-18 18:09:47'),
(21, '01021', 'Sorry you don''t have permission on any page of admin, first seek permission from Super Admin', '2013-09-25 20:20:03'),
(22, '01022', 'Sorry you don''t have any permission on this page.', '2013-09-25 22:07:30'),
(23, '01023', 'Sorry! you haven''t permission to access this page.', '2013-09-26 00:17:18'),
(24, '01024', 'Inquiry sent, dealer will contact you soon.', '2015-09-28 00:44:18'),
(25, '01025', 'Your email has been approved successfully.', '2016-01-03 01:01:20'),
(26, '01026', 'Your account verification information is sent to your email address. Please check your mailbox.', '2016-12-27 04:49:45');

-- --------------------------------------------------------

--
-- Table structure for table `logins`
--

DROP TABLE IF EXISTS `logins`;
CREATE TABLE IF NOT EXISTS `logins` (
  `logins_id` int(11) NOT NULL AUTO_INCREMENT,
  `cust_admin_user_id` int(11) NOT NULL,
  `sessions_id` int(11) DEFAULT NULL,
  `session_id` varchar(128) DEFAULT NULL,
  `l_user_type` varchar(1) NOT NULL COMMENT 'U for Customer-User and A for Admin',
  `l_user_agent` varchar(1000) NOT NULL,
  `l_user_device` varchar(100) NOT NULL,
  `l_session_status` tinyint(1) NOT NULL DEFAULT '1' COMMENT '1 exist and 0 expired',
  `l_reason_key` tinyint(4) DEFAULT NULL,
  `l_created_time` timestamp NOT NULL DEFAULT CURRENT_TIMESTAMP,
  `l_modified_time` timestamp NOT NULL DEFAULT '1970-01-01 02:30:00',
  PRIMARY KEY (`logins_id`),
  KEY `FK_l_sessions_id` (`sessions_id`)
) ENGINE=InnoDB AUTO_INCREMENT=309 DEFAULT CHARSET=utf8 COMMENT='stores active and previous logins of admin and users';

--
-- Dumping data for table `logins`
--

INSERT INTO `logins` (`logins_id`, `cust_admin_user_id`, `sessions_id`, `session_id`, `l_user_type`, `l_user_agent`, `l_user_device`, `l_session_status`, `l_reason_key`, `l_created_time`, `l_modified_time`) VALUES
(1, 1, NULL, NULL, 'A', 'Mozilla/5.0 (Windows NT 6.1) AppleWebKit/537.36 (KHTML, like Gecko) Chrome/70.0.3538.77 Safari/537.36', '', 1, NULL, '2018-10-30 01:29:08', '1970-01-01 02:30:00'),
(2, 1, NULL, NULL, 'A', 'Mozilla/5.0 (Linux; Android 6.0.1; SM-G550FY Build/MMB29K) AppleWebKit/537.36 (KHTML, like Gecko) Chrome/68.0.3440.91 Mobile Safari/537.36', '', 1, NULL, '2018-10-30 05:54:51', '1970-01-01 02:30:00'),
(3, 1, NULL, NULL, 'A', 'Mozilla/5.0 (Linux; Android 6.0.1; SM-G550FY Build/MMB29K) AppleWebKit/537.36 (KHTML, like Gecko) Chrome/68.0.3440.91 Mobile Safari/537.36', '', 1, NULL, '2018-10-30 05:58:41', '1970-01-01 02:30:00'),
(4, 1, NULL, NULL, 'A', 'Mozilla/5.0 (Windows NT 6.1) AppleWebKit/537.36 (KHTML, like Gecko) Chrome/70.0.3538.77 Safari/537.36', '', 1, NULL, '2018-10-30 06:03:49', '1970-01-01 02:30:00'),
(5, 112, NULL, NULL, 'A', 'Mozilla/5.0 (Windows NT 6.1) AppleWebKit/537.36 (KHTML, like Gecko) Chrome/70.0.3538.77 Safari/537.36', '', 1, NULL, '2018-10-30 06:07:59', '1970-01-01 02:30:00'),
(6, 2, NULL, NULL, 'A', 'Mozilla/5.0 (Linux; Android 5.1.1; vivo V3 Build/LMY47V) AppleWebKit/537.36 (KHTML, like Gecko) Chrome/69.0.3497.100 Mobile Safari/537.36', '', 1, NULL, '2018-10-30 13:01:21', '1970-01-01 02:30:00'),
(7, 112, NULL, NULL, 'A', 'Mozilla/5.0 (X11; Linux x86_64) AppleWebKit/537.36 (KHTML, like Gecko) Chrome/70.0.3538.80 Safari/537.36', '', 1, NULL, '2018-10-31 05:23:55', '1970-01-01 02:30:00'),
(8, 112, NULL, NULL, 'A', 'Mozilla/5.0 (Windows NT 6.1) AppleWebKit/537.36 (KHTML, like Gecko) Chrome/69.0.3497.100 Safari/537.36', '', 1, NULL, '2018-10-31 06:16:07', '1970-01-01 02:30:00'),
(9, 114, NULL, NULL, 'A', 'Mozilla/5.0 (Windows NT 6.1) AppleWebKit/537.36 (KHTML, like Gecko) Chrome/69.0.3497.100 Safari/537.36', '', 1, NULL, '2018-10-31 06:19:30', '1970-01-01 02:30:00'),
(10, 113, NULL, NULL, 'A', 'Mozilla/5.0 (Windows NT 6.1) AppleWebKit/537.36 (KHTML, like Gecko) Chrome/69.0.3497.100 Safari/537.36', '', 1, NULL, '2018-10-31 06:20:01', '1970-01-01 02:30:00'),
(11, 112, NULL, NULL, 'A', 'Mozilla/5.0 (Windows NT 6.1) AppleWebKit/537.36 (KHTML, like Gecko) Chrome/69.0.3497.100 Safari/537.36', '', 1, NULL, '2018-10-31 06:20:24', '1970-01-01 02:30:00'),
(12, 118, NULL, NULL, 'A', 'Mozilla/5.0 (Windows NT 6.1) AppleWebKit/537.36 (KHTML, like Gecko) Chrome/69.0.3497.100 Safari/537.36', '', 1, NULL, '2018-10-31 06:39:14', '1970-01-01 02:30:00'),
(13, 118, NULL, NULL, 'A', 'Mozilla/5.0 (Windows NT 6.1) AppleWebKit/537.36 (KHTML, like Gecko) Chrome/69.0.3497.100 Safari/537.36', '', 1, NULL, '2018-10-31 08:53:28', '1970-01-01 02:30:00'),
(14, 118, NULL, NULL, 'A', 'Mozilla/5.0 (Windows NT 6.1) AppleWebKit/537.36 (KHTML, like Gecko) Chrome/69.0.3497.100 Safari/537.36', '', 1, NULL, '2018-10-31 08:56:08', '1970-01-01 02:30:00'),
(15, 112, NULL, NULL, 'A', 'Mozilla/5.0 (Windows NT 6.1) AppleWebKit/537.36 (KHTML, like Gecko) Chrome/70.0.3538.77 Safari/537.36', '', 1, NULL, '2018-10-31 09:02:24', '1970-01-01 02:30:00'),
(16, 119, NULL, NULL, 'A', 'Mozilla/5.0 (Windows NT 6.1) AppleWebKit/537.36 (KHTML, like Gecko) Chrome/70.0.3538.77 Safari/537.36', '', 1, NULL, '2018-10-31 09:06:10', '1970-01-01 02:30:00'),
(17, 113, NULL, NULL, 'A', 'Mozilla/5.0 (Windows NT 6.1) AppleWebKit/537.36 (KHTML, like Gecko) Chrome/70.0.3538.77 Safari/537.36', '', 1, NULL, '2018-10-31 09:07:14', '1970-01-01 02:30:00'),
(18, 112, NULL, NULL, 'A', 'Mozilla/5.0 (Windows NT 6.1) AppleWebKit/537.36 (KHTML, like Gecko) Chrome/70.0.3538.77 Safari/537.36', '', 1, NULL, '2018-10-31 09:10:38', '1970-01-01 02:30:00'),
(19, 117, NULL, NULL, 'A', 'Mozilla/5.0 (Windows NT 6.1) AppleWebKit/537.36 (KHTML, like Gecko) Chrome/70.0.3538.77 Safari/537.36', '', 1, NULL, '2018-10-31 10:14:10', '1970-01-01 02:30:00'),
(20, 113, NULL, NULL, 'A', 'Mozilla/5.0 (Windows NT 6.1) AppleWebKit/537.36 (KHTML, like Gecko) Chrome/70.0.3538.77 Safari/537.36', '', 1, NULL, '2018-10-31 10:17:14', '1970-01-01 02:30:00'),
(21, 118, NULL, NULL, 'A', 'Mozilla/5.0 (Linux; U; Android 7.0; en-in; Redmi Note 4 Build/NRD90M) AppleWebKit/537.36 (KHTML, like Gecko) Version/4.0 Chrome/61.0.3163.128 Mobile Safari/537.36 XiaoMi/MiuiBrowser/10.1.2', '', 1, NULL, '2018-10-31 11:22:15', '1970-01-01 02:30:00'),
(22, 112, NULL, NULL, 'A', 'Mozilla/5.0 (Linux; Android 7.0; vivo 1713) AppleWebKit/537.36 (KHTML, like Gecko) Chrome/70.0.3538.80 Mobile Safari/537.36', '', 1, NULL, '2018-10-31 16:37:56', '1970-01-01 02:30:00'),
(23, 119, NULL, NULL, 'A', 'Mozilla/5.0 (Linux; Android 7.0; vivo 1713) AppleWebKit/537.36 (KHTML, like Gecko) Chrome/70.0.3538.80 Mobile Safari/537.36', '', 1, NULL, '2018-10-31 16:47:18', '1970-01-01 02:30:00'),
(24, 112, NULL, NULL, 'A', 'Mozilla/5.0 (Linux; Android 7.0; vivo 1713) AppleWebKit/537.36 (KHTML, like Gecko) Chrome/70.0.3538.80 Mobile Safari/537.36', '', 1, NULL, '2018-10-31 16:48:20', '1970-01-01 02:30:00'),
(25, 116, NULL, NULL, 'A', 'Mozilla/5.0 (Linux; Android 7.0; vivo 1713) AppleWebKit/537.36 (KHTML, like Gecko) Chrome/70.0.3538.80 Mobile Safari/537.36', '', 1, NULL, '2018-10-31 16:57:34', '1970-01-01 02:30:00'),
(26, 112, NULL, NULL, 'A', 'Mozilla/5.0 (Linux; Android 7.0; vivo 1713) AppleWebKit/537.36 (KHTML, like Gecko) Chrome/70.0.3538.80 Mobile Safari/537.36', '', 1, NULL, '2018-10-31 17:00:18', '1970-01-01 02:30:00'),
(27, 119, NULL, NULL, 'A', 'Mozilla/5.0 (Windows NT 6.1) AppleWebKit/537.36 (KHTML, like Gecko) Chrome/70.0.3538.77 Safari/537.36', '', 1, NULL, '2018-11-01 04:59:03', '1970-01-01 02:30:00'),
(28, 116, NULL, NULL, 'A', 'Mozilla/5.0 (Windows NT 6.1) AppleWebKit/537.36 (KHTML, like Gecko) Chrome/70.0.3538.77 Safari/537.36', '', 1, NULL, '2018-11-01 05:01:39', '1970-01-01 02:30:00'),
(29, 118, NULL, NULL, 'A', 'Mozilla/5.0 (Windows NT 6.1) AppleWebKit/537.36 (KHTML, like Gecko) Chrome/70.0.3538.77 Safari/537.36', '', 1, NULL, '2018-11-01 05:03:18', '1970-01-01 02:30:00'),
(30, 113, NULL, NULL, 'A', 'Mozilla/5.0 (Windows NT 6.1) AppleWebKit/537.36 (KHTML, like Gecko) Chrome/70.0.3538.77 Safari/537.36', '', 1, NULL, '2018-11-01 05:04:06', '1970-01-01 02:30:00'),
(31, 112, NULL, NULL, 'A', 'Mozilla/5.0 (Windows NT 6.1) AppleWebKit/537.36 (KHTML, like Gecko) Chrome/70.0.3538.77 Safari/537.36', '', 1, NULL, '2018-11-01 05:08:40', '1970-01-01 02:30:00'),
(32, 118, NULL, NULL, 'A', 'Mozilla/5.0 (Windows NT 6.1) AppleWebKit/537.36 (KHTML, like Gecko) Chrome/69.0.3497.100 Safari/537.36', '', 1, NULL, '2018-11-01 06:04:15', '1970-01-01 02:30:00'),
(33, 112, NULL, NULL, 'A', 'Mozilla/5.0 (Linux; Android 7.0; vivo 1713) AppleWebKit/537.36 (KHTML, like Gecko) Chrome/70.0.3538.80 Mobile Safari/537.36', '', 1, NULL, '2018-11-01 06:17:04', '1970-01-01 02:30:00'),
(34, 116, NULL, NULL, 'A', 'Mozilla/5.0 (Linux; Android 7.0; vivo 1713) AppleWebKit/537.36 (KHTML, like Gecko) Chrome/70.0.3538.80 Mobile Safari/537.36', '', 1, NULL, '2018-11-01 06:17:48', '1970-01-01 02:30:00'),
(35, 1, NULL, NULL, 'A', 'Mozilla/5.0 (Windows NT 6.1) AppleWebKit/537.36 (KHTML, like Gecko) Chrome/70.0.3538.77 Safari/537.36', '', 1, NULL, '2018-11-02 03:03:53', '1970-01-01 02:30:00'),
(36, 113, NULL, NULL, 'A', 'Mozilla/5.0 (Windows NT 6.1) AppleWebKit/537.36 (KHTML, like Gecko) Chrome/70.0.3538.77 Safari/537.36', '', 1, NULL, '2018-11-02 04:50:26', '1970-01-01 02:30:00'),
(37, 113, NULL, NULL, 'A', 'Mozilla/5.0 (Windows NT 6.1) AppleWebKit/537.36 (KHTML, like Gecko) Chrome/70.0.3538.77 Safari/537.36', '', 1, NULL, '2018-11-02 04:52:07', '1970-01-01 02:30:00'),
(38, 112, NULL, NULL, 'A', 'Mozilla/5.0 (Windows NT 6.1) AppleWebKit/537.36 (KHTML, like Gecko) Chrome/70.0.3538.77 Safari/537.36', '', 1, NULL, '2018-11-02 04:59:39', '1970-01-01 02:30:00'),
(39, 118, NULL, NULL, 'A', 'Mozilla/5.0 (Windows NT 6.1) AppleWebKit/537.36 (KHTML, like Gecko) Chrome/70.0.3538.77 Safari/537.36', '', 1, NULL, '2018-11-02 05:30:06', '1970-01-01 02:30:00'),
(40, 116, NULL, NULL, 'A', 'Mozilla/5.0 (Linux; Android 7.0; vivo 1713) AppleWebKit/537.36 (KHTML, like Gecko) Chrome/70.0.3538.80 Mobile Safari/537.36', '', 1, NULL, '2018-11-02 08:20:31', '1970-01-01 02:30:00'),
(41, 113, NULL, NULL, 'A', 'Mozilla/5.0 (Linux; Android 7.0; vivo 1713) AppleWebKit/537.36 (KHTML, like Gecko) Chrome/70.0.3538.80 Mobile Safari/537.36', '', 1, NULL, '2018-11-02 08:22:17', '1970-01-01 02:30:00'),
(42, 119, NULL, NULL, 'A', 'Mozilla/5.0 (Windows NT 6.1) AppleWebKit/537.36 (KHTML, like Gecko) Chrome/70.0.3538.77 Safari/537.36', '', 1, NULL, '2018-11-02 08:54:49', '1970-01-01 02:30:00'),
(43, 113, NULL, NULL, 'A', 'Mozilla/5.0 (Linux; Android 7.1.1; CPH1729 Build/N6F26Q) AppleWebKit/537.36 (KHTML, like Gecko) Chrome/69.0.3497.100 Mobile Safari/537.36', '', 1, NULL, '2018-11-02 10:18:52', '1970-01-01 02:30:00'),
(44, 119, NULL, NULL, 'A', 'Mozilla/5.0 (Windows NT 6.1) AppleWebKit/537.36 (KHTML, like Gecko) Chrome/70.0.3538.77 Safari/537.36', '', 1, NULL, '2018-11-02 13:37:00', '1970-01-01 02:30:00'),
(45, 112, NULL, NULL, 'A', 'Mozilla/5.0 (Windows NT 6.1) AppleWebKit/537.36 (KHTML, like Gecko) Chrome/70.0.3538.77 Safari/537.36', '', 1, NULL, '2018-11-02 13:39:20', '1970-01-01 02:30:00'),
(46, 113, NULL, NULL, 'A', 'Mozilla/5.0 (Windows NT 6.1) AppleWebKit/537.36 (KHTML, like Gecko) Chrome/70.0.3538.77 Safari/537.36', '', 1, NULL, '2018-11-02 13:43:57', '1970-01-01 02:30:00'),
(47, 116, NULL, NULL, 'A', 'Mozilla/5.0 (Linux; Android 7.0; vivo 1713) AppleWebKit/537.36 (KHTML, like Gecko) Chrome/70.0.3538.80 Mobile Safari/537.36', '', 1, NULL, '2018-11-03 04:56:42', '1970-01-01 02:30:00'),
(48, 113, NULL, NULL, 'A', 'Mozilla/5.0 (Windows NT 6.1) AppleWebKit/537.36 (KHTML, like Gecko) Chrome/70.0.3538.77 Safari/537.36', '', 1, NULL, '2018-11-03 06:51:32', '1970-01-01 02:30:00'),
(49, 119, NULL, NULL, 'A', 'Mozilla/5.0 (Windows NT 6.1) AppleWebKit/537.36 (KHTML, like Gecko) Chrome/70.0.3538.77 Safari/537.36', '', 1, NULL, '2018-11-03 07:34:39', '1970-01-01 02:30:00'),
(50, 113, NULL, NULL, 'A', 'Mozilla/5.0 (Windows NT 6.1) AppleWebKit/537.36 (KHTML, like Gecko) Chrome/70.0.3538.77 Safari/537.36', '', 1, NULL, '2018-11-03 08:12:55', '1970-01-01 02:30:00'),
(51, 119, NULL, NULL, 'A', 'Mozilla/5.0 (Windows NT 6.1) AppleWebKit/537.36 (KHTML, like Gecko) Chrome/70.0.3538.77 Safari/537.36', '', 1, NULL, '2018-11-03 10:48:58', '1970-01-01 02:30:00'),
(52, 112, NULL, NULL, 'A', 'Mozilla/5.0 (Windows NT 6.1) AppleWebKit/537.36 (KHTML, like Gecko) Chrome/70.0.3538.77 Safari/537.36', '', 1, NULL, '2018-11-04 05:41:32', '1970-01-01 02:30:00'),
(53, 116, NULL, NULL, 'A', 'Mozilla/5.0 (Linux; Android 7.0; vivo 1713) AppleWebKit/537.36 (KHTML, like Gecko) Chrome/70.0.3538.80 Mobile Safari/537.36', '', 1, NULL, '2018-11-04 13:43:02', '1970-01-01 02:30:00'),
(54, 119, NULL, NULL, 'A', 'Mozilla/5.0 (Linux; Android 7.0; vivo 1713) AppleWebKit/537.36 (KHTML, like Gecko) Chrome/70.0.3538.80 Mobile Safari/537.36', '', 1, NULL, '2018-11-04 13:43:25', '1970-01-01 02:30:00'),
(55, 119, NULL, NULL, 'A', 'Mozilla/5.0 (Android 7.0; Mobile; rv:61.0) Gecko/61.0 Firefox/61.0', '', 1, NULL, '2018-11-04 14:14:16', '1970-01-01 02:30:00'),
(56, 119, NULL, NULL, 'A', 'Mozilla/5.0 (Linux; Android 6.0.1; Redmi 3S) AppleWebKit/537.36 (KHTML, like Gecko) Chrome/70.0.3538.80 Mobile Safari/537.36', '', 1, NULL, '2018-11-04 16:54:14', '1970-01-01 02:30:00'),
(57, 119, NULL, NULL, 'A', 'Mozilla/5.0 (Linux; Android 6.0.1; Redmi 3S) AppleWebKit/537.36 (KHTML, like Gecko) Chrome/70.0.3538.80 Mobile Safari/537.36', '', 1, NULL, '2018-11-05 07:16:57', '1970-01-01 02:30:00'),
(58, 119, NULL, NULL, 'A', 'Mozilla/5.0 (Windows NT 6.1) AppleWebKit/537.36 (KHTML, like Gecko) Chrome/70.0.3538.77 Safari/537.36', '', 1, NULL, '2018-11-05 09:20:03', '1970-01-01 02:30:00'),
(59, 116, NULL, NULL, 'A', 'Mozilla/5.0 (Windows NT 6.1) AppleWebKit/537.36 (KHTML, like Gecko) Chrome/70.0.3538.77 Safari/537.36', '', 1, NULL, '2018-11-05 12:26:27', '1970-01-01 02:30:00'),
(60, 119, NULL, NULL, 'A', 'Mozilla/5.0 (Linux; Android 6.0.1; Redmi 3S) AppleWebKit/537.36 (KHTML, like Gecko) Chrome/70.0.3538.80 Mobile Safari/537.36', '', 1, NULL, '2018-11-05 15:23:21', '1970-01-01 02:30:00'),
(61, 116, NULL, NULL, 'A', 'Mozilla/5.0 (Linux; Android 8.0.0; RNE-L22 Build/HONORRNE-L22) AppleWebKit/537.36 (KHTML, like Gecko) Chrome/69.0.3497.100 Mobile Safari/537.36', '', 1, NULL, '2018-11-05 16:53:11', '1970-01-01 02:30:00'),
(62, 112, NULL, NULL, 'A', 'Mozilla/5.0 (Windows NT 6.1) AppleWebKit/537.36 (KHTML, like Gecko) Chrome/70.0.3538.77 Safari/537.36', '', 1, NULL, '2018-11-06 05:02:42', '1970-01-01 02:30:00'),
(63, 113, NULL, NULL, 'A', 'Mozilla/5.0 (Windows NT 6.1) AppleWebKit/537.36 (KHTML, like Gecko) Chrome/70.0.3538.77 Safari/537.36', '', 1, NULL, '2018-11-06 07:11:35', '1970-01-01 02:30:00'),
(64, 112, NULL, NULL, 'A', 'Mozilla/5.0 (Windows NT 6.1) AppleWebKit/537.36 (KHTML, like Gecko) Chrome/70.0.3538.77 Safari/537.36', '', 1, NULL, '2018-11-06 07:13:54', '1970-01-01 02:30:00'),
(65, 119, NULL, NULL, 'A', 'Mozilla/5.0 (Linux; Android 6.0.1; Redmi 3S) AppleWebKit/537.36 (KHTML, like Gecko) Chrome/70.0.3538.80 Mobile Safari/537.36', '', 1, NULL, '2018-11-06 08:16:38', '1970-01-01 02:30:00'),
(66, 112, NULL, NULL, 'A', 'Mozilla/5.0 (Android 7.0; Mobile; rv:61.0) Gecko/61.0 Firefox/61.0', '', 1, NULL, '2018-11-07 10:24:01', '1970-01-01 02:30:00'),
(67, 116, NULL, NULL, 'A', 'Mozilla/5.0 (Linux; Android 7.0; vivo 1713 Build/NRD90M; wv) AppleWebKit/537.36 (KHTML, like Gecko) Version/4.0 Chrome/62.0.3202.84 Mobile Safari/537.36 VivoBrowser/5.7.0.2', '', 1, NULL, '2018-11-08 02:57:02', '1970-01-01 02:30:00'),
(68, 118, NULL, NULL, 'A', 'Mozilla/5.0 (Windows NT 6.1) AppleWebKit/537.36 (KHTML, like Gecko) Chrome/70.0.3538.102 Safari/537.36', '', 1, NULL, '2018-11-11 04:38:56', '1970-01-01 02:30:00'),
(69, 119, NULL, NULL, 'A', 'Mozilla/5.0 (Linux; Android 7.1.2; Redmi Note 5 Build/N2G47H) AppleWebKit/537.36 (KHTML, like Gecko) Chrome/64.0.3282.137 Mobile Safari/537.36', '', 1, NULL, '2018-11-11 06:15:53', '1970-01-01 02:30:00'),
(70, 119, NULL, NULL, 'A', 'Mozilla/5.0 (Linux; Android 7.1.1; MI MAX 2) AppleWebKit/537.36 (KHTML, like Gecko) Chrome/70.0.3538.80 Mobile Safari/537.36', '', 1, NULL, '2018-11-11 06:42:18', '1970-01-01 02:30:00'),
(71, 119, NULL, NULL, 'A', 'Mozilla/5.0 (Linux; Android 6.0.1; Redmi 3S) AppleWebKit/537.36 (KHTML, like Gecko) Chrome/70.0.3538.80 Mobile Safari/537.36', '', 1, NULL, '2018-11-13 06:32:23', '1970-01-01 02:30:00'),
(72, 119, NULL, NULL, 'A', 'Mozilla/5.0 (Linux; Android 6.0.1; Redmi 3S) AppleWebKit/537.36 (KHTML, like Gecko) Chrome/70.0.3538.80 Mobile Safari/537.36', '', 1, NULL, '2018-11-19 06:55:24', '1970-01-01 02:30:00'),
(73, 119, NULL, NULL, 'A', 'Mozilla/5.0 (Linux; Android 6.0.1; Redmi 3S) AppleWebKit/537.36 (KHTML, like Gecko) Chrome/70.0.3538.110 Mobile Safari/537.36', '', 1, NULL, '2018-11-23 05:22:12', '1970-01-01 02:30:00'),
(74, 1, NULL, NULL, 'A', 'Mozilla/5.0 (Windows NT 10.0; Win64; x64) AppleWebKit/537.36 (KHTML, like Gecko) Chrome/70.0.3538.102 Safari/537.36', '', 1, NULL, '2018-11-23 05:58:16', '1970-01-01 02:30:00'),
(75, 119, NULL, NULL, 'A', 'Mozilla/5.0 (Linux; Android 6.0.1; Redmi 3S) AppleWebKit/537.36 (KHTML, like Gecko) Chrome/70.0.3538.110 Mobile Safari/537.36', '', 1, NULL, '2018-11-25 05:55:17', '1970-01-01 02:30:00'),
(76, 119, NULL, NULL, 'A', 'Mozilla/5.0 (Windows NT 6.1) AppleWebKit/537.36 (KHTML, like Gecko) Chrome/70.0.3538.102 Safari/537.36', '', 1, NULL, '2018-11-26 11:30:37', '1970-01-01 02:30:00'),
(77, 113, NULL, NULL, 'A', 'Mozilla/5.0 (Windows NT 6.1) AppleWebKit/537.36 (KHTML, like Gecko) Chrome/70.0.3538.102 Safari/537.36', '', 1, NULL, '2018-11-26 11:33:22', '1970-01-01 02:30:00'),
(78, 119, NULL, NULL, 'A', 'Mozilla/5.0 (Android 7.0; Mobile; rv:62.0) Gecko/62.0 Firefox/62.0', '', 1, NULL, '2018-11-27 09:01:03', '1970-01-01 02:30:00'),
(79, 119, NULL, NULL, 'A', 'Mozilla/5.0 (Android 7.0; Mobile; rv:62.0) Gecko/62.0 Firefox/62.0', '', 1, NULL, '2018-11-27 15:30:26', '1970-01-01 02:30:00'),
(80, 119, NULL, NULL, 'A', 'Mozilla/5.0 (Linux; Android 7.0; vivo 1713) AppleWebKit/537.36 (KHTML, like Gecko) Chrome/70.0.3538.80 Mobile Safari/537.36', '', 1, NULL, '2018-11-27 15:31:02', '1970-01-01 02:30:00'),
(81, 1, NULL, NULL, 'A', 'Mozilla/5.0 (Windows NT 10.0; Win64; x64) AppleWebKit/537.36 (KHTML, like Gecko) Chrome/70.0.3538.102 Safari/537.36', '', 1, NULL, '2018-11-28 10:01:07', '1970-01-01 02:30:00'),
(82, 1, NULL, NULL, 'A', 'Mozilla/5.0 (Windows NT 6.1) AppleWebKit/537.36 (KHTML, like Gecko) Chrome/70.0.3538.102 Safari/537.36', '', 1, NULL, '2018-11-28 15:03:34', '1970-01-01 02:30:00'),
(83, 112, NULL, NULL, 'A', 'Mozilla/5.0 (Windows NT 6.1) AppleWebKit/537.36 (KHTML, like Gecko) Chrome/70.0.3538.102 Safari/537.36', '', 1, NULL, '2018-11-28 15:06:28', '1970-01-01 02:30:00'),
(84, 112, NULL, NULL, 'A', 'Mozilla/5.0 (Windows NT 6.1) AppleWebKit/537.36 (KHTML, like Gecko) Chrome/70.0.3538.102 Safari/537.36', '', 1, NULL, '2018-11-28 15:07:12', '1970-01-01 02:30:00'),
(85, 112, NULL, NULL, 'A', 'Mozilla/5.0 (Windows NT 6.1) AppleWebKit/537.36 (KHTML, like Gecko) Chrome/70.0.3538.102 Safari/537.36', '', 1, NULL, '2018-11-28 15:07:27', '1970-01-01 02:30:00'),
(86, 112, NULL, NULL, 'A', 'Mozilla/5.0 (Windows NT 6.1) AppleWebKit/537.36 (KHTML, like Gecko) Chrome/70.0.3538.102 Safari/537.36', '', 1, NULL, '2018-11-28 15:14:32', '1970-01-01 02:30:00'),
(87, 118, NULL, NULL, 'A', 'Mozilla/5.0 (Windows NT 6.1) AppleWebKit/537.36 (KHTML, like Gecko) Chrome/70.0.3538.110 Safari/537.36', '', 1, NULL, '2018-11-29 12:55:28', '1970-01-01 02:30:00'),
(88, 112, NULL, NULL, 'A', 'Mozilla/5.0 (Linux; Android 7.0; vivo 1713) AppleWebKit/537.36 (KHTML, like Gecko) Chrome/70.0.3538.110 Mobile Safari/537.36', '', 1, NULL, '2018-12-01 13:26:17', '1970-01-01 02:30:00'),
(89, 112, NULL, NULL, 'A', 'Mozilla/5.0 (Windows NT 6.1) AppleWebKit/537.36 (KHTML, like Gecko) Chrome/70.0.3538.110 Safari/537.36', '', 1, NULL, '2018-12-01 13:28:57', '1970-01-01 02:30:00'),
(90, 119, NULL, NULL, 'A', 'Mozilla/5.0 (Linux; Android 6.0.1; Redmi 3S) AppleWebKit/537.36 (KHTML, like Gecko) Chrome/70.0.3538.110 Mobile Safari/537.36', '', 1, NULL, '2018-12-02 08:16:52', '1970-01-01 02:30:00'),
(91, 119, NULL, NULL, 'A', 'Mozilla/5.0 (Linux; Android 7.0; vivo 1713) AppleWebKit/537.36 (KHTML, like Gecko) Chrome/70.0.3538.110 Mobile Safari/537.36', '', 1, NULL, '2018-12-03 09:15:59', '1970-01-01 02:30:00'),
(92, 119, NULL, NULL, 'A', 'Mozilla/5.0 (Windows NT 6.1) AppleWebKit/537.36 (KHTML, like Gecko) Chrome/70.0.3538.110 Safari/537.36', '', 1, NULL, '2018-12-04 05:29:35', '1970-01-01 02:30:00'),
(93, 112, NULL, NULL, 'A', 'Mozilla/5.0 (Windows NT 6.1) AppleWebKit/537.36 (KHTML, like Gecko) Chrome/70.0.3538.110 Safari/537.36', '', 1, NULL, '2018-12-04 05:31:03', '1970-01-01 02:30:00'),
(94, 119, NULL, NULL, 'A', 'Mozilla/5.0 (Linux; Android 6.0.1; Redmi 3S) AppleWebKit/537.36 (KHTML, like Gecko) Chrome/70.0.3538.110 Mobile Safari/537.36', '', 1, NULL, '2018-12-05 13:48:33', '1970-01-01 02:30:00'),
(95, 116, NULL, NULL, 'A', 'Mozilla/5.0 (Windows NT 6.1; Win64; x64) AppleWebKit/537.36 (KHTML, like Gecko) Chrome/71.0.3578.80 Safari/537.36', '', 1, NULL, '2018-12-05 13:49:42', '1970-01-01 02:30:00'),
(96, 119, NULL, NULL, 'A', 'Mozilla/5.0 (Windows NT 6.1) AppleWebKit/537.36 (KHTML, like Gecko) Chrome/70.0.3538.110 Safari/537.36', '', 1, NULL, '2018-12-06 08:26:30', '1970-01-01 02:30:00'),
(97, 116, NULL, NULL, 'A', 'Mozilla/5.0 (Windows NT 6.1; Win64; x64) AppleWebKit/537.36 (KHTML, like Gecko) Chrome/71.0.3578.80 Safari/537.36', '', 1, NULL, '2018-12-07 05:40:46', '1970-01-01 02:30:00'),
(98, 119, NULL, NULL, 'A', 'Mozilla/5.0 (Windows NT 6.1) AppleWebKit/537.36 (KHTML, like Gecko) Chrome/71.0.3578.80 Safari/537.36', '', 1, NULL, '2018-12-07 07:24:23', '1970-01-01 02:30:00'),
(99, 116, NULL, NULL, 'A', 'Mozilla/5.0 (Linux; Android 7.1.2; Redmi 5A) AppleWebKit/537.36 (KHTML, like Gecko) Chrome/71.0.3578.83 Mobile Safari/537.36', '', 1, NULL, '2018-12-07 11:48:42', '1970-01-01 02:30:00'),
(100, 119, NULL, NULL, 'A', 'Mozilla/5.0 (Windows NT 6.1) AppleWebKit/537.36 (KHTML, like Gecko) Chrome/71.0.3578.80 Safari/537.36', '', 1, NULL, '2018-12-11 07:51:46', '1970-01-01 02:30:00'),
(101, 119, NULL, NULL, 'A', 'Mozilla/5.0 (Windows NT 6.1) AppleWebKit/537.36 (KHTML, like Gecko) Chrome/71.0.3578.98 Safari/537.36', '', 1, NULL, '2018-12-14 07:44:54', '1970-01-01 02:30:00'),
(102, 112, NULL, NULL, 'A', 'Mozilla/5.0 (Windows NT 6.1; Win64; x64) AppleWebKit/537.36 (KHTML, like Gecko) Chrome/71.0.3578.98 Safari/537.36', '', 1, NULL, '2018-12-25 05:09:45', '1970-01-01 02:30:00'),
(103, 113, NULL, NULL, 'A', 'Mozilla/5.0 (Windows NT 6.1; Win64; x64) AppleWebKit/537.36 (KHTML, like Gecko) Chrome/71.0.3578.98 Safari/537.36', '', 1, NULL, '2018-12-25 05:15:13', '1970-01-01 02:30:00'),
(104, 113, NULL, NULL, 'A', 'Mozilla/5.0 (Windows NT 6.1; Win64; x64) AppleWebKit/537.36 (KHTML, like Gecko) Chrome/71.0.3578.98 Safari/537.36', '', 1, NULL, '2018-12-25 07:21:26', '1970-01-01 02:30:00'),
(105, 112, NULL, NULL, 'A', 'Mozilla/5.0 (Windows NT 6.1; Win64; x64) AppleWebKit/537.36 (KHTML, like Gecko) Chrome/71.0.3578.98 Safari/537.36', '', 1, NULL, '2018-12-25 10:49:56', '1970-01-01 02:30:00'),
(106, 112, NULL, NULL, 'A', 'Mozilla/5.0 (Windows NT 6.1; Win64; x64) AppleWebKit/537.36 (KHTML, like Gecko) Chrome/71.0.3578.98 Safari/537.36', '', 1, NULL, '2018-12-26 04:20:14', '1970-01-01 02:30:00'),
(107, 112, NULL, NULL, 'A', 'Mozilla/5.0 (Windows NT 6.1; Win64; x64) AppleWebKit/537.36 (KHTML, like Gecko) Chrome/71.0.3578.98 Safari/537.36', '', 1, NULL, '2018-12-26 08:19:29', '1970-01-01 02:30:00'),
(108, 112, NULL, NULL, 'A', 'Mozilla/5.0 (Windows NT 6.1) AppleWebKit/537.36 (KHTML, like Gecko) Chrome/71.0.3578.98 Safari/537.36', '', 1, NULL, '2018-12-27 05:04:13', '1970-01-01 02:30:00'),
(109, 112, NULL, NULL, 'A', 'Mozilla/5.0 (Windows NT 6.1; Win64; x64) AppleWebKit/537.36 (KHTML, like Gecko) Chrome/71.0.3578.98 Safari/537.36', '', 1, NULL, '2018-12-27 12:20:55', '1970-01-01 02:30:00'),
(110, 112, NULL, NULL, 'A', 'Mozilla/5.0 (Windows NT 6.1; Win64; x64) AppleWebKit/537.36 (KHTML, like Gecko) Chrome/71.0.3578.98 Safari/537.36', '', 1, NULL, '2018-12-28 07:17:11', '1970-01-01 02:30:00'),
(111, 113, NULL, NULL, 'A', 'Mozilla/5.0 (Windows NT 6.1) AppleWebKit/537.36 (KHTML, like Gecko) Chrome/71.0.3578.98 Safari/537.36', '', 1, NULL, '2018-12-28 08:32:18', '1970-01-01 02:30:00'),
(112, 112, NULL, NULL, 'A', 'Mozilla/5.0 (Windows NT 6.1; Win64; x64) AppleWebKit/537.36 (KHTML, like Gecko) Chrome/71.0.3578.98 Safari/537.36', '', 1, NULL, '2018-12-28 12:36:13', '1970-01-01 02:30:00'),
(113, 118, NULL, NULL, 'A', 'Mozilla/5.0 (Windows NT 6.1) AppleWebKit/537.36 (KHTML, like Gecko) Chrome/71.0.3578.98 Safari/537.36', '', 1, NULL, '2018-12-28 13:34:39', '1970-01-01 02:30:00'),
(114, 113, NULL, NULL, 'A', 'Mozilla/5.0 (Windows NT 6.1; Win64; x64) AppleWebKit/537.36 (KHTML, like Gecko) Chrome/71.0.3578.98 Safari/537.36', '', 1, NULL, '2018-12-29 08:55:56', '1970-01-01 02:30:00'),
(115, 112, NULL, NULL, 'A', 'Mozilla/5.0 (Windows NT 6.1; Win64; x64) AppleWebKit/537.36 (KHTML, like Gecko) Chrome/71.0.3578.98 Safari/537.36', '', 1, NULL, '2018-12-29 09:15:04', '1970-01-01 02:30:00'),
(116, 116, NULL, NULL, 'A', 'Mozilla/5.0 (Windows NT 10.0; Win64; x64) AppleWebKit/537.36 (KHTML, like Gecko) Chrome/71.0.3578.98 Safari/537.36', '', 1, NULL, '2018-12-30 06:38:08', '1970-01-01 02:30:00'),
(117, 112, NULL, NULL, 'A', 'Mozilla/5.0 (Windows NT 6.1; Win64; x64) AppleWebKit/537.36 (KHTML, like Gecko) Chrome/71.0.3578.98 Safari/537.36', '', 1, NULL, '2018-12-30 07:45:09', '1970-01-01 02:30:00'),
(118, 112, NULL, NULL, 'A', 'Mozilla/5.0 (Windows NT 6.1) AppleWebKit/537.36 (KHTML, like Gecko) Chrome/71.0.3578.98 Safari/537.36', '', 1, NULL, '2018-12-30 07:52:10', '1970-01-01 02:30:00'),
(119, 113, NULL, NULL, 'A', 'Mozilla/5.0 (Windows NT 6.1) AppleWebKit/537.36 (KHTML, like Gecko) Chrome/71.0.3578.98 Safari/537.36', '', 1, NULL, '2018-12-30 10:40:42', '1970-01-01 02:30:00'),
(120, 112, NULL, NULL, 'A', 'Mozilla/5.0 (Windows NT 6.1) AppleWebKit/537.36 (KHTML, like Gecko) Chrome/71.0.3578.98 Safari/537.36', '', 1, NULL, '2018-12-30 10:42:24', '1970-01-01 02:30:00'),
(121, 112, NULL, NULL, 'A', 'Mozilla/5.0 (Windows NT 6.1; Win64; x64) AppleWebKit/537.36 (KHTML, like Gecko) Chrome/71.0.3578.98 Safari/537.36', '', 1, NULL, '2018-12-31 04:31:46', '1970-01-01 02:30:00'),
(122, 112, NULL, NULL, 'A', 'Mozilla/5.0 (Windows NT 6.1; Win64; x64) AppleWebKit/537.36 (KHTML, like Gecko) Chrome/71.0.3578.98 Safari/537.36', '', 1, NULL, '2018-12-31 08:19:00', '1970-01-01 02:30:00'),
(123, 112, NULL, NULL, 'A', 'Mozilla/5.0 (Windows NT 6.1; Win64; x64) AppleWebKit/537.36 (KHTML, like Gecko) Chrome/71.0.3578.98 Safari/537.36', '', 1, NULL, '2018-12-31 09:47:32', '1970-01-01 02:30:00'),
(124, 113, NULL, NULL, 'A', 'Mozilla/5.0 (Windows NT 6.1) AppleWebKit/537.36 (KHTML, like Gecko) Chrome/71.0.3578.98 Safari/537.36', '', 1, NULL, '2018-12-31 10:36:06', '1970-01-01 02:30:00'),
(125, 112, NULL, NULL, 'A', 'Mozilla/5.0 (Windows NT 6.1; Win64; x64) AppleWebKit/537.36 (KHTML, like Gecko) Chrome/71.0.3578.98 Safari/537.36', '', 1, NULL, '2018-12-31 10:43:58', '1970-01-01 02:30:00'),
(126, 129, NULL, NULL, 'A', 'Mozilla/5.0 (Windows NT 6.1; Win64; x64) AppleWebKit/537.36 (KHTML, like Gecko) Chrome/71.0.3578.98 Safari/537.36', '', 1, NULL, '2018-12-31 10:45:56', '1970-01-01 02:30:00'),
(127, 112, NULL, NULL, 'A', 'Mozilla/5.0 (Windows NT 6.1; Win64; x64) AppleWebKit/537.36 (KHTML, like Gecko) Chrome/71.0.3578.98 Safari/537.36', '', 1, NULL, '2018-12-31 10:48:36', '1970-01-01 02:30:00'),
(128, 112, NULL, NULL, 'A', 'Mozilla/5.0 (Windows NT 6.1) AppleWebKit/537.36 (KHTML, like Gecko) Chrome/71.0.3578.98 Safari/537.36', '', 1, NULL, '2018-12-31 10:58:17', '1970-01-01 02:30:00'),
(129, 186, NULL, NULL, 'A', 'Mozilla/5.0 (Windows NT 6.1; Win64; x64) AppleWebKit/537.36 (KHTML, like Gecko) Chrome/71.0.3578.98 Safari/537.36', '', 1, NULL, '2019-01-01 07:38:37', '1970-01-01 02:30:00'),
(130, 112, NULL, NULL, 'A', 'Mozilla/5.0 (Windows NT 6.1; Win64; x64) AppleWebKit/537.36 (KHTML, like Gecko) Chrome/71.0.3578.98 Safari/537.36', '', 1, NULL, '2019-01-01 07:48:38', '1970-01-01 02:30:00'),
(131, 117, NULL, NULL, 'A', 'Mozilla/5.0 (Windows NT 6.1; Win64; x64) AppleWebKit/537.36 (KHTML, like Gecko) Chrome/71.0.3578.98 Safari/537.36', '', 1, NULL, '2019-01-01 11:23:27', '1970-01-01 02:30:00'),
(132, 112, NULL, NULL, 'A', 'Mozilla/5.0 (Windows NT 6.1; Win64; x64) AppleWebKit/537.36 (KHTML, like Gecko) Chrome/71.0.3578.98 Safari/537.36', '', 1, NULL, '2019-01-01 13:32:30', '1970-01-01 02:30:00'),
(133, 113, NULL, NULL, 'A', 'Mozilla/5.0 (Linux; Android 8.1.0; Redmi Note 6 Pro) AppleWebKit/537.36 (KHTML, like Gecko) Chrome/71.0.3578.99 Mobile Safari/537.36', '', 1, NULL, '2019-01-01 17:31:55', '1970-01-01 02:30:00'),
(134, 116, NULL, NULL, 'A', 'Mozilla/5.0 (Linux; Android 8.1.0; vivo 1802) AppleWebKit/537.36 (KHTML, like Gecko) Chrome/71.0.3578.98 Mobile Safari/537.36', '', 1, NULL, '2019-01-01 18:41:12', '1970-01-01 02:30:00'),
(135, 116, NULL, NULL, 'A', 'Mozilla/5.0 (Linux; Android 8.1.0; Redmi Note 6 Pro) AppleWebKit/537.36 (KHTML, like Gecko) Chrome/71.0.3578.99 Mobile Safari/537.36', '', 1, NULL, '2019-01-02 09:00:31', '1970-01-01 02:30:00'),
(136, 112, NULL, NULL, 'A', 'Mozilla/5.0 (Windows NT 6.1; Win64; x64) AppleWebKit/537.36 (KHTML, like Gecko) Chrome/71.0.3578.98 Safari/537.36', '', 1, NULL, '2019-01-02 11:49:30', '1970-01-01 02:30:00'),
(137, 185, NULL, NULL, 'A', 'Mozilla/5.0 (Windows NT 6.1; Win64; x64) AppleWebKit/537.36 (KHTML, like Gecko) Chrome/71.0.3578.98 Safari/537.36', '', 1, NULL, '2019-01-02 11:50:37', '1970-01-01 02:30:00'),
(138, 175, NULL, NULL, 'A', 'Mozilla/5.0 (Linux; Android 8.1.0; Redmi Note 6 Pro) AppleWebKit/537.36 (KHTML, like Gecko) Chrome/71.0.3578.99 Mobile Safari/537.36', '', 1, NULL, '2019-01-02 12:07:39', '1970-01-01 02:30:00'),
(139, 119, NULL, NULL, 'A', 'Mozilla/5.0 (Linux; Android 8.1.0; Redmi Note 6 Pro) AppleWebKit/537.36 (KHTML, like Gecko) Chrome/71.0.3578.99 Mobile Safari/537.36', '', 1, NULL, '2019-01-02 12:09:42', '1970-01-01 02:30:00'),
(140, 112, NULL, NULL, 'A', 'Mozilla/5.0 (Windows NT 6.1; Win64; x64) AppleWebKit/537.36 (KHTML, like Gecko) Chrome/71.0.3578.98 Safari/537.36', '', 1, NULL, '2019-01-03 05:19:23', '1970-01-01 02:30:00'),
(141, 119, NULL, NULL, 'A', 'Mozilla/5.0 (Linux; Android 8.1.0; Redmi Note 6 Pro) AppleWebKit/537.36 (KHTML, like Gecko) Chrome/71.0.3578.99 Mobile Safari/537.36', '', 1, NULL, '2019-01-03 07:20:58', '1970-01-01 02:30:00'),
(142, 113, NULL, NULL, 'A', 'Mozilla/5.0 (Windows NT 6.1) AppleWebKit/537.36 (KHTML, like Gecko) Chrome/71.0.3578.98 Safari/537.36', '', 1, NULL, '2019-01-03 08:15:21', '1970-01-01 02:30:00'),
(143, 112, NULL, NULL, 'A', 'Mozilla/5.0 (Windows NT 6.1; Win64; x64) AppleWebKit/537.36 (KHTML, like Gecko) Chrome/71.0.3578.98 Safari/537.36', '', 1, NULL, '2019-01-03 14:18:27', '1970-01-01 02:30:00'),
(144, 112, NULL, NULL, 'A', 'Mozilla/5.0 (Linux; Android 7.1.1; MI MAX 2) AppleWebKit/537.36 (KHTML, like Gecko) Chrome/71.0.3578.99 Mobile Safari/537.36', '', 1, NULL, '2019-01-04 06:26:34', '1970-01-01 02:30:00'),
(145, 174, NULL, NULL, 'A', 'Mozilla/5.0 (Linux; Android 7.0; SM-G615F) AppleWebKit/537.36 (KHTML, like Gecko) Chrome/71.0.3578.98 Mobile Safari/537.36', '', 1, NULL, '2019-01-04 06:28:18', '1970-01-01 02:30:00'),
(146, 112, NULL, NULL, 'A', 'Mozilla/5.0 (Windows NT 6.1; Win64; x64) AppleWebKit/537.36 (KHTML, like Gecko) Chrome/71.0.3578.98 Safari/537.36', '', 1, NULL, '2019-01-04 07:30:47', '1970-01-01 02:30:00'),
(147, 174, NULL, NULL, 'A', 'Mozilla/5.0 (Linux; Android 7.0; SM-G615F) AppleWebKit/537.36 (KHTML, like Gecko) Chrome/71.0.3578.98 Mobile Safari/537.36', '', 1, NULL, '2019-01-04 11:05:34', '1970-01-01 02:30:00'),
(148, 112, NULL, NULL, 'A', 'Mozilla/5.0 (Windows NT 6.1; Win64; x64) AppleWebKit/537.36 (KHTML, like Gecko) Chrome/71.0.3578.98 Safari/537.36', '', 1, NULL, '2019-01-04 11:40:00', '1970-01-01 02:30:00'),
(149, 207, NULL, NULL, 'A', 'Mozilla/5.0 (Windows NT 6.1; Win64; x64) AppleWebKit/537.36 (KHTML, like Gecko) Chrome/71.0.3578.98 Safari/537.36', '', 1, NULL, '2019-01-04 12:11:16', '1970-01-01 02:30:00'),
(150, 112, NULL, NULL, 'A', 'Mozilla/5.0 (Windows NT 6.1; Win64; x64) AppleWebKit/537.36 (KHTML, like Gecko) Chrome/71.0.3578.98 Safari/537.36', '', 1, NULL, '2019-01-04 12:13:49', '1970-01-01 02:30:00'),
(151, 112, NULL, NULL, 'A', 'Mozilla/5.0 (Windows NT 6.1; Win64; x64) AppleWebKit/537.36 (KHTML, like Gecko) Chrome/71.0.3578.98 Safari/537.36', '', 1, NULL, '2019-01-04 13:38:59', '1970-01-01 02:30:00'),
(152, 112, NULL, NULL, 'A', 'Mozilla/5.0 (Windows NT 6.1; Win64; x64) AppleWebKit/537.36 (KHTML, like Gecko) Chrome/71.0.3578.98 Safari/537.36', '', 1, NULL, '2019-01-05 04:57:49', '1970-01-01 02:30:00'),
(153, 119, NULL, NULL, 'A', 'Mozilla/5.0 (Linux; Android 6.0.1; Redmi 3S) AppleWebKit/537.36 (KHTML, like Gecko) Chrome/71.0.3578.99 Mobile Safari/537.36', '', 1, NULL, '2019-01-05 05:42:43', '1970-01-01 02:30:00'),
(154, 118, NULL, NULL, 'A', 'Mozilla/5.0 (Windows NT 6.1) AppleWebKit/537.36 (KHTML, like Gecko) Chrome/71.0.3578.98 Safari/537.36', '', 1, NULL, '2019-01-05 05:59:44', '1970-01-01 02:30:00'),
(155, 118, NULL, NULL, 'A', 'Mozilla/5.0 (Windows NT 6.1) AppleWebKit/537.36 (KHTML, like Gecko) Chrome/71.0.3578.98 Safari/537.36', '', 1, NULL, '2019-01-05 08:41:41', '1970-01-01 02:30:00'),
(156, 113, NULL, NULL, 'A', 'Mozilla/5.0 (Windows NT 6.1) AppleWebKit/537.36 (KHTML, like Gecko) Chrome/71.0.3578.98 Safari/537.36', '', 1, NULL, '2019-01-05 08:43:49', '1970-01-01 02:30:00'),
(157, 127, NULL, NULL, 'A', 'Mozilla/5.0 (Windows NT 6.1) AppleWebKit/537.36 (KHTML, like Gecko) Chrome/71.0.3578.98 Safari/537.36', '', 1, NULL, '2019-01-05 08:50:45', '1970-01-01 02:30:00'),
(158, 112, NULL, NULL, 'A', 'Mozilla/5.0 (Windows NT 6.1; Win64; x64) AppleWebKit/537.36 (KHTML, like Gecko) Chrome/71.0.3578.98 Safari/537.36', '', 1, NULL, '2019-01-06 04:32:42', '1970-01-01 02:30:00'),
(159, 112, NULL, NULL, 'A', 'Mozilla/5.0 (Windows NT 6.1; Win64; x64) AppleWebKit/537.36 (KHTML, like Gecko) Chrome/71.0.3578.98 Safari/537.36', '', 1, NULL, '2019-01-06 05:04:34', '1970-01-01 02:30:00'),
(160, 112, NULL, NULL, 'A', 'Mozilla/5.0 (Windows NT 6.1; Win64; x64) AppleWebKit/537.36 (KHTML, like Gecko) Chrome/71.0.3578.98 Safari/537.36', '', 1, NULL, '2019-01-06 05:10:35', '1970-01-01 02:30:00'),
(161, 119, NULL, NULL, 'A', 'Mozilla/5.0 (Linux; Android 8.1.0; Redmi Note 6 Pro) AppleWebKit/537.36 (KHTML, like Gecko) Chrome/71.0.3578.99 Mobile Safari/537.36', '', 1, NULL, '2019-01-06 05:25:21', '1970-01-01 02:30:00'),
(162, 113, NULL, NULL, 'A', 'Mozilla/5.0 (Linux; Android 8.1.0; Redmi Note 6 Pro) AppleWebKit/537.36 (KHTML, like Gecko) Chrome/71.0.3578.99 Mobile Safari/537.36', '', 1, NULL, '2019-01-06 05:53:53', '1970-01-01 02:30:00'),
(163, 119, NULL, NULL, 'A', 'Mozilla/5.0 (Linux; Android 8.1.0; Redmi Note 6 Pro) AppleWebKit/537.36 (KHTML, like Gecko) Chrome/71.0.3578.99 Mobile Safari/537.36', '', 1, NULL, '2019-01-06 06:19:35', '1970-01-01 02:30:00'),
(164, 116, NULL, NULL, 'A', 'Mozilla/5.0 (Linux; Android 7.1.2; Redmi 5A) AppleWebKit/537.36 (KHTML, like Gecko) Chrome/71.0.3578.99 Mobile Safari/537.36', '', 1, NULL, '2019-01-06 20:48:00', '1970-01-01 02:30:00'),
(165, 174, NULL, NULL, 'A', 'Mozilla/5.0 (Linux; Android 7.0; SM-G615F) AppleWebKit/537.36 (KHTML, like Gecko) Chrome/71.0.3578.98 Mobile Safari/537.36', '', 1, NULL, '2019-01-07 06:36:25', '1970-01-01 02:30:00'),
(166, 112, NULL, NULL, 'A', 'Mozilla/5.0 (Windows NT 6.1; Win64; x64) AppleWebKit/537.36 (KHTML, like Gecko) Chrome/71.0.3578.98 Safari/537.36', '', 1, NULL, '2019-01-07 06:57:18', '1970-01-01 02:30:00'),
(167, 112, NULL, NULL, 'A', 'Mozilla/5.0 (Windows NT 6.1; Win64; x64) AppleWebKit/537.36 (KHTML, like Gecko) Chrome/71.0.3578.98 Safari/537.36', '', 1, NULL, '2019-01-07 08:37:38', '1970-01-01 02:30:00'),
(168, 112, NULL, NULL, 'A', 'Mozilla/5.0 (Windows NT 6.1; Win64; x64) AppleWebKit/537.36 (KHTML, like Gecko) Chrome/71.0.3578.98 Safari/537.36', '', 1, NULL, '2019-01-08 06:33:20', '1970-01-01 02:30:00'),
(169, 112, NULL, NULL, 'A', 'Mozilla/5.0 (Windows NT 6.1) AppleWebKit/537.36 (KHTML, like Gecko) Chrome/71.0.3578.98 Safari/537.36', '', 1, NULL, '2019-01-08 07:29:46', '1970-01-01 02:30:00'),
(170, 119, NULL, NULL, 'A', 'Mozilla/5.0 (Windows NT 6.1) AppleWebKit/537.36 (KHTML, like Gecko) Chrome/71.0.3578.98 Safari/537.36', '', 1, NULL, '2019-01-08 07:37:01', '1970-01-01 02:30:00'),
(171, 112, NULL, NULL, 'A', 'Mozilla/5.0 (Windows NT 6.1; Win64; x64) AppleWebKit/537.36 (KHTML, like Gecko) Chrome/71.0.3578.98 Safari/537.36', '', 1, NULL, '2019-01-08 08:27:32', '1970-01-01 02:30:00'),
(172, 112, NULL, NULL, 'A', 'Mozilla/5.0 (Windows NT 6.1; Win64; x64) AppleWebKit/537.36 (KHTML, like Gecko) Chrome/71.0.3578.98 Safari/537.36', '', 1, NULL, '2019-01-09 03:55:59', '1970-01-01 02:30:00'),
(173, 112, NULL, NULL, 'A', 'Mozilla/5.0 (Windows NT 6.1; Win64; x64) AppleWebKit/537.36 (KHTML, like Gecko) Chrome/71.0.3578.98 Safari/537.36', '', 1, NULL, '2019-01-09 04:36:43', '1970-01-01 02:30:00'),
(174, 119, NULL, NULL, 'A', 'Mozilla/5.0 (Windows NT 6.1) AppleWebKit/537.36 (KHTML, like Gecko) Chrome/71.0.3578.98 Safari/537.36', '', 1, NULL, '2019-01-09 06:54:19', '1970-01-01 02:30:00'),
(175, 112, NULL, NULL, 'A', 'Mozilla/5.0 (Windows NT 6.1; Win64; x64) AppleWebKit/537.36 (KHTML, like Gecko) Chrome/71.0.3578.98 Safari/537.36', '', 1, NULL, '2019-01-09 10:30:30', '1970-01-01 02:30:00'),
(176, 119, NULL, NULL, 'A', 'Mozilla/5.0 (Linux; U; Android 7.1.2; gu-in; Redmi 4 Build/N2G47H) AppleWebKit/537.36 (KHTML, like Gecko) Version/4.0 Chrome/61.0.3163.128 Mobile Safari/537.36 XiaoMi/MiuiBrowser/10.3.6-g', '', 1, NULL, '2019-01-09 11:07:37', '1970-01-01 02:30:00'),
(177, 282, NULL, NULL, 'A', 'Mozilla/5.0 (Windows NT 6.1; Win64; x64) AppleWebKit/537.36 (KHTML, like Gecko) Chrome/71.0.3578.98 Safari/537.36', '', 1, NULL, '2019-01-09 12:10:18', '1970-01-01 02:30:00'),
(178, 268, NULL, NULL, 'A', 'Mozilla/5.0 (Linux; Android 7.1.1; CPH1725) AppleWebKit/537.36 (KHTML, like Gecko) Chrome/71.0.3578.99 Mobile Safari/537.36', '', 1, NULL, '2019-01-09 12:12:12', '1970-01-01 02:30:00'),
(179, 112, NULL, NULL, 'A', 'Mozilla/5.0 (Windows NT 6.1; Win64; x64) AppleWebKit/537.36 (KHTML, like Gecko) Chrome/71.0.3578.98 Safari/537.36', '', 1, NULL, '2019-01-10 03:46:13', '1970-01-01 02:30:00'),
(180, 268, NULL, NULL, 'A', 'Mozilla/5.0 (Linux; Android 7.1.1; CPH1725) AppleWebKit/537.36 (KHTML, like Gecko) Chrome/71.0.3578.99 Mobile Safari/537.36', '', 1, NULL, '2019-01-10 16:01:01', '1970-01-01 02:30:00'),
(181, 118, NULL, NULL, 'A', 'Mozilla/5.0 (Windows NT 6.1) AppleWebKit/537.36 (KHTML, like Gecko) Chrome/71.0.3578.98 Safari/537.36', '', 1, NULL, '2019-01-11 04:19:55', '1970-01-01 02:30:00'),
(182, 113, NULL, NULL, 'A', 'Mozilla/5.0 (Windows NT 6.1; Win64; x64) AppleWebKit/537.36 (KHTML, like Gecko) Chrome/71.0.3578.98 Safari/537.36', '', 1, NULL, '2019-01-11 04:38:56', '1970-01-01 02:30:00'),
(183, 113, NULL, NULL, 'A', 'Mozilla/5.0 (Linux; Android 8.1.0; Redmi Note 6 Pro) AppleWebKit/537.36 (KHTML, like Gecko) Chrome/71.0.3578.99 Mobile Safari/537.36', '', 1, NULL, '2019-01-11 07:51:31', '1970-01-01 02:30:00'),
(184, 208, NULL, NULL, 'A', 'Mozilla/5.0 (Linux; Android 8.1.0; Redmi Note 6 Pro) AppleWebKit/537.36 (KHTML, like Gecko) Chrome/71.0.3578.99 Mobile Safari/537.36', '', 1, NULL, '2019-01-11 07:54:25', '1970-01-01 02:30:00'),
(185, 112, NULL, NULL, 'A', 'Mozilla/5.0 (Windows NT 6.1; Win64; x64) AppleWebKit/537.36 (KHTML, like Gecko) Chrome/71.0.3578.98 Safari/537.36', '', 1, NULL, '2019-01-11 10:00:28', '1970-01-01 02:30:00'),
(186, 112, NULL, NULL, 'A', 'Mozilla/5.0 (Windows NT 6.1; Win64; x64) AppleWebKit/537.36 (KHTML, like Gecko) Chrome/71.0.3578.98 Safari/537.36', '', 1, NULL, '2019-01-11 12:08:53', '1970-01-01 02:30:00'),
(187, 112, NULL, NULL, 'A', 'Mozilla/5.0 (Windows NT 6.1; Win64; x64) AppleWebKit/537.36 (KHTML, like Gecko) Chrome/71.0.3578.98 Safari/537.36', '', 1, NULL, '2019-01-12 06:52:56', '1970-01-01 02:30:00'),
(188, 113, NULL, NULL, 'A', 'Mozilla/5.0 (Linux; Android 8.1.0; Redmi Note 6 Pro) AppleWebKit/537.36 (KHTML, like Gecko) Chrome/71.0.3578.99 Mobile Safari/537.36', '', 1, NULL, '2019-01-12 11:58:16', '1970-01-01 02:30:00'),
(189, 112, NULL, NULL, 'A', 'Mozilla/5.0 (Windows NT 6.1; Win64; x64) AppleWebKit/537.36 (KHTML, like Gecko) Chrome/71.0.3578.98 Safari/537.36', '', 1, NULL, '2019-01-13 04:07:42', '1970-01-01 02:30:00'),
(190, 119, NULL, NULL, 'A', 'Mozilla/5.0 (Linux; Android 8.1.0; Redmi Note 6 Pro) AppleWebKit/537.36 (KHTML, like Gecko) Chrome/71.0.3578.99 Mobile Safari/537.36', '', 1, NULL, '2019-01-15 06:40:33', '1970-01-01 02:30:00'),
(191, 116, NULL, NULL, 'A', 'Mozilla/5.0 (Linux; Android 8.1.0; Redmi Note 6 Pro) AppleWebKit/537.36 (KHTML, like Gecko) Chrome/71.0.3578.99 Mobile Safari/537.36', '', 1, NULL, '2019-01-15 06:41:50', '1970-01-01 02:30:00'),
(192, 113, NULL, NULL, 'A', 'Mozilla/5.0 (Windows NT 6.1) AppleWebKit/537.36 (KHTML, like Gecko) Chrome/71.0.3578.98 Safari/537.36', '', 1, NULL, '2019-01-15 07:38:10', '1970-01-01 02:30:00'),
(193, 112, NULL, NULL, 'A', 'Mozilla/5.0 (Windows NT 6.1; Win64; x64) AppleWebKit/537.36 (KHTML, like Gecko) Chrome/71.0.3578.98 Safari/537.36', '', 1, NULL, '2019-01-16 06:22:33', '1970-01-01 02:30:00'),
(194, 112, NULL, NULL, 'A', 'Mozilla/5.0 (Windows NT 6.1; Win64; x64) AppleWebKit/537.36 (KHTML, like Gecko) Chrome/71.0.3578.98 Safari/537.36', '', 1, NULL, '2019-01-16 06:26:48', '1970-01-01 02:30:00'),
(195, 112, NULL, NULL, 'A', 'Mozilla/5.0 (Windows NT 6.1; Win64; x64) AppleWebKit/537.36 (KHTML, like Gecko) Chrome/71.0.3578.98 Safari/537.36', '', 1, NULL, '2019-01-16 09:43:46', '1970-01-01 02:30:00'),
(196, 116, NULL, NULL, 'A', 'Mozilla/5.0 (Windows NT 6.1) AppleWebKit/537.36 (KHTML, like Gecko) Chrome/71.0.3578.98 Safari/537.36', '', 1, NULL, '2019-01-16 13:25:19', '1970-01-01 02:30:00'),
(197, 112, NULL, NULL, 'A', 'Mozilla/5.0 (Windows NT 6.1; Win64; x64) AppleWebKit/537.36 (KHTML, like Gecko) Chrome/71.0.3578.98 Safari/537.36', '', 1, NULL, '2019-01-18 08:58:14', '1970-01-01 02:30:00'),
(198, 112, NULL, NULL, 'A', 'Mozilla/5.0 (Windows NT 6.1; Win64; x64) AppleWebKit/537.36 (KHTML, like Gecko) Chrome/71.0.3578.98 Safari/537.36', '', 1, NULL, '2019-01-19 05:05:17', '1970-01-01 02:30:00'),
(199, 112, NULL, NULL, 'A', 'Mozilla/5.0 (Windows NT 6.1; Win64; x64) AppleWebKit/537.36 (KHTML, like Gecko) Chrome/71.0.3578.98 Safari/537.36', '', 1, NULL, '2019-01-19 09:07:11', '1970-01-01 02:30:00'),
(200, 175, NULL, NULL, 'A', 'Mozilla/5.0 (Linux; Android 8.1.0; Redmi Note 6 Pro) AppleWebKit/537.36 (KHTML, like Gecko) Chrome/71.0.3578.99 Mobile Safari/537.36', '', 1, NULL, '2019-01-19 13:37:22', '1970-01-01 02:30:00'),
(201, 116, NULL, NULL, 'A', 'Mozilla/5.0 (Linux; Android 8.1.0; Redmi Note 6 Pro) AppleWebKit/537.36 (KHTML, like Gecko) Chrome/71.0.3578.99 Mobile Safari/537.36', '', 1, NULL, '2019-01-19 14:28:37', '1970-01-01 02:30:00'),
(202, 268, NULL, NULL, 'A', 'Mozilla/5.0 (Linux; Android 7.1.1; CPH1725) AppleWebKit/537.36 (KHTML, like Gecko) Chrome/71.0.3578.99 Mobile Safari/537.36', '', 1, NULL, '2019-01-20 17:49:14', '1970-01-01 02:30:00'),
(203, 112, NULL, NULL, 'A', 'Mozilla/5.0 (Linux; Android 7.1.1; CPH1725) AppleWebKit/537.36 (KHTML, like Gecko) Chrome/71.0.3578.99 Mobile Safari/537.36', '', 1, NULL, '2019-01-20 17:50:30', '1970-01-01 02:30:00'),
(204, 116, NULL, NULL, 'A', 'Mozilla/5.0 (Linux; Android 8.1.0; Redmi Note 6 Pro) AppleWebKit/537.36 (KHTML, like Gecko) Chrome/71.0.3578.99 Mobile Safari/537.36', '', 1, NULL, '2019-01-20 18:42:40', '1970-01-01 02:30:00'),
(205, 113, NULL, NULL, 'A', 'Mozilla/5.0 (Windows NT 6.1) AppleWebKit/537.36 (KHTML, like Gecko) Chrome/71.0.3578.98 Safari/537.36', '', 1, NULL, '2019-01-21 09:53:41', '1970-01-01 02:30:00'),
(206, 117, NULL, NULL, 'A', 'Mozilla/5.0 (Windows NT 6.1; Win64; x64) AppleWebKit/537.36 (KHTML, like Gecko) Chrome/71.0.3578.98 Safari/537.36', '', 1, NULL, '2019-01-21 14:01:35', '1970-01-01 02:30:00'),
(207, 118, NULL, NULL, 'A', 'Mozilla/5.0 (Windows NT 6.1) AppleWebKit/537.36 (KHTML, like Gecko) Chrome/71.0.3578.98 Safari/537.36', '', 1, NULL, '2019-01-22 03:58:55', '1970-01-01 02:30:00'),
(208, 117, NULL, NULL, 'A', 'Mozilla/5.0 (Windows NT 6.1; Win64; x64) AppleWebKit/537.36 (KHTML, like Gecko) Chrome/71.0.3578.98 Safari/537.36', '', 1, NULL, '2019-01-22 04:54:34', '1970-01-01 02:30:00'),
(209, 113, NULL, NULL, 'A', 'Mozilla/5.0 (Windows NT 6.1) AppleWebKit/537.36 (KHTML, like Gecko) Chrome/71.0.3578.98 Safari/537.36', '', 1, NULL, '2019-01-22 08:51:38', '1970-01-01 02:30:00'),
(210, 112, NULL, NULL, 'A', 'Mozilla/5.0 (Windows NT 6.1; Win64; x64) AppleWebKit/537.36 (KHTML, like Gecko) Chrome/71.0.3578.98 Safari/537.36', '', 1, NULL, '2019-01-22 11:10:13', '1970-01-01 02:30:00'),
(211, 113, NULL, NULL, 'A', 'Mozilla/5.0 (Windows NT 6.1) AppleWebKit/537.36 (KHTML, like Gecko) Chrome/71.0.3578.98 Safari/537.36', '', 1, NULL, '2019-01-23 10:32:35', '1970-01-01 02:30:00'),
(212, 290, NULL, NULL, 'A', 'Mozilla/5.0 (Linux; Android 8.0.0; SM-J720F) AppleWebKit/537.36 (KHTML, like Gecko) Chrome/71.0.3578.98 Mobile Safari/537.36', '', 1, NULL, '2019-01-23 10:36:41', '1970-01-01 02:30:00'),
(213, 112, NULL, NULL, 'A', 'Mozilla/5.0 (Windows NT 6.1; Win64; x64) AppleWebKit/537.36 (KHTML, like Gecko) Chrome/71.0.3578.98 Safari/537.36', '', 1, NULL, '2019-01-23 10:39:26', '1970-01-01 02:30:00'),
(214, 112, NULL, NULL, 'A', 'Mozilla/5.0 (Windows NT 6.1; Win64; x64) AppleWebKit/537.36 (KHTML, like Gecko) Chrome/71.0.3578.98 Safari/537.36', '', 1, NULL, '2019-01-24 04:16:14', '1970-01-01 02:30:00'),
(215, 112, NULL, NULL, 'A', 'Mozilla/5.0 (Windows NT 6.1; Win64; x64) AppleWebKit/537.36 (KHTML, like Gecko) Chrome/71.0.3578.98 Safari/537.36', '', 1, NULL, '2019-01-24 09:44:06', '1970-01-01 02:30:00'),
(216, 119, NULL, NULL, 'A', 'Mozilla/5.0 (Linux; Android 6.0.1; Redmi 3S) AppleWebKit/537.36 (KHTML, like Gecko) Chrome/71.0.3578.99 Mobile Safari/537.36', '', 1, NULL, '2019-01-25 13:09:54', '1970-01-01 02:30:00'),
(217, 112, NULL, NULL, 'A', 'Mozilla/5.0 (Windows NT 6.1; Win64; x64) AppleWebKit/537.36 (KHTML, like Gecko) Chrome/71.0.3578.98 Safari/537.36', '', 1, NULL, '2019-01-26 03:47:13', '1970-01-01 02:30:00'),
(218, 321, NULL, NULL, 'A', 'Mozilla/5.0 (Windows NT 6.1; Win64; x64) AppleWebKit/537.36 (KHTML, like Gecko) Chrome/71.0.3578.98 Safari/537.36', '', 1, NULL, '2019-01-26 14:58:10', '1970-01-01 02:30:00'),
(219, 116, NULL, NULL, 'A', 'Mozilla/5.0 (Linux; Android 8.1.0; Redmi Note 6 Pro) AppleWebKit/537.36 (KHTML, like Gecko) Chrome/71.0.3578.99 Mobile Safari/537.36', '', 1, NULL, '2019-01-27 12:13:28', '1970-01-01 02:30:00'),
(220, 117, NULL, NULL, 'A', 'Mozilla/5.0 (Windows NT 6.1; Win64; x64) AppleWebKit/537.36 (KHTML, like Gecko) Chrome/71.0.3578.98 Safari/537.36', '', 1, NULL, '2019-01-28 04:43:51', '1970-01-01 02:30:00'),
(221, 116, NULL, NULL, 'A', 'Mozilla/5.0 (Linux; Android 7.1.1; CPH1729) AppleWebKit/537.36 (KHTML, like Gecko) Chrome/70.0.3538.80 Mobile Safari/537.36', '', 1, NULL, '2019-01-29 15:32:50', '1970-01-01 02:30:00'),
(222, 112, NULL, NULL, 'A', 'Mozilla/5.0 (Windows NT 6.1; Win64; x64) AppleWebKit/537.36 (KHTML, like Gecko) Chrome/71.0.3578.98 Safari/537.36', '', 1, NULL, '2019-01-31 05:16:29', '1970-01-01 02:30:00'),
(223, 290, NULL, NULL, 'A', 'Mozilla/5.0 (Linux; Android 8.0.0; SM-J720F) AppleWebKit/537.36 (KHTML, like Gecko) Chrome/71.0.3578.98 Mobile Safari/537.36', '', 1, NULL, '2019-02-02 07:49:48', '1970-01-01 02:30:00'),
(224, 290, NULL, NULL, 'A', 'Mozilla/5.0 (Linux; Android 8.0.0; SM-J720F) AppleWebKit/537.36 (KHTML, like Gecko) Chrome/71.0.3578.98 Mobile Safari/537.36', '', 1, NULL, '2019-02-02 07:53:05', '1970-01-01 02:30:00'),
(225, 112, NULL, NULL, 'A', 'Mozilla/5.0 (Windows NT 6.1; Win64; x64) AppleWebKit/537.36 (KHTML, like Gecko) Chrome/71.0.3578.98 Safari/537.36', '', 1, NULL, '2019-02-02 12:11:05', '1970-01-01 02:30:00'),
(226, 113, NULL, NULL, 'A', 'Mozilla/5.0 (Windows NT 6.1) AppleWebKit/537.36 (KHTML, like Gecko) Chrome/71.0.3578.98 Safari/537.36', '', 1, NULL, '2019-02-03 15:36:01', '1970-01-01 02:30:00'),
(227, 116, NULL, NULL, 'A', 'Mozilla/5.0 (Linux; Android 7.1.1; MI MAX 2) AppleWebKit/537.36 (KHTML, like Gecko) Chrome/71.0.3578.99 Mobile Safari/537.36', '', 1, NULL, '2019-02-04 03:55:22', '1970-01-01 02:30:00'),
(228, 118, NULL, NULL, 'A', 'Mozilla/5.0 (Windows NT 6.1) AppleWebKit/537.36 (KHTML, like Gecko) Chrome/71.0.3578.98 Safari/537.36', '', 1, NULL, '2019-02-05 12:37:43', '1970-01-01 02:30:00'),
(229, 1, NULL, NULL, 'A', 'Mozilla/5.0 (Windows NT 6.1; WOW64) AppleWebKit/537.36 (KHTML, like Gecko) Chrome/72.0.3626.81 Safari/537.36', '', 1, NULL, '2019-02-05 14:10:19', '1970-01-01 02:30:00'),
(230, 1, NULL, NULL, 'A', 'Mozilla/5.0 (Windows NT 6.1; WOW64) AppleWebKit/537.36 (KHTML, like Gecko) Chrome/72.0.3626.81 Safari/537.36', '', 1, NULL, '2019-02-05 14:10:41', '1970-01-01 02:30:00'),
(231, 1, NULL, NULL, 'A', 'Mozilla/5.0 (Windows NT 6.1; WOW64) AppleWebKit/537.36 (KHTML, like Gecko) Chrome/72.0.3626.81 Safari/537.36', '', 1, NULL, '2019-02-06 03:07:49', '1970-01-01 02:30:00'),
(232, 1, NULL, NULL, 'A', 'Mozilla/5.0 (Windows NT 6.1; WOW64) AppleWebKit/537.36 (KHTML, like Gecko) Chrome/72.0.3626.81 Safari/537.36', '', 1, NULL, '2019-02-06 03:42:30', '1970-01-01 02:30:00'),
(233, 119, NULL, NULL, 'A', 'Mozilla/5.0 (Windows NT 6.1) AppleWebKit/537.36 (KHTML, like Gecko) Chrome/71.0.3578.98 Safari/537.36', '', 1, NULL, '2019-02-07 06:55:21', '1970-01-01 02:30:00'),
(234, 113, NULL, NULL, 'A', 'Mozilla/5.0 (Windows NT 6.1) AppleWebKit/537.36 (KHTML, like Gecko) Chrome/71.0.3578.98 Safari/537.36', '', 1, NULL, '2019-02-07 06:56:26', '1970-01-01 02:30:00'),
(235, 113, NULL, NULL, 'A', 'Mozilla/5.0 (Windows NT 6.1) AppleWebKit/537.36 (KHTML, like Gecko) Chrome/71.0.3578.98 Safari/537.36', '', 1, NULL, '2019-02-07 06:58:54', '1970-01-01 02:30:00'),
(236, 112, NULL, NULL, 'A', 'Mozilla/5.0 (Windows NT 6.1) AppleWebKit/537.36 (KHTML, like Gecko) Chrome/71.0.3578.98 Safari/537.36', '', 1, NULL, '2019-02-07 07:00:12', '1970-01-01 02:30:00'),
(237, 119, NULL, NULL, 'A', 'Mozilla/5.0 (Windows NT 6.1) AppleWebKit/537.36 (KHTML, like Gecko) Chrome/71.0.3578.98 Safari/537.36', '', 1, NULL, '2019-02-07 08:13:27', '1970-01-01 02:30:00'),
(238, 118, NULL, NULL, 'A', 'Mozilla/5.0 (Windows NT 6.1) AppleWebKit/537.36 (KHTML, like Gecko) Chrome/71.0.3578.98 Safari/537.36', '', 1, NULL, '2019-02-08 05:20:17', '1970-01-01 02:30:00'),
(239, 112, NULL, NULL, 'A', 'Mozilla/5.0 (Windows NT 6.1; Win64; x64) AppleWebKit/537.36 (KHTML, like Gecko) Chrome/71.0.3578.98 Safari/537.36', '', 1, NULL, '2019-02-08 10:14:50', '1970-01-01 02:30:00'),
(240, 112, NULL, NULL, 'A', 'Mozilla/5.0 (Windows NT 6.1; Win64; x64) AppleWebKit/537.36 (KHTML, like Gecko) Chrome/71.0.3578.98 Safari/537.36', '', 1, NULL, '2019-02-11 09:48:19', '1970-01-01 02:30:00'),
(241, 112, NULL, NULL, 'A', 'Mozilla/5.0 (Windows NT 6.1; Win64; x64) AppleWebKit/537.36 (KHTML, like Gecko) Chrome/71.0.3578.98 Safari/537.36', '', 1, NULL, '2019-02-11 09:57:39', '1970-01-01 02:30:00'),
(242, 290, NULL, NULL, 'A', 'Mozilla/5.0 (Linux; Android 8.0.0; SM-J720F) AppleWebKit/537.36 (KHTML, like Gecko) Chrome/71.0.3578.98 Mobile Safari/537.36', '', 1, NULL, '2019-02-13 11:52:38', '1970-01-01 02:30:00'),
(243, 290, NULL, NULL, 'A', 'Mozilla/5.0 (Linux; Android 8.0.0; SM-J720F) AppleWebKit/537.36 (KHTML, like Gecko) Chrome/71.0.3578.98 Mobile Safari/537.36', '', 1, NULL, '2019-02-13 11:54:38', '1970-01-01 02:30:00'),
(244, 290, NULL, NULL, 'A', 'Mozilla/5.0 (Linux; Android 8.0.0; SM-J720F) AppleWebKit/537.36 (KHTML, like Gecko) Chrome/71.0.3578.98 Mobile Safari/537.36', '', 1, NULL, '2019-02-13 15:29:51', '1970-01-01 02:30:00'),
(245, 1, NULL, NULL, 'A', 'Mozilla/5.0 (Windows NT 6.1; WOW64) AppleWebKit/537.36 (KHTML, like Gecko) Chrome/72.0.3626.96 Safari/537.36', '', 1, NULL, '2019-02-14 02:54:43', '1970-01-01 02:30:00'),
(246, 349, NULL, NULL, 'A', 'Mozilla/5.0 (Windows NT 6.1; WOW64) AppleWebKit/537.36 (KHTML, like Gecko) Chrome/72.0.3626.96 Safari/537.36', '', 1, NULL, '2019-02-14 03:41:43', '1970-01-01 02:30:00');
INSERT INTO `logins` (`logins_id`, `cust_admin_user_id`, `sessions_id`, `session_id`, `l_user_type`, `l_user_agent`, `l_user_device`, `l_session_status`, `l_reason_key`, `l_created_time`, `l_modified_time`) VALUES
(247, 1, NULL, NULL, 'A', 'Mozilla/5.0 (Windows NT 6.1; WOW64) AppleWebKit/537.36 (KHTML, like Gecko) Chrome/72.0.3626.96 Safari/537.36', '', 1, NULL, '2019-02-14 03:42:12', '1970-01-01 02:30:00'),
(248, 1, NULL, NULL, 'A', 'Mozilla/5.0 (Windows NT 6.1; WOW64) AppleWebKit/537.36 (KHTML, like Gecko) Chrome/72.0.3626.96 Safari/537.36', '', 1, NULL, '2019-02-14 03:48:03', '1970-01-01 02:30:00'),
(249, 1, NULL, NULL, 'A', 'Mozilla/5.0 (Windows NT 6.2; WOW64) AppleWebKit/534.57.2 (KHTML, like Gecko) Version/5.1.7 Safari/534.57.2', '', 1, NULL, '2019-02-14 04:57:01', '1970-01-01 02:30:00'),
(250, 290, NULL, NULL, 'A', 'Mozilla/5.0 (Linux; Android 8.0.0; SM-J720F) AppleWebKit/537.36 (KHTML, like Gecko) Chrome/71.0.3578.98 Mobile Safari/537.36', '', 1, NULL, '2019-02-14 16:15:16', '1970-01-01 02:30:00'),
(251, 112, NULL, NULL, 'A', 'Mozilla/5.0 (Windows NT 6.1; Win64; x64) AppleWebKit/537.36 (KHTML, like Gecko) Chrome/72.0.3626.109 Safari/537.36', '', 1, NULL, '2019-02-16 11:50:03', '1970-01-01 02:30:00'),
(252, 1, NULL, NULL, 'A', 'Mozilla/5.0 (Windows NT 6.1; WOW64) AppleWebKit/537.36 (KHTML, like Gecko) Chrome/72.0.3626.109 Safari/537.36', '', 1, NULL, '2019-02-18 01:12:09', '1970-01-01 02:30:00'),
(253, 1, NULL, NULL, 'A', 'Mozilla/5.0 (Windows NT 6.1; WOW64) AppleWebKit/537.36 (KHTML, like Gecko) Chrome/72.0.3626.109 Safari/537.36', '', 1, NULL, '2019-02-18 01:43:22', '1970-01-01 02:30:00'),
(254, 2, NULL, NULL, 'A', 'Mozilla/5.0 (Windows NT 6.1; WOW64) AppleWebKit/537.36 (KHTML, like Gecko) Chrome/72.0.3626.109 Safari/537.36', '', 1, NULL, '2019-02-18 01:51:47', '1970-01-01 02:30:00'),
(255, 2, NULL, NULL, 'A', 'Mozilla/5.0 (Linux; Android 5.1.1; vivo V3 Build/LMY47V) AppleWebKit/537.36 (KHTML, like Gecko) Chrome/69.0.3497.100 Mobile Safari/537.36', '', 1, NULL, '2019-02-18 02:25:40', '1970-01-01 02:30:00'),
(256, 112, NULL, NULL, 'A', 'Mozilla/5.0 (Linux; U; Android 7.1.1; en-in; MI MAX 2 Build/NMF26F) AppleWebKit/537.36 (KHTML, like Gecko) Version/4.0 Chrome/61.0.3163.128 Mobile Safari/537.36 XiaoMi/MiuiBrowser/10.1.2', '', 1, NULL, '2019-02-19 15:47:19', '1970-01-01 02:30:00'),
(257, 2, NULL, NULL, 'A', 'Mozilla/5.0 (Linux; Android 8.0.0; SM-J600GF) AppleWebKit/537.36 (KHTML, like Gecko) Chrome/72.0.3626.105 Mobile Safari/537.36', '', 1, NULL, '2019-02-20 07:44:35', '1970-01-01 02:30:00'),
(258, 2, NULL, NULL, 'A', 'Mozilla/5.0 (Linux; Android 5.1.1; vivo V3 Build/LMY47V) AppleWebKit/537.36 (KHTML, like Gecko) Chrome/69.0.3497.100 Mobile Safari/537.36', '', 1, NULL, '2019-02-20 07:47:55', '1970-01-01 02:30:00'),
(259, 113, NULL, NULL, 'A', 'Mozilla/5.0 (Windows NT 6.1) AppleWebKit/537.36 (KHTML, like Gecko) Chrome/72.0.3626.109 Safari/537.36', '', 1, NULL, '2019-02-20 09:04:31', '1970-01-01 02:30:00'),
(260, 1, NULL, NULL, 'A', 'Mozilla/5.0 (Windows NT 10.0; Win64; x64) AppleWebKit/537.36 (KHTML, like Gecko) Chrome/72.0.3626.109 Safari/537.36', '', 1, NULL, '2019-02-20 09:24:05', '1970-01-01 02:30:00'),
(261, 1, NULL, NULL, 'A', 'Mozilla/5.0 (Windows NT 10.0; Win64; x64) AppleWebKit/537.36 (KHTML, like Gecko) Chrome/72.0.3626.109 Safari/537.36', '', 1, NULL, '2019-02-20 09:24:49', '1970-01-01 02:30:00'),
(262, 1, NULL, NULL, 'A', 'Mozilla/5.0 (Windows NT 10.0; Win64; x64) AppleWebKit/537.36 (KHTML, like Gecko) Chrome/72.0.3626.109 Safari/537.36', '', 1, NULL, '2019-02-20 09:26:02', '1970-01-01 02:30:00'),
(263, 2, NULL, NULL, 'A', 'Mozilla/5.0 (Linux; Android 8.0.0; SM-J600GF) AppleWebKit/537.36 (KHTML, like Gecko) Chrome/72.0.3626.105 Mobile Safari/537.36', '', 1, NULL, '2019-02-20 13:19:33', '1970-01-01 02:30:00'),
(264, 2, NULL, NULL, 'A', 'Mozilla/5.0 (Linux; Android 8.0.0; SM-J600GF) AppleWebKit/537.36 (KHTML, like Gecko) Chrome/72.0.3626.105 Mobile Safari/537.36', '', 1, NULL, '2019-02-20 18:49:56', '1970-01-01 02:30:00'),
(265, 113, NULL, NULL, 'A', 'Mozilla/5.0 (Windows NT 6.1) AppleWebKit/537.36 (KHTML, like Gecko) Chrome/72.0.3626.109 Safari/537.36', '', 1, NULL, '2019-02-21 06:15:18', '1970-01-01 02:30:00'),
(266, 112, NULL, NULL, 'A', 'Mozilla/5.0 (Linux; Android 7.1.1; MI MAX 2) AppleWebKit/537.36 (KHTML, like Gecko) Chrome/71.0.3578.99 Mobile Safari/537.36', '', 1, NULL, '2019-02-22 15:39:43', '1970-01-01 02:30:00'),
(267, 118, NULL, NULL, 'A', 'Mozilla/5.0 (Windows NT 6.1) AppleWebKit/537.36 (KHTML, like Gecko) Chrome/72.0.3626.109 Safari/537.36', '', 1, NULL, '2019-02-23 07:02:19', '1970-01-01 02:30:00'),
(268, 116, NULL, NULL, 'A', 'Mozilla/5.0 (Linux; Android 7.1.1; MI MAX 2) AppleWebKit/537.36 (KHTML, like Gecko) Chrome/72.0.3626.105 Mobile Safari/537.36', '', 1, NULL, '2019-02-24 17:02:10', '1970-01-01 02:30:00'),
(269, 290, NULL, NULL, 'A', 'Mozilla/5.0 (Linux; Android 8.0.0; SM-J720F) AppleWebKit/537.36 (KHTML, like Gecko) Chrome/72.0.3626.105 Mobile Safari/537.36', '', 1, NULL, '2019-02-25 20:24:13', '1970-01-01 02:30:00'),
(270, 268, NULL, NULL, 'A', 'Mozilla/5.0 (Linux; Android 7.1.1; CPH1725) AppleWebKit/537.36 (KHTML, like Gecko) Chrome/72.0.3626.105 Mobile Safari/537.36', '', 1, NULL, '2019-02-27 16:20:36', '1970-01-01 02:30:00'),
(271, 112, NULL, NULL, 'A', 'Mozilla/5.0 (Windows NT 6.1; Win64; x64) AppleWebKit/537.36 (KHTML, like Gecko) Chrome/72.0.3626.119 Safari/537.36', '', 1, NULL, '2019-03-02 07:45:18', '1970-01-01 02:30:00'),
(272, 116, NULL, NULL, 'A', 'Mozilla/5.0 (Linux; Android 7.1.1; MI MAX 2) AppleWebKit/537.36 (KHTML, like Gecko) Chrome/72.0.3626.105 Mobile Safari/537.36', '', 1, NULL, '2019-03-04 14:26:05', '1970-01-01 02:30:00'),
(273, 1, NULL, NULL, 'A', 'Mozilla/5.0 (Windows NT 6.1; WOW64) AppleWebKit/537.36 (KHTML, like Gecko) Chrome/72.0.3626.121 Safari/537.36', '', 1, NULL, '2019-03-07 03:14:42', '1970-01-01 02:30:00'),
(274, 1, NULL, NULL, 'A', 'Mozilla/5.0 (Windows NT 6.1; WOW64) AppleWebKit/537.36 (KHTML, like Gecko) Chrome/72.0.3626.121 Safari/537.36', '', 1, NULL, '2019-03-07 03:16:22', '1970-01-01 02:30:00'),
(275, 1, NULL, NULL, 'A', 'Mozilla/5.0 (Windows NT 6.1; WOW64) AppleWebKit/537.36 (KHTML, like Gecko) Chrome/72.0.3626.121 Safari/537.36', '', 1, NULL, '2019-03-07 03:17:07', '1970-01-01 02:30:00'),
(276, 1, NULL, NULL, 'A', 'Mozilla/5.0 (Windows NT 6.1; WOW64) AppleWebKit/537.36 (KHTML, like Gecko) Chrome/72.0.3626.121 Safari/537.36', '', 1, NULL, '2019-03-07 03:17:38', '1970-01-01 02:30:00'),
(277, 1, NULL, NULL, 'A', 'Mozilla/5.0 (Windows NT 6.1; WOW64) AppleWebKit/537.36 (KHTML, like Gecko) Chrome/72.0.3626.121 Safari/537.36', '', 1, NULL, '2019-03-09 03:43:32', '1970-01-01 02:30:00'),
(278, 1, NULL, NULL, 'A', 'Mozilla/5.0 (Windows NT 6.1; WOW64) AppleWebKit/537.36 (KHTML, like Gecko) Chrome/72.0.3626.121 Safari/537.36', '', 1, NULL, '2019-03-09 13:05:30', '1970-01-01 02:30:00'),
(279, 1, NULL, NULL, 'A', 'Mozilla/5.0 (Windows NT 6.1; WOW64) AppleWebKit/537.36 (KHTML, like Gecko) Chrome/72.0.3626.121 Safari/537.36', '', 1, NULL, '2019-03-13 15:44:16', '1970-01-01 02:30:00'),
(280, 1, NULL, NULL, 'A', 'Mozilla/5.0 (Windows NT 6.1; WOW64) AppleWebKit/537.36 (KHTML, like Gecko) Chrome/72.0.3626.121 Safari/537.36', '', 1, NULL, '2019-03-14 02:50:52', '1970-01-01 02:30:00'),
(281, 115, NULL, NULL, 'A', 'Mozilla/5.0 (Windows NT 6.1; Win64; x64; rv:65.0) Gecko/20100101 Firefox/65.0', '', 1, NULL, '2019-03-14 02:53:10', '1970-01-01 02:30:00'),
(282, 115, NULL, NULL, 'A', 'Mozilla/5.0 (Windows NT 6.1; WOW64) AppleWebKit/537.36 (KHTML, like Gecko) Chrome/72.0.3626.121 Safari/537.36', '', 1, NULL, '2019-03-14 03:34:15', '1970-01-01 02:30:00'),
(283, 1, NULL, NULL, 'A', 'Mozilla/5.0 (Windows NT 6.1; WOW64) AppleWebKit/537.36 (KHTML, like Gecko) Chrome/72.0.3626.121 Safari/537.36', '', 1, NULL, '2019-03-14 13:00:31', '1970-01-01 02:30:00'),
(284, 1, NULL, NULL, 'A', 'Mozilla/5.0 (Windows NT 6.1; WOW64) AppleWebKit/537.36 (KHTML, like Gecko) Chrome/72.0.3626.121 Safari/537.36', '', 1, NULL, '2019-03-16 14:53:35', '1970-01-01 02:30:00'),
(285, 1, NULL, NULL, 'A', 'Mozilla/5.0 (Windows NT 6.1; WOW64) AppleWebKit/537.36 (KHTML, like Gecko) Chrome/72.0.3626.121 Safari/537.36', '', 1, NULL, '2019-03-17 03:19:03', '1970-01-01 02:30:00'),
(286, 1, NULL, NULL, 'A', 'Mozilla/5.0 (Windows NT 6.1; WOW64) AppleWebKit/537.36 (KHTML, like Gecko) Chrome/72.0.3626.121 Safari/537.36', '', 1, NULL, '2019-03-17 06:41:49', '1970-01-01 02:30:00'),
(287, 1, NULL, NULL, 'A', 'Mozilla/5.0 (Windows NT 6.1; WOW64) AppleWebKit/537.36 (KHTML, like Gecko) Chrome/72.0.3626.121 Safari/537.36', '', 1, NULL, '2019-03-20 03:14:44', '1970-01-01 02:30:00'),
(288, 115, NULL, NULL, 'A', 'Mozilla/5.0 (Windows NT 6.1; Win64; x64; rv:65.0) Gecko/20100101 Firefox/65.0', '', 1, NULL, '2019-03-20 04:06:55', '1970-01-01 02:30:00'),
(289, 1, NULL, NULL, 'A', 'Mozilla/5.0 (Windows NT 6.1; WOW64) AppleWebKit/537.36 (KHTML, like Gecko) Chrome/72.0.3626.121 Safari/537.36', '', 1, NULL, '2019-03-22 14:21:52', '1970-01-01 02:30:00'),
(290, 1, NULL, NULL, 'A', 'Mozilla/5.0 (Windows NT 6.1; WOW64) AppleWebKit/537.36 (KHTML, like Gecko) Chrome/73.0.3683.86 Safari/537.36', '', 1, NULL, '2019-03-24 04:02:38', '1970-01-01 02:30:00'),
(291, 115, NULL, NULL, 'A', 'Mozilla/5.0 (Windows NT 6.1; WOW64) AppleWebKit/537.36 (KHTML, like Gecko) Chrome/73.0.3683.86 Safari/537.36', '', 1, NULL, '2019-03-24 04:03:09', '1970-01-01 02:30:00'),
(292, 1, NULL, NULL, 'A', 'Mozilla/5.0 (Windows NT 6.1; WOW64) AppleWebKit/537.36 (KHTML, like Gecko) Chrome/73.0.3683.86 Safari/537.36', '', 1, NULL, '2019-03-25 03:29:10', '1970-01-01 02:30:00'),
(293, 115, NULL, NULL, 'A', 'Mozilla/5.0 (Windows NT 6.1; Win64; x64; rv:65.0) Gecko/20100101 Firefox/65.0', '', 1, NULL, '2019-03-25 03:29:40', '1970-01-01 02:30:00'),
(294, 1, NULL, NULL, 'A', 'Mozilla/5.0 (Windows NT 6.1; WOW64) AppleWebKit/537.36 (KHTML, like Gecko) Chrome/73.0.3683.86 Safari/537.36', '', 1, NULL, '2019-03-25 15:25:06', '1970-01-01 02:30:00'),
(295, 1, NULL, NULL, 'A', 'Mozilla/5.0 (Windows NT 6.1; WOW64) AppleWebKit/537.36 (KHTML, like Gecko) Chrome/73.0.3683.86 Safari/537.36', '', 1, NULL, '2019-03-25 16:26:47', '1970-01-01 02:30:00'),
(296, 1, NULL, NULL, 'A', 'Mozilla/5.0 (Windows NT 6.1; WOW64) AppleWebKit/537.36 (KHTML, like Gecko) Chrome/73.0.3683.86 Safari/537.36', '', 1, NULL, '2019-03-27 03:26:22', '1970-01-01 02:30:00'),
(297, 1, NULL, NULL, 'A', 'Mozilla/5.0 (Windows NT 6.1; WOW64) AppleWebKit/537.36 (KHTML, like Gecko) Chrome/73.0.3683.86 Safari/537.36', '', 1, NULL, '2019-03-28 16:38:58', '1970-01-01 02:30:00'),
(298, 1, NULL, NULL, 'A', 'Mozilla/5.0 (Windows NT 6.1; WOW64) AppleWebKit/537.36 (KHTML, like Gecko) Chrome/73.0.3683.86 Safari/537.36', '', 1, NULL, '2019-04-02 03:23:11', '1970-01-01 02:30:00'),
(299, 1, NULL, NULL, 'A', 'Mozilla/5.0 (Windows NT 6.1; WOW64) AppleWebKit/537.36 (KHTML, like Gecko) Chrome/73.0.3683.86 Safari/537.36', '', 1, NULL, '2019-04-02 16:44:19', '1970-01-01 02:30:00'),
(300, 1, NULL, NULL, 'A', 'Mozilla/5.0 (Windows NT 6.1; WOW64) AppleWebKit/537.36 (KHTML, like Gecko) Chrome/73.0.3683.86 Safari/537.36', '', 1, NULL, '2019-04-03 02:50:43', '1970-01-01 02:30:00'),
(301, 1, NULL, NULL, 'A', 'Mozilla/5.0 (Windows NT 6.1; WOW64) AppleWebKit/537.36 (KHTML, like Gecko) Chrome/73.0.3683.86 Safari/537.36', '', 1, NULL, '2019-04-04 15:52:12', '1970-01-01 02:30:00'),
(302, 1, NULL, NULL, 'A', 'Mozilla/5.0 (Windows NT 6.1; WOW64) AppleWebKit/537.36 (KHTML, like Gecko) Chrome/73.0.3683.86 Safari/537.36', '', 1, NULL, '2019-04-08 16:21:43', '1970-01-01 02:30:00'),
(303, 1, NULL, NULL, 'A', 'Mozilla/5.0 (Windows NT 6.1; WOW64) AppleWebKit/537.36 (KHTML, like Gecko) Chrome/73.0.3683.103 Safari/537.36', '', 1, NULL, '2019-04-10 16:14:24', '1970-01-01 02:30:00'),
(304, 1, NULL, NULL, 'A', 'Mozilla/5.0 (Windows NT 6.1; WOW64) AppleWebKit/537.36 (KHTML, like Gecko) Chrome/73.0.3683.103 Safari/537.36', '', 1, NULL, '2019-04-12 17:04:21', '1970-01-01 02:30:00'),
(305, 1, NULL, NULL, 'A', 'Mozilla/5.0 (Windows NT 6.1; WOW64) AppleWebKit/537.36 (KHTML, like Gecko) Chrome/73.0.3683.103 Safari/537.36', '', 1, NULL, '2019-04-14 07:12:11', '1970-01-01 02:30:00'),
(306, 1, NULL, NULL, 'A', 'Mozilla/5.0 (Windows NT 6.1; WOW64) AppleWebKit/537.36 (KHTML, like Gecko) Chrome/73.0.3683.103 Safari/537.36', '', 1, NULL, '2019-04-15 17:06:18', '1970-01-01 02:30:00'),
(307, 1, NULL, NULL, 'A', 'Mozilla/5.0 (Windows NT 6.1; WOW64) AppleWebKit/537.36 (KHTML, like Gecko) Chrome/73.0.3683.103 Safari/537.36', '', 1, NULL, '2019-04-18 03:12:27', '1970-01-01 02:30:00'),
(308, 1, NULL, NULL, 'A', 'Mozilla/5.0 (Windows NT 6.1; WOW64) AppleWebKit/537.36 (KHTML, like Gecko) Chrome/74.0.3729.131 Safari/537.36', '', 1, NULL, '2019-05-17 02:16:38', '1970-01-01 02:30:00');

-- --------------------------------------------------------

--
-- Table structure for table `login_ip`
--

DROP TABLE IF EXISTS `login_ip`;
CREATE TABLE IF NOT EXISTS `login_ip` (
  `login_ip_id` int(11) NOT NULL AUTO_INCREMENT,
  `cust_admin_user_id` int(11) NOT NULL,
  `sessions_id` int(11) DEFAULT NULL,
  `session_id` varchar(50) DEFAULT NULL,
  `li_user_type` varchar(1) DEFAULT NULL,
  `li_ip` varchar(50) DEFAULT NULL,
  `li_user_agent` varchar(255) DEFAULT NULL,
  `li_user_device` varchar(100) DEFAULT NULL,
  `li_relevancy_level` tinyint(1) NOT NULL DEFAULT '1',
  `li_original_user_response` tinyint(1) DEFAULT NULL,
  `li_created_time` timestamp NOT NULL DEFAULT CURRENT_TIMESTAMP,
  `li_modified_time` timestamp NOT NULL DEFAULT CURRENT_TIMESTAMP,
  PRIMARY KEY (`login_ip_id`),
  KEY `FK_li_sessions_id` (`sessions_id`)
) ENGINE=InnoDB AUTO_INCREMENT=309 DEFAULT CHARSET=utf8;

--
-- Dumping data for table `login_ip`
--

INSERT INTO `login_ip` (`login_ip_id`, `cust_admin_user_id`, `sessions_id`, `session_id`, `li_user_type`, `li_ip`, `li_user_agent`, `li_user_device`, `li_relevancy_level`, `li_original_user_response`, `li_created_time`, `li_modified_time`) VALUES
(1, 1, NULL, NULL, 'A', '49.34.186.207', 'Mozilla/5.0 (Windows NT 6.1) AppleWebKit/537.36 (KHTML, like Gecko) Chrome/70.0.3538.77 Safari/537.36', '', 1, NULL, '2018-10-30 01:29:08', '2018-10-30 01:29:08'),
(2, 1, NULL, NULL, 'A', '49.34.147.77', 'Mozilla/5.0 (Linux; Android 6.0.1; SM-G550FY Build/MMB29K) AppleWebKit/537.36 (KHTML, like Gecko) Chrome/68.0.3440.91 Mobile Safari/537.36', '', 1, NULL, '2018-10-30 05:54:51', '2018-10-30 05:54:51'),
(3, 1, NULL, NULL, 'A', '49.34.147.77', 'Mozilla/5.0 (Linux; Android 6.0.1; SM-G550FY Build/MMB29K) AppleWebKit/537.36 (KHTML, like Gecko) Chrome/68.0.3440.91 Mobile Safari/537.36', '', 1, NULL, '2018-10-30 05:58:41', '2018-10-30 05:58:41'),
(4, 1, NULL, NULL, 'A', '49.34.140.253', 'Mozilla/5.0 (Windows NT 6.1) AppleWebKit/537.36 (KHTML, like Gecko) Chrome/70.0.3538.77 Safari/537.36', '', 1, NULL, '2018-10-30 06:03:49', '2018-10-30 06:03:49'),
(5, 112, NULL, NULL, 'A', '49.34.148.223', 'Mozilla/5.0 (Windows NT 6.1) AppleWebKit/537.36 (KHTML, like Gecko) Chrome/70.0.3538.77 Safari/537.36', '', 1, NULL, '2018-10-30 06:07:59', '2018-10-30 06:07:59'),
(6, 2, NULL, NULL, 'A', '42.108.216.189', 'Mozilla/5.0 (Linux; Android 5.1.1; vivo V3 Build/LMY47V) AppleWebKit/537.36 (KHTML, like Gecko) Chrome/69.0.3497.100 Mobile Safari/537.36', '', 1, NULL, '2018-10-30 13:01:21', '2018-10-30 13:01:21'),
(7, 112, NULL, NULL, 'A', '116.72.8.19', 'Mozilla/5.0 (X11; Linux x86_64) AppleWebKit/537.36 (KHTML, like Gecko) Chrome/70.0.3538.80 Safari/537.36', '', 1, NULL, '2018-10-31 05:23:55', '2018-10-31 05:23:55'),
(8, 112, NULL, NULL, 'A', '103.217.84.18', 'Mozilla/5.0 (Windows NT 6.1) AppleWebKit/537.36 (KHTML, like Gecko) Chrome/69.0.3497.100 Safari/537.36', '', 1, NULL, '2018-10-31 06:16:07', '2018-10-31 06:16:07'),
(9, 114, NULL, NULL, 'A', '103.217.84.18', 'Mozilla/5.0 (Windows NT 6.1) AppleWebKit/537.36 (KHTML, like Gecko) Chrome/69.0.3497.100 Safari/537.36', '', 1, NULL, '2018-10-31 06:19:30', '2018-10-31 06:19:30'),
(10, 113, NULL, NULL, 'A', '103.217.84.18', 'Mozilla/5.0 (Windows NT 6.1) AppleWebKit/537.36 (KHTML, like Gecko) Chrome/69.0.3497.100 Safari/537.36', '', 1, NULL, '2018-10-31 06:20:01', '2018-10-31 06:20:01'),
(11, 112, NULL, NULL, 'A', '103.217.84.18', 'Mozilla/5.0 (Windows NT 6.1) AppleWebKit/537.36 (KHTML, like Gecko) Chrome/69.0.3497.100 Safari/537.36', '', 1, NULL, '2018-10-31 06:20:24', '2018-10-31 06:20:24'),
(12, 118, NULL, NULL, 'A', '103.217.84.18', 'Mozilla/5.0 (Windows NT 6.1) AppleWebKit/537.36 (KHTML, like Gecko) Chrome/69.0.3497.100 Safari/537.36', '', 1, NULL, '2018-10-31 06:39:14', '2018-10-31 06:39:14'),
(13, 118, NULL, NULL, 'A', '103.217.84.18', 'Mozilla/5.0 (Windows NT 6.1) AppleWebKit/537.36 (KHTML, like Gecko) Chrome/69.0.3497.100 Safari/537.36', '', 1, NULL, '2018-10-31 08:53:28', '2018-10-31 08:53:28'),
(14, 118, NULL, NULL, 'A', '103.217.84.18', 'Mozilla/5.0 (Windows NT 6.1) AppleWebKit/537.36 (KHTML, like Gecko) Chrome/69.0.3497.100 Safari/537.36', '', 1, NULL, '2018-10-31 08:56:08', '2018-10-31 08:56:08'),
(15, 112, NULL, NULL, 'A', '103.37.180.131', 'Mozilla/5.0 (Windows NT 6.1) AppleWebKit/537.36 (KHTML, like Gecko) Chrome/70.0.3538.77 Safari/537.36', '', 1, NULL, '2018-10-31 09:02:24', '2018-10-31 09:02:24'),
(16, 119, NULL, NULL, 'A', '103.37.180.131', 'Mozilla/5.0 (Windows NT 6.1) AppleWebKit/537.36 (KHTML, like Gecko) Chrome/70.0.3538.77 Safari/537.36', '', 1, NULL, '2018-10-31 09:06:10', '2018-10-31 09:06:10'),
(17, 113, NULL, NULL, 'A', '103.37.180.131', 'Mozilla/5.0 (Windows NT 6.1) AppleWebKit/537.36 (KHTML, like Gecko) Chrome/70.0.3538.77 Safari/537.36', '', 1, NULL, '2018-10-31 09:07:14', '2018-10-31 09:07:14'),
(18, 112, NULL, NULL, 'A', '103.37.180.131', 'Mozilla/5.0 (Windows NT 6.1) AppleWebKit/537.36 (KHTML, like Gecko) Chrome/70.0.3538.77 Safari/537.36', '', 1, NULL, '2018-10-31 09:10:38', '2018-10-31 09:10:38'),
(19, 117, NULL, NULL, 'A', '116.72.8.19', 'Mozilla/5.0 (Windows NT 6.1) AppleWebKit/537.36 (KHTML, like Gecko) Chrome/70.0.3538.77 Safari/537.36', '', 1, NULL, '2018-10-31 10:14:10', '2018-10-31 10:14:10'),
(20, 113, NULL, NULL, 'A', '116.72.8.19', 'Mozilla/5.0 (Windows NT 6.1) AppleWebKit/537.36 (KHTML, like Gecko) Chrome/70.0.3538.77 Safari/537.36', '', 1, NULL, '2018-10-31 10:17:14', '2018-10-31 10:17:14'),
(21, 118, NULL, NULL, 'A', '42.108.205.194', 'Mozilla/5.0 (Linux; U; Android 7.0; en-in; Redmi Note 4 Build/NRD90M) AppleWebKit/537.36 (KHTML, like Gecko) Version/4.0 Chrome/61.0.3163.128 Mobile Safari/537.36 XiaoMi/MiuiBrowser/10.1.2', '', 1, NULL, '2018-10-31 11:22:15', '2018-10-31 11:22:15'),
(22, 112, NULL, NULL, 'A', '123.201.225.229', 'Mozilla/5.0 (Linux; Android 7.0; vivo 1713) AppleWebKit/537.36 (KHTML, like Gecko) Chrome/70.0.3538.80 Mobile Safari/537.36', '', 1, NULL, '2018-10-31 16:37:56', '2018-10-31 16:37:56'),
(23, 119, NULL, NULL, 'A', '106.77.117.251', 'Mozilla/5.0 (Linux; Android 7.0; vivo 1713) AppleWebKit/537.36 (KHTML, like Gecko) Chrome/70.0.3538.80 Mobile Safari/537.36', '', 1, NULL, '2018-10-31 16:47:18', '2018-10-31 16:47:18'),
(24, 112, NULL, NULL, 'A', '106.77.117.251', 'Mozilla/5.0 (Linux; Android 7.0; vivo 1713) AppleWebKit/537.36 (KHTML, like Gecko) Chrome/70.0.3538.80 Mobile Safari/537.36', '', 1, NULL, '2018-10-31 16:48:20', '2018-10-31 16:48:20'),
(25, 116, NULL, NULL, 'A', '106.77.117.251', 'Mozilla/5.0 (Linux; Android 7.0; vivo 1713) AppleWebKit/537.36 (KHTML, like Gecko) Chrome/70.0.3538.80 Mobile Safari/537.36', '', 1, NULL, '2018-10-31 16:57:34', '2018-10-31 16:57:34'),
(26, 112, NULL, NULL, 'A', '106.77.117.251', 'Mozilla/5.0 (Linux; Android 7.0; vivo 1713) AppleWebKit/537.36 (KHTML, like Gecko) Chrome/70.0.3538.80 Mobile Safari/537.36', '', 1, NULL, '2018-10-31 17:00:18', '2018-10-31 17:00:18'),
(27, 119, NULL, NULL, 'A', '116.72.8.19', 'Mozilla/5.0 (Windows NT 6.1) AppleWebKit/537.36 (KHTML, like Gecko) Chrome/70.0.3538.77 Safari/537.36', '', 1, NULL, '2018-11-01 04:59:03', '2018-11-01 04:59:03'),
(28, 116, NULL, NULL, 'A', '116.72.8.19', 'Mozilla/5.0 (Windows NT 6.1) AppleWebKit/537.36 (KHTML, like Gecko) Chrome/70.0.3538.77 Safari/537.36', '', 1, NULL, '2018-11-01 05:01:39', '2018-11-01 05:01:39'),
(29, 118, NULL, NULL, 'A', '116.72.8.19', 'Mozilla/5.0 (Windows NT 6.1) AppleWebKit/537.36 (KHTML, like Gecko) Chrome/70.0.3538.77 Safari/537.36', '', 1, NULL, '2018-11-01 05:03:18', '2018-11-01 05:03:18'),
(30, 113, NULL, NULL, 'A', '116.72.8.19', 'Mozilla/5.0 (Windows NT 6.1) AppleWebKit/537.36 (KHTML, like Gecko) Chrome/70.0.3538.77 Safari/537.36', '', 1, NULL, '2018-11-01 05:04:06', '2018-11-01 05:04:06'),
(31, 112, NULL, NULL, 'A', '116.72.8.19', 'Mozilla/5.0 (Windows NT 6.1) AppleWebKit/537.36 (KHTML, like Gecko) Chrome/70.0.3538.77 Safari/537.36', '', 1, NULL, '2018-11-01 05:08:40', '2018-11-01 05:08:40'),
(32, 118, NULL, NULL, 'A', '103.217.84.18', 'Mozilla/5.0 (Windows NT 6.1) AppleWebKit/537.36 (KHTML, like Gecko) Chrome/69.0.3497.100 Safari/537.36', '', 1, NULL, '2018-11-01 06:04:15', '2018-11-01 06:04:15'),
(33, 112, NULL, NULL, 'A', '116.72.8.19', 'Mozilla/5.0 (Linux; Android 7.0; vivo 1713) AppleWebKit/537.36 (KHTML, like Gecko) Chrome/70.0.3538.80 Mobile Safari/537.36', '', 1, NULL, '2018-11-01 06:17:04', '2018-11-01 06:17:04'),
(34, 116, NULL, NULL, 'A', '116.72.8.19', 'Mozilla/5.0 (Linux; Android 7.0; vivo 1713) AppleWebKit/537.36 (KHTML, like Gecko) Chrome/70.0.3538.80 Mobile Safari/537.36', '', 1, NULL, '2018-11-01 06:17:48', '2018-11-01 06:17:48'),
(35, 1, NULL, NULL, 'A', '49.34.83.48', 'Mozilla/5.0 (Windows NT 6.1) AppleWebKit/537.36 (KHTML, like Gecko) Chrome/70.0.3538.77 Safari/537.36', '', 1, NULL, '2018-11-02 03:03:53', '2018-11-02 03:03:53'),
(36, 113, NULL, NULL, 'A', '116.72.8.19', 'Mozilla/5.0 (Windows NT 6.1) AppleWebKit/537.36 (KHTML, like Gecko) Chrome/70.0.3538.77 Safari/537.36', '', 1, NULL, '2018-11-02 04:50:26', '2018-11-02 04:50:26'),
(37, 113, NULL, NULL, 'A', '116.72.8.19', 'Mozilla/5.0 (Windows NT 6.1) AppleWebKit/537.36 (KHTML, like Gecko) Chrome/70.0.3538.77 Safari/537.36', '', 1, NULL, '2018-11-02 04:52:07', '2018-11-02 04:52:07'),
(38, 112, NULL, NULL, 'A', '116.72.8.19', 'Mozilla/5.0 (Windows NT 6.1) AppleWebKit/537.36 (KHTML, like Gecko) Chrome/70.0.3538.77 Safari/537.36', '', 1, NULL, '2018-11-02 04:59:39', '2018-11-02 04:59:39'),
(39, 118, NULL, NULL, 'A', '103.217.84.18', 'Mozilla/5.0 (Windows NT 6.1) AppleWebKit/537.36 (KHTML, like Gecko) Chrome/70.0.3538.77 Safari/537.36', '', 1, NULL, '2018-11-02 05:30:06', '2018-11-02 05:30:06'),
(40, 116, NULL, NULL, 'A', '106.77.159.24', 'Mozilla/5.0 (Linux; Android 7.0; vivo 1713) AppleWebKit/537.36 (KHTML, like Gecko) Chrome/70.0.3538.80 Mobile Safari/537.36', '', 1, NULL, '2018-11-02 08:20:31', '2018-11-02 08:20:31'),
(41, 113, NULL, NULL, 'A', '106.77.159.24', 'Mozilla/5.0 (Linux; Android 7.0; vivo 1713) AppleWebKit/537.36 (KHTML, like Gecko) Chrome/70.0.3538.80 Mobile Safari/537.36', '', 1, NULL, '2018-11-02 08:22:17', '2018-11-02 08:22:17'),
(42, 119, NULL, NULL, 'A', '103.37.182.77', 'Mozilla/5.0 (Windows NT 6.1) AppleWebKit/537.36 (KHTML, like Gecko) Chrome/70.0.3538.77 Safari/537.36', '', 1, NULL, '2018-11-02 08:54:49', '2018-11-02 08:54:49'),
(43, 113, NULL, NULL, 'A', '106.213.218.88', 'Mozilla/5.0 (Linux; Android 7.1.1; CPH1729 Build/N6F26Q) AppleWebKit/537.36 (KHTML, like Gecko) Chrome/69.0.3497.100 Mobile Safari/537.36', '', 1, NULL, '2018-11-02 10:18:52', '2018-11-02 10:18:52'),
(44, 119, NULL, NULL, 'A', '103.37.182.77', 'Mozilla/5.0 (Windows NT 6.1) AppleWebKit/537.36 (KHTML, like Gecko) Chrome/70.0.3538.77 Safari/537.36', '', 1, NULL, '2018-11-02 13:37:00', '2018-11-02 13:37:00'),
(45, 112, NULL, NULL, 'A', '103.37.182.77', 'Mozilla/5.0 (Windows NT 6.1) AppleWebKit/537.36 (KHTML, like Gecko) Chrome/70.0.3538.77 Safari/537.36', '', 1, NULL, '2018-11-02 13:39:20', '2018-11-02 13:39:20'),
(46, 113, NULL, NULL, 'A', '103.37.182.77', 'Mozilla/5.0 (Windows NT 6.1) AppleWebKit/537.36 (KHTML, like Gecko) Chrome/70.0.3538.77 Safari/537.36', '', 1, NULL, '2018-11-02 13:43:57', '2018-11-02 13:43:57'),
(47, 116, NULL, NULL, 'A', '106.77.74.27', 'Mozilla/5.0 (Linux; Android 7.0; vivo 1713) AppleWebKit/537.36 (KHTML, like Gecko) Chrome/70.0.3538.80 Mobile Safari/537.36', '', 1, NULL, '2018-11-03 04:56:42', '2018-11-03 04:56:42'),
(48, 113, NULL, NULL, 'A', '43.248.39.214', 'Mozilla/5.0 (Windows NT 6.1) AppleWebKit/537.36 (KHTML, like Gecko) Chrome/70.0.3538.77 Safari/537.36', '', 1, NULL, '2018-11-03 06:51:32', '2018-11-03 06:51:32'),
(49, 119, NULL, NULL, 'A', '43.248.39.214', 'Mozilla/5.0 (Windows NT 6.1) AppleWebKit/537.36 (KHTML, like Gecko) Chrome/70.0.3538.77 Safari/537.36', '', 1, NULL, '2018-11-03 07:34:39', '2018-11-03 07:34:39'),
(50, 113, NULL, NULL, 'A', '43.248.39.214', 'Mozilla/5.0 (Windows NT 6.1) AppleWebKit/537.36 (KHTML, like Gecko) Chrome/70.0.3538.77 Safari/537.36', '', 1, NULL, '2018-11-03 08:12:55', '2018-11-03 08:12:55'),
(51, 119, NULL, NULL, 'A', '43.248.39.214', 'Mozilla/5.0 (Windows NT 6.1) AppleWebKit/537.36 (KHTML, like Gecko) Chrome/70.0.3538.77 Safari/537.36', '', 1, NULL, '2018-11-03 10:48:58', '2018-11-03 10:48:58'),
(52, 112, NULL, NULL, 'A', '139.5.22.180', 'Mozilla/5.0 (Windows NT 6.1) AppleWebKit/537.36 (KHTML, like Gecko) Chrome/70.0.3538.77 Safari/537.36', '', 1, NULL, '2018-11-04 05:41:32', '2018-11-04 05:41:32'),
(53, 116, NULL, NULL, 'A', '106.77.79.196', 'Mozilla/5.0 (Linux; Android 7.0; vivo 1713) AppleWebKit/537.36 (KHTML, like Gecko) Chrome/70.0.3538.80 Mobile Safari/537.36', '', 1, NULL, '2018-11-04 13:43:02', '2018-11-04 13:43:02'),
(54, 119, NULL, NULL, 'A', '106.77.79.196', 'Mozilla/5.0 (Linux; Android 7.0; vivo 1713) AppleWebKit/537.36 (KHTML, like Gecko) Chrome/70.0.3538.80 Mobile Safari/537.36', '', 1, NULL, '2018-11-04 13:43:25', '2018-11-04 13:43:25'),
(55, 119, NULL, NULL, 'A', '123.201.228.200', 'Mozilla/5.0 (Android 7.0; Mobile; rv:61.0) Gecko/61.0 Firefox/61.0', '', 1, NULL, '2018-11-04 14:14:16', '2018-11-04 14:14:16'),
(56, 119, NULL, NULL, 'A', '49.34.162.180', 'Mozilla/5.0 (Linux; Android 6.0.1; Redmi 3S) AppleWebKit/537.36 (KHTML, like Gecko) Chrome/70.0.3538.80 Mobile Safari/537.36', '', 1, NULL, '2018-11-04 16:54:14', '2018-11-04 16:54:14'),
(57, 119, NULL, NULL, 'A', '103.17.82.160', 'Mozilla/5.0 (Linux; Android 6.0.1; Redmi 3S) AppleWebKit/537.36 (KHTML, like Gecko) Chrome/70.0.3538.80 Mobile Safari/537.36', '', 1, NULL, '2018-11-05 07:16:57', '2018-11-05 07:16:57'),
(58, 119, NULL, NULL, 'A', '103.17.82.160', 'Mozilla/5.0 (Windows NT 6.1) AppleWebKit/537.36 (KHTML, like Gecko) Chrome/70.0.3538.77 Safari/537.36', '', 1, NULL, '2018-11-05 09:20:03', '2018-11-05 09:20:03'),
(59, 116, NULL, NULL, 'A', '103.217.84.18', 'Mozilla/5.0 (Windows NT 6.1) AppleWebKit/537.36 (KHTML, like Gecko) Chrome/70.0.3538.77 Safari/537.36', '', 1, NULL, '2018-11-05 12:26:27', '2018-11-05 12:26:27'),
(60, 119, NULL, NULL, 'A', '49.34.182.161', 'Mozilla/5.0 (Linux; Android 6.0.1; Redmi 3S) AppleWebKit/537.36 (KHTML, like Gecko) Chrome/70.0.3538.80 Mobile Safari/537.36', '', 1, NULL, '2018-11-05 15:23:21', '2018-11-05 15:23:21'),
(61, 116, NULL, NULL, 'A', '49.34.109.103', 'Mozilla/5.0 (Linux; Android 8.0.0; RNE-L22 Build/HONORRNE-L22) AppleWebKit/537.36 (KHTML, like Gecko) Chrome/69.0.3497.100 Mobile Safari/537.36', '', 1, NULL, '2018-11-05 16:53:11', '2018-11-05 16:53:11'),
(62, 112, NULL, NULL, 'A', '116.72.8.19', 'Mozilla/5.0 (Windows NT 6.1) AppleWebKit/537.36 (KHTML, like Gecko) Chrome/70.0.3538.77 Safari/537.36', '', 1, NULL, '2018-11-06 05:02:42', '2018-11-06 05:02:42'),
(63, 113, NULL, NULL, 'A', '103.60.211.166', 'Mozilla/5.0 (Windows NT 6.1) AppleWebKit/537.36 (KHTML, like Gecko) Chrome/70.0.3538.77 Safari/537.36', '', 1, NULL, '2018-11-06 07:11:35', '2018-11-06 07:11:35'),
(64, 112, NULL, NULL, 'A', '103.60.211.166', 'Mozilla/5.0 (Windows NT 6.1) AppleWebKit/537.36 (KHTML, like Gecko) Chrome/70.0.3538.77 Safari/537.36', '', 1, NULL, '2018-11-06 07:13:54', '2018-11-06 07:13:54'),
(65, 119, NULL, NULL, 'A', '103.60.211.166', 'Mozilla/5.0 (Linux; Android 6.0.1; Redmi 3S) AppleWebKit/537.36 (KHTML, like Gecko) Chrome/70.0.3538.80 Mobile Safari/537.36', '', 1, NULL, '2018-11-06 08:16:38', '2018-11-06 08:16:38'),
(66, 112, NULL, NULL, 'A', '106.79.202.235', 'Mozilla/5.0 (Android 7.0; Mobile; rv:61.0) Gecko/61.0 Firefox/61.0', '', 1, NULL, '2018-11-07 10:24:01', '2018-11-07 10:24:01'),
(67, 116, NULL, NULL, 'A', '106.77.115.217', 'Mozilla/5.0 (Linux; Android 7.0; vivo 1713 Build/NRD90M; wv) AppleWebKit/537.36 (KHTML, like Gecko) Version/4.0 Chrome/62.0.3202.84 Mobile Safari/537.36 VivoBrowser/5.7.0.2', '', 1, NULL, '2018-11-08 02:57:02', '2018-11-08 02:57:02'),
(68, 118, NULL, NULL, 'A', '103.217.84.18', 'Mozilla/5.0 (Windows NT 6.1) AppleWebKit/537.36 (KHTML, like Gecko) Chrome/70.0.3538.102 Safari/537.36', '', 1, NULL, '2018-11-11 04:38:56', '2018-11-11 04:38:56'),
(69, 119, NULL, NULL, 'A', '49.34.68.230', 'Mozilla/5.0 (Linux; Android 7.1.2; Redmi Note 5 Build/N2G47H) AppleWebKit/537.36 (KHTML, like Gecko) Chrome/64.0.3282.137 Mobile Safari/537.36', '', 1, NULL, '2018-11-11 06:15:53', '2018-11-11 06:15:53'),
(70, 119, NULL, NULL, 'A', '42.108.221.198', 'Mozilla/5.0 (Linux; Android 7.1.1; MI MAX 2) AppleWebKit/537.36 (KHTML, like Gecko) Chrome/70.0.3538.80 Mobile Safari/537.36', '', 1, NULL, '2018-11-11 06:42:18', '2018-11-11 06:42:18'),
(71, 119, NULL, NULL, 'A', '49.34.119.114', 'Mozilla/5.0 (Linux; Android 6.0.1; Redmi 3S) AppleWebKit/537.36 (KHTML, like Gecko) Chrome/70.0.3538.80 Mobile Safari/537.36', '', 1, NULL, '2018-11-13 06:32:23', '2018-11-13 06:32:23'),
(72, 119, NULL, NULL, 'A', '49.34.95.207', 'Mozilla/5.0 (Linux; Android 6.0.1; Redmi 3S) AppleWebKit/537.36 (KHTML, like Gecko) Chrome/70.0.3538.80 Mobile Safari/537.36', '', 1, NULL, '2018-11-19 06:55:24', '2018-11-19 06:55:24'),
(73, 119, NULL, NULL, 'A', '45.126.145.62', 'Mozilla/5.0 (Linux; Android 6.0.1; Redmi 3S) AppleWebKit/537.36 (KHTML, like Gecko) Chrome/70.0.3538.110 Mobile Safari/537.36', '', 1, NULL, '2018-11-23 05:22:12', '2018-11-23 05:22:12'),
(74, 1, NULL, NULL, 'A', '103.251.59.200', 'Mozilla/5.0 (Windows NT 10.0; Win64; x64) AppleWebKit/537.36 (KHTML, like Gecko) Chrome/70.0.3538.102 Safari/537.36', '', 1, NULL, '2018-11-23 05:58:16', '2018-11-23 05:58:16'),
(75, 119, NULL, NULL, 'A', '45.126.144.163', 'Mozilla/5.0 (Linux; Android 6.0.1; Redmi 3S) AppleWebKit/537.36 (KHTML, like Gecko) Chrome/70.0.3538.110 Mobile Safari/537.36', '', 1, NULL, '2018-11-25 05:55:17', '2018-11-25 05:55:17'),
(76, 119, NULL, NULL, 'A', '103.60.211.124', 'Mozilla/5.0 (Windows NT 6.1) AppleWebKit/537.36 (KHTML, like Gecko) Chrome/70.0.3538.102 Safari/537.36', '', 1, NULL, '2018-11-26 11:30:37', '2018-11-26 11:30:37'),
(77, 113, NULL, NULL, 'A', '103.60.211.124', 'Mozilla/5.0 (Windows NT 6.1) AppleWebKit/537.36 (KHTML, like Gecko) Chrome/70.0.3538.102 Safari/537.36', '', 1, NULL, '2018-11-26 11:33:22', '2018-11-26 11:33:22'),
(78, 119, NULL, NULL, 'A', '106.77.138.112', 'Mozilla/5.0 (Android 7.0; Mobile; rv:62.0) Gecko/62.0 Firefox/62.0', '', 1, NULL, '2018-11-27 09:01:03', '2018-11-27 09:01:03'),
(79, 119, NULL, NULL, 'A', '123.201.225.152', 'Mozilla/5.0 (Android 7.0; Mobile; rv:62.0) Gecko/62.0 Firefox/62.0', '', 1, NULL, '2018-11-27 15:30:26', '2018-11-27 15:30:26'),
(80, 119, NULL, NULL, 'A', '123.201.225.152', 'Mozilla/5.0 (Linux; Android 7.0; vivo 1713) AppleWebKit/537.36 (KHTML, like Gecko) Chrome/70.0.3538.80 Mobile Safari/537.36', '', 1, NULL, '2018-11-27 15:31:02', '2018-11-27 15:31:02'),
(81, 1, NULL, NULL, 'A', '103.251.19.60', 'Mozilla/5.0 (Windows NT 10.0; Win64; x64) AppleWebKit/537.36 (KHTML, like Gecko) Chrome/70.0.3538.102 Safari/537.36', '', 1, NULL, '2018-11-28 10:01:07', '2018-11-28 10:01:07'),
(82, 1, NULL, NULL, 'A', '49.34.107.231', 'Mozilla/5.0 (Windows NT 6.1) AppleWebKit/537.36 (KHTML, like Gecko) Chrome/70.0.3538.102 Safari/537.36', '', 1, NULL, '2018-11-28 15:03:34', '2018-11-28 15:03:34'),
(83, 112, NULL, NULL, 'A', '49.34.107.231', 'Mozilla/5.0 (Windows NT 6.1) AppleWebKit/537.36 (KHTML, like Gecko) Chrome/70.0.3538.102 Safari/537.36', '', 1, NULL, '2018-11-28 15:06:28', '2018-11-28 15:06:28'),
(84, 112, NULL, NULL, 'A', '49.34.107.231', 'Mozilla/5.0 (Windows NT 6.1) AppleWebKit/537.36 (KHTML, like Gecko) Chrome/70.0.3538.102 Safari/537.36', '', 1, NULL, '2018-11-28 15:07:12', '2018-11-28 15:07:12'),
(85, 112, NULL, NULL, 'A', '49.34.107.231', 'Mozilla/5.0 (Windows NT 6.1) AppleWebKit/537.36 (KHTML, like Gecko) Chrome/70.0.3538.102 Safari/537.36', '', 1, NULL, '2018-11-28 15:07:27', '2018-11-28 15:07:27'),
(86, 112, NULL, NULL, 'A', '49.34.107.231', 'Mozilla/5.0 (Windows NT 6.1) AppleWebKit/537.36 (KHTML, like Gecko) Chrome/70.0.3538.102 Safari/537.36', '', 1, NULL, '2018-11-28 15:14:32', '2018-11-28 15:14:32'),
(87, 118, NULL, NULL, 'A', '103.217.84.18', 'Mozilla/5.0 (Windows NT 6.1) AppleWebKit/537.36 (KHTML, like Gecko) Chrome/70.0.3538.110 Safari/537.36', '', 1, NULL, '2018-11-29 12:55:28', '2018-11-29 12:55:28'),
(88, 112, NULL, NULL, 'A', '60.254.90.16', 'Mozilla/5.0 (Linux; Android 7.0; vivo 1713) AppleWebKit/537.36 (KHTML, like Gecko) Chrome/70.0.3538.110 Mobile Safari/537.36', '', 1, NULL, '2018-12-01 13:26:17', '2018-12-01 13:26:17'),
(89, 112, NULL, NULL, 'A', '60.254.90.16', 'Mozilla/5.0 (Windows NT 6.1) AppleWebKit/537.36 (KHTML, like Gecko) Chrome/70.0.3538.110 Safari/537.36', '', 1, NULL, '2018-12-01 13:28:57', '2018-12-01 13:28:57'),
(90, 119, NULL, NULL, 'A', '103.17.82.191', 'Mozilla/5.0 (Linux; Android 6.0.1; Redmi 3S) AppleWebKit/537.36 (KHTML, like Gecko) Chrome/70.0.3538.110 Mobile Safari/537.36', '', 1, NULL, '2018-12-02 08:16:52', '2018-12-02 08:16:52'),
(91, 119, NULL, NULL, 'A', '103.60.208.238', 'Mozilla/5.0 (Linux; Android 7.0; vivo 1713) AppleWebKit/537.36 (KHTML, like Gecko) Chrome/70.0.3538.110 Mobile Safari/537.36', '', 1, NULL, '2018-12-03 09:15:59', '2018-12-03 09:15:59'),
(92, 119, NULL, NULL, 'A', '116.72.20.167', 'Mozilla/5.0 (Windows NT 6.1) AppleWebKit/537.36 (KHTML, like Gecko) Chrome/70.0.3538.110 Safari/537.36', '', 1, NULL, '2018-12-04 05:29:35', '2018-12-04 05:29:35'),
(93, 112, NULL, NULL, 'A', '116.72.20.167', 'Mozilla/5.0 (Windows NT 6.1) AppleWebKit/537.36 (KHTML, like Gecko) Chrome/70.0.3538.110 Safari/537.36', '', 1, NULL, '2018-12-04 05:31:03', '2018-12-04 05:31:03'),
(94, 119, NULL, NULL, 'A', '116.72.33.187', 'Mozilla/5.0 (Linux; Android 6.0.1; Redmi 3S) AppleWebKit/537.36 (KHTML, like Gecko) Chrome/70.0.3538.110 Mobile Safari/537.36', '', 1, NULL, '2018-12-05 13:48:33', '2018-12-05 13:48:33'),
(95, 116, NULL, NULL, 'A', '116.72.33.187', 'Mozilla/5.0 (Windows NT 6.1; Win64; x64) AppleWebKit/537.36 (KHTML, like Gecko) Chrome/71.0.3578.80 Safari/537.36', '', 1, NULL, '2018-12-05 13:49:42', '2018-12-05 13:49:42'),
(96, 119, NULL, NULL, 'A', '103.60.210.132', 'Mozilla/5.0 (Windows NT 6.1) AppleWebKit/537.36 (KHTML, like Gecko) Chrome/70.0.3538.110 Safari/537.36', '', 1, NULL, '2018-12-06 08:26:30', '2018-12-06 08:26:30'),
(97, 116, NULL, NULL, 'A', '116.72.18.96', 'Mozilla/5.0 (Windows NT 6.1; Win64; x64) AppleWebKit/537.36 (KHTML, like Gecko) Chrome/71.0.3578.80 Safari/537.36', '', 1, NULL, '2018-12-07 05:40:46', '2018-12-07 05:40:46'),
(98, 119, NULL, NULL, 'A', '103.60.209.194', 'Mozilla/5.0 (Windows NT 6.1) AppleWebKit/537.36 (KHTML, like Gecko) Chrome/71.0.3578.80 Safari/537.36', '', 1, NULL, '2018-12-07 07:24:23', '2018-12-07 07:24:23'),
(99, 116, NULL, NULL, 'A', '106.76.94.56', 'Mozilla/5.0 (Linux; Android 7.1.2; Redmi 5A) AppleWebKit/537.36 (KHTML, like Gecko) Chrome/71.0.3578.83 Mobile Safari/537.36', '', 1, NULL, '2018-12-07 11:48:42', '2018-12-07 11:48:42'),
(100, 119, NULL, NULL, 'A', '103.60.208.67', 'Mozilla/5.0 (Windows NT 6.1) AppleWebKit/537.36 (KHTML, like Gecko) Chrome/71.0.3578.80 Safari/537.36', '', 1, NULL, '2018-12-11 07:51:46', '2018-12-11 07:51:46'),
(101, 119, NULL, NULL, 'A', '43.248.39.189', 'Mozilla/5.0 (Windows NT 6.1) AppleWebKit/537.36 (KHTML, like Gecko) Chrome/71.0.3578.98 Safari/537.36', '', 1, NULL, '2018-12-14 07:44:54', '2018-12-14 07:44:54'),
(102, 112, NULL, NULL, 'A', '116.72.1.193', 'Mozilla/5.0 (Windows NT 6.1; Win64; x64) AppleWebKit/537.36 (KHTML, like Gecko) Chrome/71.0.3578.98 Safari/537.36', '', 1, NULL, '2018-12-25 05:09:45', '2018-12-25 05:09:45'),
(103, 113, NULL, NULL, 'A', '116.72.1.193', 'Mozilla/5.0 (Windows NT 6.1; Win64; x64) AppleWebKit/537.36 (KHTML, like Gecko) Chrome/71.0.3578.98 Safari/537.36', '', 1, NULL, '2018-12-25 05:15:13', '2018-12-25 05:15:13'),
(104, 113, NULL, NULL, 'A', '116.72.1.193', 'Mozilla/5.0 (Windows NT 6.1; Win64; x64) AppleWebKit/537.36 (KHTML, like Gecko) Chrome/71.0.3578.98 Safari/537.36', '', 1, NULL, '2018-12-25 07:21:26', '2018-12-25 07:21:26'),
(105, 112, NULL, NULL, 'A', '116.72.1.193', 'Mozilla/5.0 (Windows NT 6.1; Win64; x64) AppleWebKit/537.36 (KHTML, like Gecko) Chrome/71.0.3578.98 Safari/537.36', '', 1, NULL, '2018-12-25 10:49:56', '2018-12-25 10:49:56'),
(106, 112, NULL, NULL, 'A', '116.72.36.238', 'Mozilla/5.0 (Windows NT 6.1; Win64; x64) AppleWebKit/537.36 (KHTML, like Gecko) Chrome/71.0.3578.98 Safari/537.36', '', 1, NULL, '2018-12-26 04:20:14', '2018-12-26 04:20:14'),
(107, 112, NULL, NULL, 'A', '116.72.36.238', 'Mozilla/5.0 (Windows NT 6.1; Win64; x64) AppleWebKit/537.36 (KHTML, like Gecko) Chrome/71.0.3578.98 Safari/537.36', '', 1, NULL, '2018-12-26 08:19:29', '2018-12-26 08:19:29'),
(108, 112, NULL, NULL, 'A', '103.60.208.171', 'Mozilla/5.0 (Windows NT 6.1) AppleWebKit/537.36 (KHTML, like Gecko) Chrome/71.0.3578.98 Safari/537.36', '', 1, NULL, '2018-12-27 05:04:13', '2018-12-27 05:04:13'),
(109, 112, NULL, NULL, 'A', '116.72.63.190', 'Mozilla/5.0 (Windows NT 6.1; Win64; x64) AppleWebKit/537.36 (KHTML, like Gecko) Chrome/71.0.3578.98 Safari/537.36', '', 1, NULL, '2018-12-27 12:20:55', '2018-12-27 12:20:55'),
(110, 112, NULL, NULL, 'A', '60.254.53.6', 'Mozilla/5.0 (Windows NT 6.1; Win64; x64) AppleWebKit/537.36 (KHTML, like Gecko) Chrome/71.0.3578.98 Safari/537.36', '', 1, NULL, '2018-12-28 07:17:11', '2018-12-28 07:17:11'),
(111, 113, NULL, NULL, 'A', '103.37.183.105', 'Mozilla/5.0 (Windows NT 6.1) AppleWebKit/537.36 (KHTML, like Gecko) Chrome/71.0.3578.98 Safari/537.36', '', 1, NULL, '2018-12-28 08:32:18', '2018-12-28 08:32:18'),
(112, 112, NULL, NULL, 'A', '60.254.53.6', 'Mozilla/5.0 (Windows NT 6.1; Win64; x64) AppleWebKit/537.36 (KHTML, like Gecko) Chrome/71.0.3578.98 Safari/537.36', '', 1, NULL, '2018-12-28 12:36:13', '2018-12-28 12:36:13'),
(113, 118, NULL, NULL, 'A', '103.217.84.18', 'Mozilla/5.0 (Windows NT 6.1) AppleWebKit/537.36 (KHTML, like Gecko) Chrome/71.0.3578.98 Safari/537.36', '', 1, NULL, '2018-12-28 13:34:39', '2018-12-28 13:34:39'),
(114, 113, NULL, NULL, 'A', '116.72.26.19', 'Mozilla/5.0 (Windows NT 6.1; Win64; x64) AppleWebKit/537.36 (KHTML, like Gecko) Chrome/71.0.3578.98 Safari/537.36', '', 1, NULL, '2018-12-29 08:55:56', '2018-12-29 08:55:56'),
(115, 112, NULL, NULL, 'A', '116.72.26.19', 'Mozilla/5.0 (Windows NT 6.1; Win64; x64) AppleWebKit/537.36 (KHTML, like Gecko) Chrome/71.0.3578.98 Safari/537.36', '', 1, NULL, '2018-12-29 09:15:04', '2018-12-29 09:15:04'),
(116, 116, NULL, NULL, 'A', '49.34.90.132', 'Mozilla/5.0 (Windows NT 10.0; Win64; x64) AppleWebKit/537.36 (KHTML, like Gecko) Chrome/71.0.3578.98 Safari/537.36', '', 1, NULL, '2018-12-30 06:38:08', '2018-12-30 06:38:08'),
(117, 112, NULL, NULL, 'A', '116.72.20.180', 'Mozilla/5.0 (Windows NT 6.1; Win64; x64) AppleWebKit/537.36 (KHTML, like Gecko) Chrome/71.0.3578.98 Safari/537.36', '', 1, NULL, '2018-12-30 07:45:09', '2018-12-30 07:45:09'),
(118, 112, NULL, NULL, 'A', '103.37.182.6', 'Mozilla/5.0 (Windows NT 6.1) AppleWebKit/537.36 (KHTML, like Gecko) Chrome/71.0.3578.98 Safari/537.36', '', 1, NULL, '2018-12-30 07:52:10', '2018-12-30 07:52:10'),
(119, 113, NULL, NULL, 'A', '103.37.181.27', 'Mozilla/5.0 (Windows NT 6.1) AppleWebKit/537.36 (KHTML, like Gecko) Chrome/71.0.3578.98 Safari/537.36', '', 1, NULL, '2018-12-30 10:40:42', '2018-12-30 10:40:42'),
(120, 112, NULL, NULL, 'A', '103.37.181.27', 'Mozilla/5.0 (Windows NT 6.1) AppleWebKit/537.36 (KHTML, like Gecko) Chrome/71.0.3578.98 Safari/537.36', '', 1, NULL, '2018-12-30 10:42:24', '2018-12-30 10:42:24'),
(121, 112, NULL, NULL, 'A', '116.74.118.152', 'Mozilla/5.0 (Windows NT 6.1; Win64; x64) AppleWebKit/537.36 (KHTML, like Gecko) Chrome/71.0.3578.98 Safari/537.36', '', 1, NULL, '2018-12-31 04:31:46', '2018-12-31 04:31:46'),
(122, 112, NULL, NULL, 'A', '60.254.94.125', 'Mozilla/5.0 (Windows NT 6.1; Win64; x64) AppleWebKit/537.36 (KHTML, like Gecko) Chrome/71.0.3578.98 Safari/537.36', '', 1, NULL, '2018-12-31 08:19:00', '2018-12-31 08:19:00'),
(123, 112, NULL, NULL, 'A', '60.254.94.125', 'Mozilla/5.0 (Windows NT 6.1; Win64; x64) AppleWebKit/537.36 (KHTML, like Gecko) Chrome/71.0.3578.98 Safari/537.36', '', 1, NULL, '2018-12-31 09:47:32', '2018-12-31 09:47:32'),
(124, 113, NULL, NULL, 'A', '43.248.39.111', 'Mozilla/5.0 (Windows NT 6.1) AppleWebKit/537.36 (KHTML, like Gecko) Chrome/71.0.3578.98 Safari/537.36', '', 1, NULL, '2018-12-31 10:36:06', '2018-12-31 10:36:06'),
(125, 112, NULL, NULL, 'A', '60.254.94.125', 'Mozilla/5.0 (Windows NT 6.1; Win64; x64) AppleWebKit/537.36 (KHTML, like Gecko) Chrome/71.0.3578.98 Safari/537.36', '', 1, NULL, '2018-12-31 10:43:58', '2018-12-31 10:43:58'),
(126, 129, NULL, NULL, 'A', '60.254.94.125', 'Mozilla/5.0 (Windows NT 6.1; Win64; x64) AppleWebKit/537.36 (KHTML, like Gecko) Chrome/71.0.3578.98 Safari/537.36', '', 1, NULL, '2018-12-31 10:45:56', '2018-12-31 10:45:56'),
(127, 112, NULL, NULL, 'A', '60.254.94.125', 'Mozilla/5.0 (Windows NT 6.1; Win64; x64) AppleWebKit/537.36 (KHTML, like Gecko) Chrome/71.0.3578.98 Safari/537.36', '', 1, NULL, '2018-12-31 10:48:36', '2018-12-31 10:48:36'),
(128, 112, NULL, NULL, 'A', '43.248.39.111', 'Mozilla/5.0 (Windows NT 6.1) AppleWebKit/537.36 (KHTML, like Gecko) Chrome/71.0.3578.98 Safari/537.36', '', 1, NULL, '2018-12-31 10:58:17', '2018-12-31 10:58:17'),
(129, 186, NULL, NULL, 'A', '116.73.197.246', 'Mozilla/5.0 (Windows NT 6.1; Win64; x64) AppleWebKit/537.36 (KHTML, like Gecko) Chrome/71.0.3578.98 Safari/537.36', '', 1, NULL, '2019-01-01 07:38:37', '2019-01-01 07:38:37'),
(130, 112, NULL, NULL, 'A', '116.73.197.246', 'Mozilla/5.0 (Windows NT 6.1; Win64; x64) AppleWebKit/537.36 (KHTML, like Gecko) Chrome/71.0.3578.98 Safari/537.36', '', 1, NULL, '2019-01-01 07:48:38', '2019-01-01 07:48:38'),
(131, 117, NULL, NULL, 'A', '116.73.197.246', 'Mozilla/5.0 (Windows NT 6.1; Win64; x64) AppleWebKit/537.36 (KHTML, like Gecko) Chrome/71.0.3578.98 Safari/537.36', '', 1, NULL, '2019-01-01 11:23:27', '2019-01-01 11:23:27'),
(132, 112, NULL, NULL, 'A', '116.73.197.246', 'Mozilla/5.0 (Windows NT 6.1; Win64; x64) AppleWebKit/537.36 (KHTML, like Gecko) Chrome/71.0.3578.98 Safari/537.36', '', 1, NULL, '2019-01-01 13:32:30', '2019-01-01 13:32:30'),
(133, 113, NULL, NULL, 'A', '106.77.88.86', 'Mozilla/5.0 (Linux; Android 8.1.0; Redmi Note 6 Pro) AppleWebKit/537.36 (KHTML, like Gecko) Chrome/71.0.3578.99 Mobile Safari/537.36', '', 1, NULL, '2019-01-01 17:31:55', '2019-01-01 17:31:55'),
(134, 116, NULL, NULL, 'A', '106.77.81.195', 'Mozilla/5.0 (Linux; Android 8.1.0; vivo 1802) AppleWebKit/537.36 (KHTML, like Gecko) Chrome/71.0.3578.98 Mobile Safari/537.36', '', 1, NULL, '2019-01-01 18:41:12', '2019-01-01 18:41:12'),
(135, 116, NULL, NULL, 'A', '106.77.136.98', 'Mozilla/5.0 (Linux; Android 8.1.0; Redmi Note 6 Pro) AppleWebKit/537.36 (KHTML, like Gecko) Chrome/71.0.3578.99 Mobile Safari/537.36', '', 1, NULL, '2019-01-02 09:00:31', '2019-01-02 09:00:31'),
(136, 112, NULL, NULL, 'A', '116.74.125.152', 'Mozilla/5.0 (Windows NT 6.1; Win64; x64) AppleWebKit/537.36 (KHTML, like Gecko) Chrome/71.0.3578.98 Safari/537.36', '', 1, NULL, '2019-01-02 11:49:30', '2019-01-02 11:49:30'),
(137, 185, NULL, NULL, 'A', '116.74.125.152', 'Mozilla/5.0 (Windows NT 6.1; Win64; x64) AppleWebKit/537.36 (KHTML, like Gecko) Chrome/71.0.3578.98 Safari/537.36', '', 1, NULL, '2019-01-02 11:50:37', '2019-01-02 11:50:37'),
(138, 175, NULL, NULL, 'A', '106.77.82.144', 'Mozilla/5.0 (Linux; Android 8.1.0; Redmi Note 6 Pro) AppleWebKit/537.36 (KHTML, like Gecko) Chrome/71.0.3578.99 Mobile Safari/537.36', '', 1, NULL, '2019-01-02 12:07:39', '2019-01-02 12:07:39'),
(139, 119, NULL, NULL, 'A', '106.77.82.144', 'Mozilla/5.0 (Linux; Android 8.1.0; Redmi Note 6 Pro) AppleWebKit/537.36 (KHTML, like Gecko) Chrome/71.0.3578.99 Mobile Safari/537.36', '', 1, NULL, '2019-01-02 12:09:42', '2019-01-02 12:09:42'),
(140, 112, NULL, NULL, 'A', '116.72.25.91', 'Mozilla/5.0 (Windows NT 6.1; Win64; x64) AppleWebKit/537.36 (KHTML, like Gecko) Chrome/71.0.3578.98 Safari/537.36', '', 1, NULL, '2019-01-03 05:19:23', '2019-01-03 05:19:23'),
(141, 119, NULL, NULL, 'A', '112.110.73.243', 'Mozilla/5.0 (Linux; Android 8.1.0; Redmi Note 6 Pro) AppleWebKit/537.36 (KHTML, like Gecko) Chrome/71.0.3578.99 Mobile Safari/537.36', '', 1, NULL, '2019-01-03 07:20:58', '2019-01-03 07:20:58'),
(142, 113, NULL, NULL, 'A', '45.126.145.72', 'Mozilla/5.0 (Windows NT 6.1) AppleWebKit/537.36 (KHTML, like Gecko) Chrome/71.0.3578.98 Safari/537.36', '', 1, NULL, '2019-01-03 08:15:21', '2019-01-03 08:15:21'),
(143, 112, NULL, NULL, 'A', '116.72.25.91', 'Mozilla/5.0 (Windows NT 6.1; Win64; x64) AppleWebKit/537.36 (KHTML, like Gecko) Chrome/71.0.3578.98 Safari/537.36', '', 1, NULL, '2019-01-03 14:18:27', '2019-01-03 14:18:27'),
(144, 112, NULL, NULL, 'A', '42.108.220.98', 'Mozilla/5.0 (Linux; Android 7.1.1; MI MAX 2) AppleWebKit/537.36 (KHTML, like Gecko) Chrome/71.0.3578.99 Mobile Safari/537.36', '', 1, NULL, '2019-01-04 06:26:34', '2019-01-04 06:26:34'),
(145, 174, NULL, NULL, 'A', '106.213.215.109', 'Mozilla/5.0 (Linux; Android 7.0; SM-G615F) AppleWebKit/537.36 (KHTML, like Gecko) Chrome/71.0.3578.98 Mobile Safari/537.36', '', 1, NULL, '2019-01-04 06:28:18', '2019-01-04 06:28:18'),
(146, 112, NULL, NULL, 'A', '116.72.47.53', 'Mozilla/5.0 (Windows NT 6.1; Win64; x64) AppleWebKit/537.36 (KHTML, like Gecko) Chrome/71.0.3578.98 Safari/537.36', '', 1, NULL, '2019-01-04 07:30:47', '2019-01-04 07:30:47'),
(147, 174, NULL, NULL, 'A', '27.63.55.16', 'Mozilla/5.0 (Linux; Android 7.0; SM-G615F) AppleWebKit/537.36 (KHTML, like Gecko) Chrome/71.0.3578.98 Mobile Safari/537.36', '', 1, NULL, '2019-01-04 11:05:34', '2019-01-04 11:05:34'),
(148, 112, NULL, NULL, 'A', '116.72.47.53', 'Mozilla/5.0 (Windows NT 6.1; Win64; x64) AppleWebKit/537.36 (KHTML, like Gecko) Chrome/71.0.3578.98 Safari/537.36', '', 1, NULL, '2019-01-04 11:40:00', '2019-01-04 11:40:00'),
(149, 207, NULL, NULL, 'A', '116.72.47.53', 'Mozilla/5.0 (Windows NT 6.1; Win64; x64) AppleWebKit/537.36 (KHTML, like Gecko) Chrome/71.0.3578.98 Safari/537.36', '', 1, NULL, '2019-01-04 12:11:16', '2019-01-04 12:11:16'),
(150, 112, NULL, NULL, 'A', '116.72.47.53', 'Mozilla/5.0 (Windows NT 6.1; Win64; x64) AppleWebKit/537.36 (KHTML, like Gecko) Chrome/71.0.3578.98 Safari/537.36', '', 1, NULL, '2019-01-04 12:13:49', '2019-01-04 12:13:49'),
(151, 112, NULL, NULL, 'A', '116.72.47.53', 'Mozilla/5.0 (Windows NT 6.1; Win64; x64) AppleWebKit/537.36 (KHTML, like Gecko) Chrome/71.0.3578.98 Safari/537.36', '', 1, NULL, '2019-01-04 13:38:59', '2019-01-04 13:38:59'),
(152, 112, NULL, NULL, 'A', '116.73.197.174', 'Mozilla/5.0 (Windows NT 6.1; Win64; x64) AppleWebKit/537.36 (KHTML, like Gecko) Chrome/71.0.3578.98 Safari/537.36', '', 1, NULL, '2019-01-05 04:57:49', '2019-01-05 04:57:49'),
(153, 119, NULL, NULL, 'A', '45.126.145.112', 'Mozilla/5.0 (Linux; Android 6.0.1; Redmi 3S) AppleWebKit/537.36 (KHTML, like Gecko) Chrome/71.0.3578.99 Mobile Safari/537.36', '', 1, NULL, '2019-01-05 05:42:43', '2019-01-05 05:42:43'),
(154, 118, NULL, NULL, 'A', '103.217.84.18', 'Mozilla/5.0 (Windows NT 6.1) AppleWebKit/537.36 (KHTML, like Gecko) Chrome/71.0.3578.98 Safari/537.36', '', 1, NULL, '2019-01-05 05:59:44', '2019-01-05 05:59:44'),
(155, 118, NULL, NULL, 'A', '103.217.84.18', 'Mozilla/5.0 (Windows NT 6.1) AppleWebKit/537.36 (KHTML, like Gecko) Chrome/71.0.3578.98 Safari/537.36', '', 1, NULL, '2019-01-05 08:41:41', '2019-01-05 08:41:41'),
(156, 113, NULL, NULL, 'A', '103.217.84.18', 'Mozilla/5.0 (Windows NT 6.1) AppleWebKit/537.36 (KHTML, like Gecko) Chrome/71.0.3578.98 Safari/537.36', '', 1, NULL, '2019-01-05 08:43:49', '2019-01-05 08:43:49'),
(157, 127, NULL, NULL, 'A', '103.217.84.18', 'Mozilla/5.0 (Windows NT 6.1) AppleWebKit/537.36 (KHTML, like Gecko) Chrome/71.0.3578.98 Safari/537.36', '', 1, NULL, '2019-01-05 08:50:45', '2019-01-05 08:50:45'),
(158, 112, NULL, NULL, 'A', '116.74.110.132', 'Mozilla/5.0 (Windows NT 6.1; Win64; x64) AppleWebKit/537.36 (KHTML, like Gecko) Chrome/71.0.3578.98 Safari/537.36', '', 1, NULL, '2019-01-06 04:32:42', '2019-01-06 04:32:42'),
(159, 112, NULL, NULL, 'A', '116.74.110.132', 'Mozilla/5.0 (Windows NT 6.1; Win64; x64) AppleWebKit/537.36 (KHTML, like Gecko) Chrome/71.0.3578.98 Safari/537.36', '', 1, NULL, '2019-01-06 05:04:34', '2019-01-06 05:04:34'),
(160, 112, NULL, NULL, 'A', '116.74.110.132', 'Mozilla/5.0 (Windows NT 6.1; Win64; x64) AppleWebKit/537.36 (KHTML, like Gecko) Chrome/71.0.3578.98 Safari/537.36', '', 1, NULL, '2019-01-06 05:10:35', '2019-01-06 05:10:35'),
(161, 119, NULL, NULL, 'A', '106.77.122.183', 'Mozilla/5.0 (Linux; Android 8.1.0; Redmi Note 6 Pro) AppleWebKit/537.36 (KHTML, like Gecko) Chrome/71.0.3578.99 Mobile Safari/537.36', '', 1, NULL, '2019-01-06 05:25:21', '2019-01-06 05:25:21'),
(162, 113, NULL, NULL, 'A', '116.74.110.132', 'Mozilla/5.0 (Linux; Android 8.1.0; Redmi Note 6 Pro) AppleWebKit/537.36 (KHTML, like Gecko) Chrome/71.0.3578.99 Mobile Safari/537.36', '', 1, NULL, '2019-01-06 05:53:53', '2019-01-06 05:53:53'),
(163, 119, NULL, NULL, 'A', '116.74.110.132', 'Mozilla/5.0 (Linux; Android 8.1.0; Redmi Note 6 Pro) AppleWebKit/537.36 (KHTML, like Gecko) Chrome/71.0.3578.99 Mobile Safari/537.36', '', 1, NULL, '2019-01-06 06:19:35', '2019-01-06 06:19:35'),
(164, 116, NULL, NULL, 'A', '219.91.239.146', 'Mozilla/5.0 (Linux; Android 7.1.2; Redmi 5A) AppleWebKit/537.36 (KHTML, like Gecko) Chrome/71.0.3578.99 Mobile Safari/537.36', '', 1, NULL, '2019-01-06 20:48:00', '2019-01-06 20:48:00'),
(165, 174, NULL, NULL, 'A', '106.213.150.113', 'Mozilla/5.0 (Linux; Android 7.0; SM-G615F) AppleWebKit/537.36 (KHTML, like Gecko) Chrome/71.0.3578.98 Mobile Safari/537.36', '', 1, NULL, '2019-01-07 06:36:25', '2019-01-07 06:36:25'),
(166, 112, NULL, NULL, 'A', '116.74.110.132', 'Mozilla/5.0 (Windows NT 6.1; Win64; x64) AppleWebKit/537.36 (KHTML, like Gecko) Chrome/71.0.3578.98 Safari/537.36', '', 1, NULL, '2019-01-07 06:57:18', '2019-01-07 06:57:18'),
(167, 112, NULL, NULL, 'A', '116.74.110.132', 'Mozilla/5.0 (Windows NT 6.1; Win64; x64) AppleWebKit/537.36 (KHTML, like Gecko) Chrome/71.0.3578.98 Safari/537.36', '', 1, NULL, '2019-01-07 08:37:38', '2019-01-07 08:37:38'),
(168, 112, NULL, NULL, 'A', '116.74.110.146', 'Mozilla/5.0 (Windows NT 6.1; Win64; x64) AppleWebKit/537.36 (KHTML, like Gecko) Chrome/71.0.3578.98 Safari/537.36', '', 1, NULL, '2019-01-08 06:33:20', '2019-01-08 06:33:20'),
(169, 112, NULL, NULL, 'A', '103.60.209.117', 'Mozilla/5.0 (Windows NT 6.1) AppleWebKit/537.36 (KHTML, like Gecko) Chrome/71.0.3578.98 Safari/537.36', '', 1, NULL, '2019-01-08 07:29:46', '2019-01-08 07:29:46'),
(170, 119, NULL, NULL, 'A', '103.60.209.117', 'Mozilla/5.0 (Windows NT 6.1) AppleWebKit/537.36 (KHTML, like Gecko) Chrome/71.0.3578.98 Safari/537.36', '', 1, NULL, '2019-01-08 07:37:01', '2019-01-08 07:37:01'),
(171, 112, NULL, NULL, 'A', '116.74.110.146', 'Mozilla/5.0 (Windows NT 6.1; Win64; x64) AppleWebKit/537.36 (KHTML, like Gecko) Chrome/71.0.3578.98 Safari/537.36', '', 1, NULL, '2019-01-08 08:27:32', '2019-01-08 08:27:32'),
(172, 112, NULL, NULL, 'A', '60.254.90.54', 'Mozilla/5.0 (Windows NT 6.1; Win64; x64) AppleWebKit/537.36 (KHTML, like Gecko) Chrome/71.0.3578.98 Safari/537.36', '', 1, NULL, '2019-01-09 03:55:59', '2019-01-09 03:55:59'),
(173, 112, NULL, NULL, 'A', '60.254.90.54', 'Mozilla/5.0 (Windows NT 6.1; Win64; x64) AppleWebKit/537.36 (KHTML, like Gecko) Chrome/71.0.3578.98 Safari/537.36', '', 1, NULL, '2019-01-09 04:36:43', '2019-01-09 04:36:43'),
(174, 119, NULL, NULL, 'A', '139.5.22.65', 'Mozilla/5.0 (Windows NT 6.1) AppleWebKit/537.36 (KHTML, like Gecko) Chrome/71.0.3578.98 Safari/537.36', '', 1, NULL, '2019-01-09 06:54:19', '2019-01-09 06:54:19'),
(175, 112, NULL, NULL, 'A', '60.254.90.54', 'Mozilla/5.0 (Windows NT 6.1; Win64; x64) AppleWebKit/537.36 (KHTML, like Gecko) Chrome/71.0.3578.98 Safari/537.36', '', 1, NULL, '2019-01-09 10:30:30', '2019-01-09 10:30:30'),
(176, 119, NULL, NULL, 'A', '42.108.205.237', 'Mozilla/5.0 (Linux; U; Android 7.1.2; gu-in; Redmi 4 Build/N2G47H) AppleWebKit/537.36 (KHTML, like Gecko) Version/4.0 Chrome/61.0.3163.128 Mobile Safari/537.36 XiaoMi/MiuiBrowser/10.3.6-g', '', 1, NULL, '2019-01-09 11:07:37', '2019-01-09 11:07:37'),
(177, 282, NULL, NULL, 'A', '60.254.90.54', 'Mozilla/5.0 (Windows NT 6.1; Win64; x64) AppleWebKit/537.36 (KHTML, like Gecko) Chrome/71.0.3578.98 Safari/537.36', '', 1, NULL, '2019-01-09 12:10:18', '2019-01-09 12:10:18'),
(178, 268, NULL, NULL, 'A', '60.254.90.54', 'Mozilla/5.0 (Linux; Android 7.1.1; CPH1725) AppleWebKit/537.36 (KHTML, like Gecko) Chrome/71.0.3578.99 Mobile Safari/537.36', '', 1, NULL, '2019-01-09 12:12:12', '2019-01-09 12:12:12'),
(179, 112, NULL, NULL, 'A', '116.74.115.6', 'Mozilla/5.0 (Windows NT 6.1; Win64; x64) AppleWebKit/537.36 (KHTML, like Gecko) Chrome/71.0.3578.98 Safari/537.36', '', 1, NULL, '2019-01-10 03:46:13', '2019-01-10 03:46:13'),
(180, 268, NULL, NULL, 'A', '42.108.205.254', 'Mozilla/5.0 (Linux; Android 7.1.1; CPH1725) AppleWebKit/537.36 (KHTML, like Gecko) Chrome/71.0.3578.99 Mobile Safari/537.36', '', 1, NULL, '2019-01-10 16:01:01', '2019-01-10 16:01:01'),
(181, 118, NULL, NULL, 'A', '103.217.84.18', 'Mozilla/5.0 (Windows NT 6.1) AppleWebKit/537.36 (KHTML, like Gecko) Chrome/71.0.3578.98 Safari/537.36', '', 1, NULL, '2019-01-11 04:19:55', '2019-01-11 04:19:55'),
(182, 113, NULL, NULL, 'A', '116.72.26.205', 'Mozilla/5.0 (Windows NT 6.1; Win64; x64) AppleWebKit/537.36 (KHTML, like Gecko) Chrome/71.0.3578.98 Safari/537.36', '', 1, NULL, '2019-01-11 04:38:56', '2019-01-11 04:38:56'),
(183, 113, NULL, NULL, 'A', '106.79.215.166', 'Mozilla/5.0 (Linux; Android 8.1.0; Redmi Note 6 Pro) AppleWebKit/537.36 (KHTML, like Gecko) Chrome/71.0.3578.99 Mobile Safari/537.36', '', 1, NULL, '2019-01-11 07:51:31', '2019-01-11 07:51:31'),
(184, 208, NULL, NULL, 'A', '106.79.223.167', 'Mozilla/5.0 (Linux; Android 8.1.0; Redmi Note 6 Pro) AppleWebKit/537.36 (KHTML, like Gecko) Chrome/71.0.3578.99 Mobile Safari/537.36', '', 1, NULL, '2019-01-11 07:54:25', '2019-01-11 07:54:25'),
(185, 112, NULL, NULL, 'A', '116.72.26.205', 'Mozilla/5.0 (Windows NT 6.1; Win64; x64) AppleWebKit/537.36 (KHTML, like Gecko) Chrome/71.0.3578.98 Safari/537.36', '', 1, NULL, '2019-01-11 10:00:28', '2019-01-11 10:00:28'),
(186, 112, NULL, NULL, 'A', '116.72.26.205', 'Mozilla/5.0 (Windows NT 6.1; Win64; x64) AppleWebKit/537.36 (KHTML, like Gecko) Chrome/71.0.3578.98 Safari/537.36', '', 1, NULL, '2019-01-11 12:08:53', '2019-01-11 12:08:53'),
(187, 112, NULL, NULL, 'A', '60.254.90.50', 'Mozilla/5.0 (Windows NT 6.1; Win64; x64) AppleWebKit/537.36 (KHTML, like Gecko) Chrome/71.0.3578.98 Safari/537.36', '', 1, NULL, '2019-01-12 06:52:56', '2019-01-12 06:52:56'),
(188, 113, NULL, NULL, 'A', '106.77.157.161', 'Mozilla/5.0 (Linux; Android 8.1.0; Redmi Note 6 Pro) AppleWebKit/537.36 (KHTML, like Gecko) Chrome/71.0.3578.99 Mobile Safari/537.36', '', 1, NULL, '2019-01-12 11:58:16', '2019-01-12 11:58:16'),
(189, 112, NULL, NULL, 'A', '116.72.53.168', 'Mozilla/5.0 (Windows NT 6.1; Win64; x64) AppleWebKit/537.36 (KHTML, like Gecko) Chrome/71.0.3578.98 Safari/537.36', '', 1, NULL, '2019-01-13 04:07:42', '2019-01-13 04:07:42'),
(190, 119, NULL, NULL, 'A', '112.110.72.187', 'Mozilla/5.0 (Linux; Android 8.1.0; Redmi Note 6 Pro) AppleWebKit/537.36 (KHTML, like Gecko) Chrome/71.0.3578.99 Mobile Safari/537.36', '', 1, NULL, '2019-01-15 06:40:33', '2019-01-15 06:40:33'),
(191, 116, NULL, NULL, 'A', '112.110.72.187', 'Mozilla/5.0 (Linux; Android 8.1.0; Redmi Note 6 Pro) AppleWebKit/537.36 (KHTML, like Gecko) Chrome/71.0.3578.99 Mobile Safari/537.36', '', 1, NULL, '2019-01-15 06:41:50', '2019-01-15 06:41:50'),
(192, 113, NULL, NULL, 'A', '103.17.82.111', 'Mozilla/5.0 (Windows NT 6.1) AppleWebKit/537.36 (KHTML, like Gecko) Chrome/71.0.3578.98 Safari/537.36', '', 1, NULL, '2019-01-15 07:38:10', '2019-01-15 07:38:10'),
(193, 112, NULL, NULL, 'A', '116.74.110.101', 'Mozilla/5.0 (Windows NT 6.1; Win64; x64) AppleWebKit/537.36 (KHTML, like Gecko) Chrome/71.0.3578.98 Safari/537.36', '', 1, NULL, '2019-01-16 06:22:33', '2019-01-16 06:22:33'),
(194, 112, NULL, NULL, 'A', '116.74.110.101', 'Mozilla/5.0 (Windows NT 6.1; Win64; x64) AppleWebKit/537.36 (KHTML, like Gecko) Chrome/71.0.3578.98 Safari/537.36', '', 1, NULL, '2019-01-16 06:26:48', '2019-01-16 06:26:48'),
(195, 112, NULL, NULL, 'A', '116.74.110.101', 'Mozilla/5.0 (Windows NT 6.1; Win64; x64) AppleWebKit/537.36 (KHTML, like Gecko) Chrome/71.0.3578.98 Safari/537.36', '', 1, NULL, '2019-01-16 09:43:46', '2019-01-16 09:43:46'),
(196, 116, NULL, NULL, 'A', '113.193.196.17', 'Mozilla/5.0 (Windows NT 6.1) AppleWebKit/537.36 (KHTML, like Gecko) Chrome/71.0.3578.98 Safari/537.36', '', 1, NULL, '2019-01-16 13:25:19', '2019-01-16 13:25:19'),
(197, 112, NULL, NULL, 'A', '116.73.213.186', 'Mozilla/5.0 (Windows NT 6.1; Win64; x64) AppleWebKit/537.36 (KHTML, like Gecko) Chrome/71.0.3578.98 Safari/537.36', '', 1, NULL, '2019-01-18 08:58:14', '2019-01-18 08:58:14'),
(198, 112, NULL, NULL, 'A', '116.72.49.15', 'Mozilla/5.0 (Windows NT 6.1; Win64; x64) AppleWebKit/537.36 (KHTML, like Gecko) Chrome/71.0.3578.98 Safari/537.36', '', 1, NULL, '2019-01-19 05:05:17', '2019-01-19 05:05:17'),
(199, 112, NULL, NULL, 'A', '116.72.49.15', 'Mozilla/5.0 (Windows NT 6.1; Win64; x64) AppleWebKit/537.36 (KHTML, like Gecko) Chrome/71.0.3578.98 Safari/537.36', '', 1, NULL, '2019-01-19 09:07:11', '2019-01-19 09:07:11'),
(200, 175, NULL, NULL, 'A', '106.77.140.224', 'Mozilla/5.0 (Linux; Android 8.1.0; Redmi Note 6 Pro) AppleWebKit/537.36 (KHTML, like Gecko) Chrome/71.0.3578.99 Mobile Safari/537.36', '', 1, NULL, '2019-01-19 13:37:22', '2019-01-19 13:37:22'),
(201, 116, NULL, NULL, 'A', '106.77.140.224', 'Mozilla/5.0 (Linux; Android 8.1.0; Redmi Note 6 Pro) AppleWebKit/537.36 (KHTML, like Gecko) Chrome/71.0.3578.99 Mobile Safari/537.36', '', 1, NULL, '2019-01-19 14:28:37', '2019-01-19 14:28:37'),
(202, 268, NULL, NULL, 'A', '42.108.205.16', 'Mozilla/5.0 (Linux; Android 7.1.1; CPH1725) AppleWebKit/537.36 (KHTML, like Gecko) Chrome/71.0.3578.99 Mobile Safari/537.36', '', 1, NULL, '2019-01-20 17:49:14', '2019-01-20 17:49:14'),
(203, 112, NULL, NULL, 'A', '42.108.205.16', 'Mozilla/5.0 (Linux; Android 7.1.1; CPH1725) AppleWebKit/537.36 (KHTML, like Gecko) Chrome/71.0.3578.99 Mobile Safari/537.36', '', 1, NULL, '2019-01-20 17:50:30', '2019-01-20 17:50:30'),
(204, 116, NULL, NULL, 'A', '219.91.237.238', 'Mozilla/5.0 (Linux; Android 8.1.0; Redmi Note 6 Pro) AppleWebKit/537.36 (KHTML, like Gecko) Chrome/71.0.3578.99 Mobile Safari/537.36', '', 1, NULL, '2019-01-20 18:42:40', '2019-01-20 18:42:40'),
(205, 113, NULL, NULL, 'A', '103.17.83.32', 'Mozilla/5.0 (Windows NT 6.1) AppleWebKit/537.36 (KHTML, like Gecko) Chrome/71.0.3578.98 Safari/537.36', '', 1, NULL, '2019-01-21 09:53:41', '2019-01-21 09:53:41'),
(206, 117, NULL, NULL, 'A', '116.72.54.128', 'Mozilla/5.0 (Windows NT 6.1; Win64; x64) AppleWebKit/537.36 (KHTML, like Gecko) Chrome/71.0.3578.98 Safari/537.36', '', 1, NULL, '2019-01-21 14:01:35', '2019-01-21 14:01:35'),
(207, 118, NULL, NULL, 'A', '103.217.84.18', 'Mozilla/5.0 (Windows NT 6.1) AppleWebKit/537.36 (KHTML, like Gecko) Chrome/71.0.3578.98 Safari/537.36', '', 1, NULL, '2019-01-22 03:58:55', '2019-01-22 03:58:55'),
(208, 117, NULL, NULL, 'A', '116.73.217.46', 'Mozilla/5.0 (Windows NT 6.1; Win64; x64) AppleWebKit/537.36 (KHTML, like Gecko) Chrome/71.0.3578.98 Safari/537.36', '', 1, NULL, '2019-01-22 04:54:34', '2019-01-22 04:54:34'),
(209, 113, NULL, NULL, 'A', '139.5.20.57', 'Mozilla/5.0 (Windows NT 6.1) AppleWebKit/537.36 (KHTML, like Gecko) Chrome/71.0.3578.98 Safari/537.36', '', 1, NULL, '2019-01-22 08:51:38', '2019-01-22 08:51:38'),
(210, 112, NULL, NULL, 'A', '116.73.217.46', 'Mozilla/5.0 (Windows NT 6.1; Win64; x64) AppleWebKit/537.36 (KHTML, like Gecko) Chrome/71.0.3578.98 Safari/537.36', '', 1, NULL, '2019-01-22 11:10:13', '2019-01-22 11:10:13'),
(211, 113, NULL, NULL, 'A', '139.5.23.143', 'Mozilla/5.0 (Windows NT 6.1) AppleWebKit/537.36 (KHTML, like Gecko) Chrome/71.0.3578.98 Safari/537.36', '', 1, NULL, '2019-01-23 10:32:35', '2019-01-23 10:32:35'),
(212, 290, NULL, NULL, 'A', '49.34.97.177', 'Mozilla/5.0 (Linux; Android 8.0.0; SM-J720F) AppleWebKit/537.36 (KHTML, like Gecko) Chrome/71.0.3578.98 Mobile Safari/537.36', '', 1, NULL, '2019-01-23 10:36:41', '2019-01-23 10:36:41'),
(213, 112, NULL, NULL, 'A', '116.73.209.23', 'Mozilla/5.0 (Windows NT 6.1; Win64; x64) AppleWebKit/537.36 (KHTML, like Gecko) Chrome/71.0.3578.98 Safari/537.36', '', 1, NULL, '2019-01-23 10:39:26', '2019-01-23 10:39:26'),
(214, 112, NULL, NULL, 'A', '116.74.127.225', 'Mozilla/5.0 (Windows NT 6.1; Win64; x64) AppleWebKit/537.36 (KHTML, like Gecko) Chrome/71.0.3578.98 Safari/537.36', '', 1, NULL, '2019-01-24 04:16:14', '2019-01-24 04:16:14'),
(215, 112, NULL, NULL, 'A', '116.74.127.225', 'Mozilla/5.0 (Windows NT 6.1; Win64; x64) AppleWebKit/537.36 (KHTML, like Gecko) Chrome/71.0.3578.98 Safari/537.36', '', 1, NULL, '2019-01-24 09:44:06', '2019-01-24 09:44:06'),
(216, 119, NULL, NULL, 'A', '103.60.211.126', 'Mozilla/5.0 (Linux; Android 6.0.1; Redmi 3S) AppleWebKit/537.36 (KHTML, like Gecko) Chrome/71.0.3578.99 Mobile Safari/537.36', '', 1, NULL, '2019-01-25 13:09:54', '2019-01-25 13:09:54'),
(217, 112, NULL, NULL, 'A', '116.72.42.73', 'Mozilla/5.0 (Windows NT 6.1; Win64; x64) AppleWebKit/537.36 (KHTML, like Gecko) Chrome/71.0.3578.98 Safari/537.36', '', 1, NULL, '2019-01-26 03:47:13', '2019-01-26 03:47:13'),
(218, 321, NULL, NULL, 'A', '116.72.42.73', 'Mozilla/5.0 (Windows NT 6.1; Win64; x64) AppleWebKit/537.36 (KHTML, like Gecko) Chrome/71.0.3578.98 Safari/537.36', '', 1, NULL, '2019-01-26 14:58:10', '2019-01-26 14:58:10'),
(219, 116, NULL, NULL, 'A', '106.77.91.158', 'Mozilla/5.0 (Linux; Android 8.1.0; Redmi Note 6 Pro) AppleWebKit/537.36 (KHTML, like Gecko) Chrome/71.0.3578.99 Mobile Safari/537.36', '', 1, NULL, '2019-01-27 12:13:28', '2019-01-27 12:13:28'),
(220, 117, NULL, NULL, 'A', '116.72.52.203', 'Mozilla/5.0 (Windows NT 6.1; Win64; x64) AppleWebKit/537.36 (KHTML, like Gecko) Chrome/71.0.3578.98 Safari/537.36', '', 1, NULL, '2019-01-28 04:43:51', '2019-01-28 04:43:51'),
(221, 116, NULL, NULL, 'A', '49.33.255.77', 'Mozilla/5.0 (Linux; Android 7.1.1; CPH1729) AppleWebKit/537.36 (KHTML, like Gecko) Chrome/70.0.3538.80 Mobile Safari/537.36', '', 1, NULL, '2019-01-29 15:32:50', '2019-01-29 15:32:50'),
(222, 112, NULL, NULL, 'A', '116.74.117.236', 'Mozilla/5.0 (Windows NT 6.1; Win64; x64) AppleWebKit/537.36 (KHTML, like Gecko) Chrome/71.0.3578.98 Safari/537.36', '', 1, NULL, '2019-01-31 05:16:29', '2019-01-31 05:16:29'),
(223, 290, NULL, NULL, 'A', '49.34.115.107', 'Mozilla/5.0 (Linux; Android 8.0.0; SM-J720F) AppleWebKit/537.36 (KHTML, like Gecko) Chrome/71.0.3578.98 Mobile Safari/537.36', '', 1, NULL, '2019-02-02 07:49:48', '2019-02-02 07:49:48'),
(224, 290, NULL, NULL, 'A', '49.34.115.107', 'Mozilla/5.0 (Linux; Android 8.0.0; SM-J720F) AppleWebKit/537.36 (KHTML, like Gecko) Chrome/71.0.3578.98 Mobile Safari/537.36', '', 1, NULL, '2019-02-02 07:53:05', '2019-02-02 07:53:05'),
(225, 112, NULL, NULL, 'A', '116.74.126.225', 'Mozilla/5.0 (Windows NT 6.1; Win64; x64) AppleWebKit/537.36 (KHTML, like Gecko) Chrome/71.0.3578.98 Safari/537.36', '', 1, NULL, '2019-02-02 12:11:05', '2019-02-02 12:11:05'),
(226, 113, NULL, NULL, 'A', '103.17.81.189', 'Mozilla/5.0 (Windows NT 6.1) AppleWebKit/537.36 (KHTML, like Gecko) Chrome/71.0.3578.98 Safari/537.36', '', 1, NULL, '2019-02-03 15:36:01', '2019-02-03 15:36:01');
INSERT INTO `login_ip` (`login_ip_id`, `cust_admin_user_id`, `sessions_id`, `session_id`, `li_user_type`, `li_ip`, `li_user_agent`, `li_user_device`, `li_relevancy_level`, `li_original_user_response`, `li_created_time`, `li_modified_time`) VALUES
(227, 116, NULL, NULL, 'A', '106.77.141.219', 'Mozilla/5.0 (Linux; Android 7.1.1; MI MAX 2) AppleWebKit/537.36 (KHTML, like Gecko) Chrome/71.0.3578.99 Mobile Safari/537.36', '', 1, NULL, '2019-02-04 03:55:22', '2019-02-04 03:55:22'),
(228, 118, NULL, NULL, 'A', '103.217.84.18', 'Mozilla/5.0 (Windows NT 6.1) AppleWebKit/537.36 (KHTML, like Gecko) Chrome/71.0.3578.98 Safari/537.36', '', 1, NULL, '2019-02-05 12:37:43', '2019-02-05 12:37:43'),
(229, 1, NULL, NULL, 'A', '49.34.107.175', 'Mozilla/5.0 (Windows NT 6.1; WOW64) AppleWebKit/537.36 (KHTML, like Gecko) Chrome/72.0.3626.81 Safari/537.36', '', 1, NULL, '2019-02-05 14:10:19', '2019-02-05 14:10:19'),
(230, 1, NULL, NULL, 'A', '49.34.107.175', 'Mozilla/5.0 (Windows NT 6.1; WOW64) AppleWebKit/537.36 (KHTML, like Gecko) Chrome/72.0.3626.81 Safari/537.36', '', 1, NULL, '2019-02-05 14:10:41', '2019-02-05 14:10:41'),
(231, 1, NULL, NULL, 'A', '49.34.191.13', 'Mozilla/5.0 (Windows NT 6.1; WOW64) AppleWebKit/537.36 (KHTML, like Gecko) Chrome/72.0.3626.81 Safari/537.36', '', 1, NULL, '2019-02-06 03:07:49', '2019-02-06 03:07:49'),
(232, 1, NULL, NULL, 'A', '49.34.191.13', 'Mozilla/5.0 (Windows NT 6.1; WOW64) AppleWebKit/537.36 (KHTML, like Gecko) Chrome/72.0.3626.81 Safari/537.36', '', 1, NULL, '2019-02-06 03:42:30', '2019-02-06 03:42:30'),
(233, 119, NULL, NULL, 'A', '43.248.36.26', 'Mozilla/5.0 (Windows NT 6.1) AppleWebKit/537.36 (KHTML, like Gecko) Chrome/71.0.3578.98 Safari/537.36', '', 1, NULL, '2019-02-07 06:55:21', '2019-02-07 06:55:21'),
(234, 113, NULL, NULL, 'A', '43.248.36.26', 'Mozilla/5.0 (Windows NT 6.1) AppleWebKit/537.36 (KHTML, like Gecko) Chrome/71.0.3578.98 Safari/537.36', '', 1, NULL, '2019-02-07 06:56:26', '2019-02-07 06:56:26'),
(235, 113, NULL, NULL, 'A', '43.248.36.26', 'Mozilla/5.0 (Windows NT 6.1) AppleWebKit/537.36 (KHTML, like Gecko) Chrome/71.0.3578.98 Safari/537.36', '', 1, NULL, '2019-02-07 06:58:54', '2019-02-07 06:58:54'),
(236, 112, NULL, NULL, 'A', '43.248.36.26', 'Mozilla/5.0 (Windows NT 6.1) AppleWebKit/537.36 (KHTML, like Gecko) Chrome/71.0.3578.98 Safari/537.36', '', 1, NULL, '2019-02-07 07:00:12', '2019-02-07 07:00:12'),
(237, 119, NULL, NULL, 'A', '43.248.36.26', 'Mozilla/5.0 (Windows NT 6.1) AppleWebKit/537.36 (KHTML, like Gecko) Chrome/71.0.3578.98 Safari/537.36', '', 1, NULL, '2019-02-07 08:13:27', '2019-02-07 08:13:27'),
(238, 118, NULL, NULL, 'A', '103.217.84.18', 'Mozilla/5.0 (Windows NT 6.1) AppleWebKit/537.36 (KHTML, like Gecko) Chrome/71.0.3578.98 Safari/537.36', '', 1, NULL, '2019-02-08 05:20:17', '2019-02-08 05:20:17'),
(239, 112, NULL, NULL, 'A', '116.73.211.80', 'Mozilla/5.0 (Windows NT 6.1; Win64; x64) AppleWebKit/537.36 (KHTML, like Gecko) Chrome/71.0.3578.98 Safari/537.36', '', 1, NULL, '2019-02-08 10:14:50', '2019-02-08 10:14:50'),
(240, 112, NULL, NULL, 'A', '116.72.21.112', 'Mozilla/5.0 (Windows NT 6.1; Win64; x64) AppleWebKit/537.36 (KHTML, like Gecko) Chrome/71.0.3578.98 Safari/537.36', '', 1, NULL, '2019-02-11 09:48:19', '2019-02-11 09:48:19'),
(241, 112, NULL, NULL, 'A', '116.72.21.112', 'Mozilla/5.0 (Windows NT 6.1; Win64; x64) AppleWebKit/537.36 (KHTML, like Gecko) Chrome/71.0.3578.98 Safari/537.36', '', 1, NULL, '2019-02-11 09:57:39', '2019-02-11 09:57:39'),
(242, 290, NULL, NULL, 'A', '49.34.114.58', 'Mozilla/5.0 (Linux; Android 8.0.0; SM-J720F) AppleWebKit/537.36 (KHTML, like Gecko) Chrome/71.0.3578.98 Mobile Safari/537.36', '', 1, NULL, '2019-02-13 11:52:38', '2019-02-13 11:52:38'),
(243, 290, NULL, NULL, 'A', '49.34.114.58', 'Mozilla/5.0 (Linux; Android 8.0.0; SM-J720F) AppleWebKit/537.36 (KHTML, like Gecko) Chrome/71.0.3578.98 Mobile Safari/537.36', '', 1, NULL, '2019-02-13 11:54:38', '2019-02-13 11:54:38'),
(244, 290, NULL, NULL, 'A', '49.34.111.158', 'Mozilla/5.0 (Linux; Android 8.0.0; SM-J720F) AppleWebKit/537.36 (KHTML, like Gecko) Chrome/71.0.3578.98 Mobile Safari/537.36', '', 1, NULL, '2019-02-13 15:29:51', '2019-02-13 15:29:51'),
(245, 1, NULL, NULL, 'A', '49.34.131.127', 'Mozilla/5.0 (Windows NT 6.1; WOW64) AppleWebKit/537.36 (KHTML, like Gecko) Chrome/72.0.3626.96 Safari/537.36', '', 1, NULL, '2019-02-14 02:54:43', '2019-02-14 02:54:43'),
(246, 349, NULL, NULL, 'A', '49.34.131.127', 'Mozilla/5.0 (Windows NT 6.1; WOW64) AppleWebKit/537.36 (KHTML, like Gecko) Chrome/72.0.3626.96 Safari/537.36', '', 1, NULL, '2019-02-14 03:41:43', '2019-02-14 03:41:43'),
(247, 1, NULL, NULL, 'A', '49.34.131.127', 'Mozilla/5.0 (Windows NT 6.1; WOW64) AppleWebKit/537.36 (KHTML, like Gecko) Chrome/72.0.3626.96 Safari/537.36', '', 1, NULL, '2019-02-14 03:42:12', '2019-02-14 03:42:12'),
(248, 1, NULL, NULL, 'A', '49.34.131.127', 'Mozilla/5.0 (Windows NT 6.1; WOW64) AppleWebKit/537.36 (KHTML, like Gecko) Chrome/72.0.3626.96 Safari/537.36', '', 1, NULL, '2019-02-14 03:48:03', '2019-02-14 03:48:03'),
(249, 1, NULL, NULL, 'A', '150.107.232.28', 'Mozilla/5.0 (Windows NT 6.2; WOW64) AppleWebKit/534.57.2 (KHTML, like Gecko) Version/5.1.7 Safari/534.57.2', '', 1, NULL, '2019-02-14 04:57:01', '2019-02-14 04:57:01'),
(250, 290, NULL, NULL, 'A', '49.34.86.169', 'Mozilla/5.0 (Linux; Android 8.0.0; SM-J720F) AppleWebKit/537.36 (KHTML, like Gecko) Chrome/71.0.3578.98 Mobile Safari/537.36', '', 1, NULL, '2019-02-14 16:15:16', '2019-02-14 16:15:16'),
(251, 112, NULL, NULL, 'A', '116.72.8.134', 'Mozilla/5.0 (Windows NT 6.1; Win64; x64) AppleWebKit/537.36 (KHTML, like Gecko) Chrome/72.0.3626.109 Safari/537.36', '', 1, NULL, '2019-02-16 11:50:03', '2019-02-16 11:50:03'),
(252, 1, NULL, NULL, 'A', '49.34.68.33', 'Mozilla/5.0 (Windows NT 6.1; WOW64) AppleWebKit/537.36 (KHTML, like Gecko) Chrome/72.0.3626.109 Safari/537.36', '', 1, NULL, '2019-02-18 01:12:09', '2019-02-18 01:12:09'),
(253, 1, NULL, NULL, 'A', '49.34.68.33', 'Mozilla/5.0 (Windows NT 6.1; WOW64) AppleWebKit/537.36 (KHTML, like Gecko) Chrome/72.0.3626.109 Safari/537.36', '', 1, NULL, '2019-02-18 01:43:22', '2019-02-18 01:43:22'),
(254, 2, NULL, NULL, 'A', '49.34.68.33', 'Mozilla/5.0 (Windows NT 6.1; WOW64) AppleWebKit/537.36 (KHTML, like Gecko) Chrome/72.0.3626.109 Safari/537.36', '', 1, NULL, '2019-02-18 01:51:47', '2019-02-18 01:51:47'),
(255, 2, NULL, NULL, 'A', '49.34.98.253', 'Mozilla/5.0 (Linux; Android 5.1.1; vivo V3 Build/LMY47V) AppleWebKit/537.36 (KHTML, like Gecko) Chrome/69.0.3497.100 Mobile Safari/537.36', '', 1, NULL, '2019-02-18 02:25:40', '2019-02-18 02:25:40'),
(256, 112, NULL, NULL, 'A', '106.79.217.140', 'Mozilla/5.0 (Linux; U; Android 7.1.1; en-in; MI MAX 2 Build/NMF26F) AppleWebKit/537.36 (KHTML, like Gecko) Version/4.0 Chrome/61.0.3163.128 Mobile Safari/537.36 XiaoMi/MiuiBrowser/10.1.2', '', 1, NULL, '2019-02-19 15:47:19', '2019-02-19 15:47:19'),
(257, 2, NULL, NULL, 'A', '106.77.159.71', 'Mozilla/5.0 (Linux; Android 8.0.0; SM-J600GF) AppleWebKit/537.36 (KHTML, like Gecko) Chrome/72.0.3626.105 Mobile Safari/537.36', '', 1, NULL, '2019-02-20 07:44:35', '2019-02-20 07:44:35'),
(258, 2, NULL, NULL, 'A', '106.77.113.43', 'Mozilla/5.0 (Linux; Android 5.1.1; vivo V3 Build/LMY47V) AppleWebKit/537.36 (KHTML, like Gecko) Chrome/69.0.3497.100 Mobile Safari/537.36', '', 1, NULL, '2019-02-20 07:47:55', '2019-02-20 07:47:55'),
(259, 113, NULL, NULL, 'A', '43.248.36.196', 'Mozilla/5.0 (Windows NT 6.1) AppleWebKit/537.36 (KHTML, like Gecko) Chrome/72.0.3626.109 Safari/537.36', '', 1, NULL, '2019-02-20 09:04:31', '2019-02-20 09:04:31'),
(260, 1, NULL, NULL, 'A', '150.107.232.40', 'Mozilla/5.0 (Windows NT 10.0; Win64; x64) AppleWebKit/537.36 (KHTML, like Gecko) Chrome/72.0.3626.109 Safari/537.36', '', 1, NULL, '2019-02-20 09:24:05', '2019-02-20 09:24:05'),
(261, 1, NULL, NULL, 'A', '150.107.232.40', 'Mozilla/5.0 (Windows NT 10.0; Win64; x64) AppleWebKit/537.36 (KHTML, like Gecko) Chrome/72.0.3626.109 Safari/537.36', '', 1, NULL, '2019-02-20 09:24:49', '2019-02-20 09:24:49'),
(262, 1, NULL, NULL, 'A', '150.107.232.40', 'Mozilla/5.0 (Windows NT 10.0; Win64; x64) AppleWebKit/537.36 (KHTML, like Gecko) Chrome/72.0.3626.109 Safari/537.36', '', 1, NULL, '2019-02-20 09:26:02', '2019-02-20 09:26:02'),
(263, 2, NULL, NULL, 'A', '106.76.87.196', 'Mozilla/5.0 (Linux; Android 8.0.0; SM-J600GF) AppleWebKit/537.36 (KHTML, like Gecko) Chrome/72.0.3626.105 Mobile Safari/537.36', '', 1, NULL, '2019-02-20 13:19:33', '2019-02-20 13:19:33'),
(264, 2, NULL, NULL, 'A', '106.77.154.182', 'Mozilla/5.0 (Linux; Android 8.0.0; SM-J600GF) AppleWebKit/537.36 (KHTML, like Gecko) Chrome/72.0.3626.105 Mobile Safari/537.36', '', 1, NULL, '2019-02-20 18:49:56', '2019-02-20 18:49:56'),
(265, 113, NULL, NULL, 'A', '43.248.37.245', 'Mozilla/5.0 (Windows NT 6.1) AppleWebKit/537.36 (KHTML, like Gecko) Chrome/72.0.3626.109 Safari/537.36', '', 1, NULL, '2019-02-21 06:15:18', '2019-02-21 06:15:18'),
(266, 112, NULL, NULL, 'A', '106.77.141.129', 'Mozilla/5.0 (Linux; Android 7.1.1; MI MAX 2) AppleWebKit/537.36 (KHTML, like Gecko) Chrome/71.0.3578.99 Mobile Safari/537.36', '', 1, NULL, '2019-02-22 15:39:43', '2019-02-22 15:39:43'),
(267, 118, NULL, NULL, 'A', '103.217.84.18', 'Mozilla/5.0 (Windows NT 6.1) AppleWebKit/537.36 (KHTML, like Gecko) Chrome/72.0.3626.109 Safari/537.36', '', 1, NULL, '2019-02-23 07:02:19', '2019-02-23 07:02:19'),
(268, 116, NULL, NULL, 'A', '106.77.146.36', 'Mozilla/5.0 (Linux; Android 7.1.1; MI MAX 2) AppleWebKit/537.36 (KHTML, like Gecko) Chrome/72.0.3626.105 Mobile Safari/537.36', '', 1, NULL, '2019-02-24 17:02:10', '2019-02-24 17:02:10'),
(269, 290, NULL, NULL, 'A', '49.34.96.143', 'Mozilla/5.0 (Linux; Android 8.0.0; SM-J720F) AppleWebKit/537.36 (KHTML, like Gecko) Chrome/72.0.3626.105 Mobile Safari/537.36', '', 1, NULL, '2019-02-25 20:24:13', '2019-02-25 20:24:13'),
(270, 268, NULL, NULL, 'A', '27.61.130.201', 'Mozilla/5.0 (Linux; Android 7.1.1; CPH1725) AppleWebKit/537.36 (KHTML, like Gecko) Chrome/72.0.3626.105 Mobile Safari/537.36', '', 1, NULL, '2019-02-27 16:20:36', '2019-02-27 16:20:36'),
(271, 112, NULL, NULL, 'A', '116.72.5.189', 'Mozilla/5.0 (Windows NT 6.1; Win64; x64) AppleWebKit/537.36 (KHTML, like Gecko) Chrome/72.0.3626.119 Safari/537.36', '', 1, NULL, '2019-03-02 07:45:18', '2019-03-02 07:45:18'),
(272, 116, NULL, NULL, 'A', '106.77.128.230', 'Mozilla/5.0 (Linux; Android 7.1.1; MI MAX 2) AppleWebKit/537.36 (KHTML, like Gecko) Chrome/72.0.3626.105 Mobile Safari/537.36', '', 1, NULL, '2019-03-04 14:26:05', '2019-03-04 14:26:05'),
(273, 1, NULL, NULL, 'A', '127.0.0.1', 'Mozilla/5.0 (Windows NT 6.1; WOW64) AppleWebKit/537.36 (KHTML, like Gecko) Chrome/72.0.3626.121 Safari/537.36', '', 1, NULL, '2019-03-07 03:14:43', '2019-03-07 03:14:43'),
(274, 1, NULL, NULL, 'A', '127.0.0.1', 'Mozilla/5.0 (Windows NT 6.1; WOW64) AppleWebKit/537.36 (KHTML, like Gecko) Chrome/72.0.3626.121 Safari/537.36', '', 1, NULL, '2019-03-07 03:16:22', '2019-03-07 03:16:22'),
(275, 1, NULL, NULL, 'A', '127.0.0.1', 'Mozilla/5.0 (Windows NT 6.1; WOW64) AppleWebKit/537.36 (KHTML, like Gecko) Chrome/72.0.3626.121 Safari/537.36', '', 1, NULL, '2019-03-07 03:17:07', '2019-03-07 03:17:07'),
(276, 1, NULL, NULL, 'A', '127.0.0.1', 'Mozilla/5.0 (Windows NT 6.1; WOW64) AppleWebKit/537.36 (KHTML, like Gecko) Chrome/72.0.3626.121 Safari/537.36', '', 1, NULL, '2019-03-07 03:17:38', '2019-03-07 03:17:38'),
(277, 1, NULL, NULL, 'A', '127.0.0.1', 'Mozilla/5.0 (Windows NT 6.1; WOW64) AppleWebKit/537.36 (KHTML, like Gecko) Chrome/72.0.3626.121 Safari/537.36', '', 1, NULL, '2019-03-09 03:43:32', '2019-03-09 03:43:32'),
(278, 1, NULL, NULL, 'A', '127.0.0.1', 'Mozilla/5.0 (Windows NT 6.1; WOW64) AppleWebKit/537.36 (KHTML, like Gecko) Chrome/72.0.3626.121 Safari/537.36', '', 1, NULL, '2019-03-09 13:05:30', '2019-03-09 13:05:30'),
(279, 1, NULL, NULL, 'A', '127.0.0.1', 'Mozilla/5.0 (Windows NT 6.1; WOW64) AppleWebKit/537.36 (KHTML, like Gecko) Chrome/72.0.3626.121 Safari/537.36', '', 1, NULL, '2019-03-13 15:44:16', '2019-03-13 15:44:16'),
(280, 1, NULL, NULL, 'A', '127.0.0.1', 'Mozilla/5.0 (Windows NT 6.1; WOW64) AppleWebKit/537.36 (KHTML, like Gecko) Chrome/72.0.3626.121 Safari/537.36', '', 1, NULL, '2019-03-14 02:50:52', '2019-03-14 02:50:52'),
(281, 115, NULL, NULL, 'A', '127.0.0.1', 'Mozilla/5.0 (Windows NT 6.1; Win64; x64; rv:65.0) Gecko/20100101 Firefox/65.0', '', 1, NULL, '2019-03-14 02:53:11', '2019-03-14 02:53:11'),
(282, 115, NULL, NULL, 'A', '127.0.0.1', 'Mozilla/5.0 (Windows NT 6.1; WOW64) AppleWebKit/537.36 (KHTML, like Gecko) Chrome/72.0.3626.121 Safari/537.36', '', 1, NULL, '2019-03-14 03:34:15', '2019-03-14 03:34:15'),
(283, 1, NULL, NULL, 'A', '127.0.0.1', 'Mozilla/5.0 (Windows NT 6.1; WOW64) AppleWebKit/537.36 (KHTML, like Gecko) Chrome/72.0.3626.121 Safari/537.36', '', 1, NULL, '2019-03-14 13:00:31', '2019-03-14 13:00:31'),
(284, 1, NULL, NULL, 'A', '127.0.0.1', 'Mozilla/5.0 (Windows NT 6.1; WOW64) AppleWebKit/537.36 (KHTML, like Gecko) Chrome/72.0.3626.121 Safari/537.36', '', 1, NULL, '2019-03-16 14:53:35', '2019-03-16 14:53:35'),
(285, 1, NULL, NULL, 'A', '127.0.0.1', 'Mozilla/5.0 (Windows NT 6.1; WOW64) AppleWebKit/537.36 (KHTML, like Gecko) Chrome/72.0.3626.121 Safari/537.36', '', 1, NULL, '2019-03-17 03:19:03', '2019-03-17 03:19:03'),
(286, 1, NULL, NULL, 'A', '127.0.0.1', 'Mozilla/5.0 (Windows NT 6.1; WOW64) AppleWebKit/537.36 (KHTML, like Gecko) Chrome/72.0.3626.121 Safari/537.36', '', 1, NULL, '2019-03-17 06:41:50', '2019-03-17 06:41:50'),
(287, 1, NULL, NULL, 'A', '127.0.0.1', 'Mozilla/5.0 (Windows NT 6.1; WOW64) AppleWebKit/537.36 (KHTML, like Gecko) Chrome/72.0.3626.121 Safari/537.36', '', 1, NULL, '2019-03-20 03:14:44', '2019-03-20 03:14:44'),
(288, 115, NULL, NULL, 'A', '127.0.0.1', 'Mozilla/5.0 (Windows NT 6.1; Win64; x64; rv:65.0) Gecko/20100101 Firefox/65.0', '', 1, NULL, '2019-03-20 04:06:55', '2019-03-20 04:06:55'),
(289, 1, NULL, NULL, 'A', '127.0.0.1', 'Mozilla/5.0 (Windows NT 6.1; WOW64) AppleWebKit/537.36 (KHTML, like Gecko) Chrome/72.0.3626.121 Safari/537.36', '', 1, NULL, '2019-03-22 14:21:53', '2019-03-22 14:21:53'),
(290, 1, NULL, NULL, 'A', '127.0.0.1', 'Mozilla/5.0 (Windows NT 6.1; WOW64) AppleWebKit/537.36 (KHTML, like Gecko) Chrome/73.0.3683.86 Safari/537.36', '', 1, NULL, '2019-03-24 04:02:39', '2019-03-24 04:02:39'),
(291, 115, NULL, NULL, 'A', '127.0.0.1', 'Mozilla/5.0 (Windows NT 6.1; WOW64) AppleWebKit/537.36 (KHTML, like Gecko) Chrome/73.0.3683.86 Safari/537.36', '', 1, NULL, '2019-03-24 04:03:09', '2019-03-24 04:03:09'),
(292, 1, NULL, NULL, 'A', '127.0.0.1', 'Mozilla/5.0 (Windows NT 6.1; WOW64) AppleWebKit/537.36 (KHTML, like Gecko) Chrome/73.0.3683.86 Safari/537.36', '', 1, NULL, '2019-03-25 03:29:10', '2019-03-25 03:29:10'),
(293, 115, NULL, NULL, 'A', '127.0.0.1', 'Mozilla/5.0 (Windows NT 6.1; Win64; x64; rv:65.0) Gecko/20100101 Firefox/65.0', '', 1, NULL, '2019-03-25 03:29:40', '2019-03-25 03:29:40'),
(294, 1, NULL, NULL, 'A', '127.0.0.1', 'Mozilla/5.0 (Windows NT 6.1; WOW64) AppleWebKit/537.36 (KHTML, like Gecko) Chrome/73.0.3683.86 Safari/537.36', '', 1, NULL, '2019-03-25 15:25:06', '2019-03-25 15:25:06'),
(295, 1, NULL, NULL, 'A', '127.0.0.1', 'Mozilla/5.0 (Windows NT 6.1; WOW64) AppleWebKit/537.36 (KHTML, like Gecko) Chrome/73.0.3683.86 Safari/537.36', '', 1, NULL, '2019-03-25 16:26:48', '2019-03-25 16:26:48'),
(296, 1, NULL, NULL, 'A', '127.0.0.1', 'Mozilla/5.0 (Windows NT 6.1; WOW64) AppleWebKit/537.36 (KHTML, like Gecko) Chrome/73.0.3683.86 Safari/537.36', '', 1, NULL, '2019-03-27 03:26:22', '2019-03-27 03:26:22'),
(297, 1, NULL, NULL, 'A', '127.0.0.1', 'Mozilla/5.0 (Windows NT 6.1; WOW64) AppleWebKit/537.36 (KHTML, like Gecko) Chrome/73.0.3683.86 Safari/537.36', '', 1, NULL, '2019-03-28 16:38:58', '2019-03-28 16:38:58'),
(298, 1, NULL, NULL, 'A', '127.0.0.1', 'Mozilla/5.0 (Windows NT 6.1; WOW64) AppleWebKit/537.36 (KHTML, like Gecko) Chrome/73.0.3683.86 Safari/537.36', '', 1, NULL, '2019-04-02 03:23:11', '2019-04-02 03:23:11'),
(299, 1, NULL, NULL, 'A', '127.0.0.1', 'Mozilla/5.0 (Windows NT 6.1; WOW64) AppleWebKit/537.36 (KHTML, like Gecko) Chrome/73.0.3683.86 Safari/537.36', '', 1, NULL, '2019-04-02 16:44:19', '2019-04-02 16:44:19'),
(300, 1, NULL, NULL, 'A', '127.0.0.1', 'Mozilla/5.0 (Windows NT 6.1; WOW64) AppleWebKit/537.36 (KHTML, like Gecko) Chrome/73.0.3683.86 Safari/537.36', '', 1, NULL, '2019-04-03 02:50:43', '2019-04-03 02:50:43'),
(301, 1, NULL, NULL, 'A', '127.0.0.1', 'Mozilla/5.0 (Windows NT 6.1; WOW64) AppleWebKit/537.36 (KHTML, like Gecko) Chrome/73.0.3683.86 Safari/537.36', '', 1, NULL, '2019-04-04 15:52:12', '2019-04-04 15:52:12'),
(302, 1, NULL, NULL, 'A', '127.0.0.1', 'Mozilla/5.0 (Windows NT 6.1; WOW64) AppleWebKit/537.36 (KHTML, like Gecko) Chrome/73.0.3683.86 Safari/537.36', '', 1, NULL, '2019-04-08 16:21:44', '2019-04-08 16:21:44'),
(303, 1, NULL, NULL, 'A', '127.0.0.1', 'Mozilla/5.0 (Windows NT 6.1; WOW64) AppleWebKit/537.36 (KHTML, like Gecko) Chrome/73.0.3683.103 Safari/537.36', '', 1, NULL, '2019-04-10 16:14:24', '2019-04-10 16:14:24'),
(304, 1, NULL, NULL, 'A', '127.0.0.1', 'Mozilla/5.0 (Windows NT 6.1; WOW64) AppleWebKit/537.36 (KHTML, like Gecko) Chrome/73.0.3683.103 Safari/537.36', '', 1, NULL, '2019-04-12 17:04:22', '2019-04-12 17:04:22'),
(305, 1, NULL, NULL, 'A', '127.0.0.1', 'Mozilla/5.0 (Windows NT 6.1; WOW64) AppleWebKit/537.36 (KHTML, like Gecko) Chrome/73.0.3683.103 Safari/537.36', '', 1, NULL, '2019-04-14 07:12:11', '2019-04-14 07:12:11'),
(306, 1, NULL, NULL, 'A', '127.0.0.1', 'Mozilla/5.0 (Windows NT 6.1; WOW64) AppleWebKit/537.36 (KHTML, like Gecko) Chrome/73.0.3683.103 Safari/537.36', '', 1, NULL, '2019-04-15 17:06:18', '2019-04-15 17:06:18'),
(307, 1, NULL, NULL, 'A', '127.0.0.1', 'Mozilla/5.0 (Windows NT 6.1; WOW64) AppleWebKit/537.36 (KHTML, like Gecko) Chrome/73.0.3683.103 Safari/537.36', '', 1, NULL, '2019-04-18 03:12:27', '2019-04-18 03:12:27'),
(308, 1, NULL, NULL, 'A', '127.0.0.1', 'Mozilla/5.0 (Windows NT 6.1; WOW64) AppleWebKit/537.36 (KHTML, like Gecko) Chrome/74.0.3729.131 Safari/537.36', '', 1, NULL, '2019-05-17 02:16:38', '2019-05-17 02:16:38');

-- --------------------------------------------------------

--
-- Table structure for table `roles`
--

DROP TABLE IF EXISTS `roles`;
CREATE TABLE IF NOT EXISTS `roles` (
  `r_id` int(11) NOT NULL AUTO_INCREMENT,
  `r_name` varchar(15) NOT NULL,
  `status` tinyint(4) NOT NULL DEFAULT '0',
  `created_date` datetime NOT NULL DEFAULT CURRENT_TIMESTAMP,
  `modified_date` timestamp NOT NULL DEFAULT CURRENT_TIMESTAMP,
  PRIMARY KEY (`r_id`)
) ENGINE=MyISAM AUTO_INCREMENT=6 DEFAULT CHARSET=latin1;

--
-- Dumping data for table `roles`
--

INSERT INTO `roles` (`r_id`, `r_name`, `status`, `created_date`, `modified_date`) VALUES
(1, 'Administrator', 1, '2018-09-16 07:14:42', '2018-09-16 07:14:42'),
(2, 'EMI Operator', 1, '2018-09-16 07:14:56', '2018-09-16 07:14:56'),
(3, 'Agent/Customer', 1, '2018-09-16 07:15:40', '2018-10-02 05:34:27'),
(5, 'Demo User', 1, '2018-10-11 03:11:38', '2018-10-11 03:11:38');

-- --------------------------------------------------------

--
-- Table structure for table `sessions`
--

DROP TABLE IF EXISTS `sessions`;
CREATE TABLE IF NOT EXISTS `sessions` (
  `sessions_id` int(11) NOT NULL AUTO_INCREMENT,
  `session_id` varchar(128) NOT NULL COMMENT 'as provided by PHP lib OR custom generated ',
  `s_ip` varchar(50) NOT NULL,
  `s_user_agent` varchar(1000) DEFAULT NULL,
  `s_user_device` varchar(255) NOT NULL,
  `s_created_time` timestamp NOT NULL DEFAULT CURRENT_TIMESTAMP,
  `s_modified_date` timestamp NOT NULL DEFAULT CURRENT_TIMESTAMP,
  PRIMARY KEY (`sessions_id`)
) ENGINE=InnoDB DEFAULT CHARSET=utf8;

-- --------------------------------------------------------

--
-- Table structure for table `skim`
--

DROP TABLE IF EXISTS `skim`;
CREATE TABLE IF NOT EXISTS `skim` (
  `skim_id` int(11) NOT NULL AUTO_INCREMENT,
  `s_name` varchar(50) NOT NULL,
  `s_status` tinyint(1) NOT NULL,
  `s_created_date` timestamp NOT NULL DEFAULT CURRENT_TIMESTAMP,
  PRIMARY KEY (`skim_id`)
) ENGINE=InnoDB AUTO_INCREMENT=2 DEFAULT CHARSET=latin1;

--
-- Dumping data for table `skim`
--

INSERT INTO `skim` (`skim_id`, `s_name`, `s_status`, `s_created_date`) VALUES
(1, 'Gokul Nagari', 1, '2018-10-18 06:12:55');

--
-- Constraints for dumped tables
--

--
-- Constraints for table `login_ip`
--
ALTER TABLE `login_ip`
  ADD CONSTRAINT `login_ip_ibfk_1` FOREIGN KEY (`sessions_id`) REFERENCES `sessions` (`sessions_id`);

/*!40101 SET CHARACTER_SET_CLIENT=@OLD_CHARACTER_SET_CLIENT */;
/*!40101 SET CHARACTER_SET_RESULTS=@OLD_CHARACTER_SET_RESULTS */;
/*!40101 SET COLLATION_CONNECTION=@OLD_COLLATION_CONNECTION */;
